X,name,year,month,province,meantemp,rain,humi,number,seq,SO2,NO2,PM10,CO,O3_8h,PM2.5,beta,sunlight,population
1,海南,2013,1,Hainan,20.01,9.46,81.44,1,1,8,21,65,0.9,73,47,0.956826898,101.66,8950000
2,海南,2013,2,Hainan,22.53,19.53,83.89,0,2,5,16,40,0.8,67,24,16.26102795,126.02,8950000
3,海南,2013,3,Hainan,24.2,55.17,81.11,0,3,4,14,44,0.7,59,22,29.6861789,179.8,8950000
4,海南,2013,4,Hainan,26.09,77.21,82.56,2,4,5,16,41,0.8,51,21,29.64115893,159.36,8950000
5,海南,2013,5,Hainan,28.31,138.29,80.67,0,5,5,16,34,0.7,57,14,28.58272833,234.88,8950000
6,海南,2013,6,Hainan,28.4,174.37,79.22,0,6,6,15,31,0.7,50,14,26.5218331,229,8950000
7,海南,2013,7,Hainan,27.68,217.33,82.89,1,7,4,13,21,0.6,32,8,26.62049662,200,8950000
8,海南,2013,8,Hainan,27.84,203.04,82.89,0,8,5,14,29,0.6,35,11,19.57961589,206.54,8950000
9,海南,2013,9,Hainan,26.79,176.05,86.11,0,9,4,12,35,0.7,46,18,28.95360574,131.56,8950000
10,海南,2013,10,Hainan,25.21,155.03,79.89,0,10,10,17,77,0.9,106,49,38.79717767,161,8950000
11,海南,2013,11,Hainan,23.6,156.59,83.11,1,11,8,15,57,0.8,76,30,31.67079502,80.44,8950000
12,海南,2013,12,Hainan,18.87,102.09,75.11,0,12,15,23,91,1,77,64,25.00492269,132.2,8950000
13,海南,2014,1,Hainan,19.1,4.21,77,2,13,8,17,75,0.8,99,50,15.19684669,187.9,9030000
14,海南,2014,2,Hainan,19.6,18.66,85.11,0,14,3,14,34,0.8,52,19,30.85595675,119.6,9030000
15,海南,2014,3,Hainan,23.56,15.42,85.89,1,15,3,14,39,0.7,53,19,16.46696229,151.76,9030000
16,海南,2014,4,Hainan,26.54,93.49,84.67,0,16,3,11,34,0.6,52,18,58.48508173,164.78,9030000
17,海南,2014,5,Hainan,28.8,135.14,81.11,2,17,3,13,27,0.6,61,13,42.87460676,267,9030000
18,海南,2014,6,Hainan,29.24,147.62,81.44,1,18,4,16,29,0.6,60,13,42.87981438,236.5,9030000
19,海南,2014,7,Hainan,28.56,223.85,83.44,0,19,4,15,25,0.6,48,11,17.62324174,257.96,9030000
20,海南,2014,8,Hainan,28.33,176.57,82.89,1,20,4,15,25,0.6,43,10,17.26731359,224.94,9030000
21,海南,2014,9,Hainan,27.52,231.07,84.67,0,21,4,16,30,0.6,56,15,27.02170793,228.48,9030000
22,海南,2014,10,Hainan,26.13,128.08,81.44,0,22,5,16,54,0.7,102,30,15.86266485,200.16,9030000
23,海南,2014,11,Hainan,24.62,92.72,84.44,0,23,4,16,40,0.7,73,21,35.18309383,147.66,9030000
24,海南,2014,12,Hainan,19.94,80.1,83.22,0,24,5,15,49,0.8,80,29,63.40448337,60.76,9030000
25,海南,2015,1,Hainan,19.21,16.03,79.89,3,25,5,18,57,0.8,93,35,58.27256134,187.56,9110000
26,海南,2015,2,Hainan,21.34,4.69,82.56,4,26,3,9,51,0.7,75,34,38.93485579,120.98,9110000
27,海南,2015,3,Hainan,24.48,14.76,82.44,0,27,3,10,34,0.6,60,17,19.51292319,180.44,9110000
28,海南,2015,4,Hainan,25.64,71.88,79.56,1,28,3,13,37,0.7,71,19,18.93610963,216,9110000
29,海南,2015,5,Hainan,29.32,71.41,79.67,0,29,3,12,29,0.6,58,14,34.30556104,283.92,9110000
30,海南,2015,6,Hainan,29.52,138.6,78.56,0,30,3,12,25,0.5,52,10,44.18722392,281.32,9110000
31,海南,2015,7,Hainan,28.14,184.1,81.56,1,31,5,15,30,0.6,66,14,46.16982282,179.12,9110000
32,海南,2015,8,Hainan,28.79,75.18,81,1,32,4,14,28,0.6,65,13,30.85187785,271.82,9110000
33,海南,2015,9,Hainan,28.08,218.73,84,0,33,4,13,28,0.7,68,14,17.34319862,213.84,9110000
34,海南,2015,10,Hainan,25.92,201.45,82.44,0,34,5,17,47,0.7,103,29,48.79424938,191.34,9110000
35,海南,2015,11,Hainan,25.63,101.5,83.44,1,35,4,9,31,0.6,73,14,49.8216182,191.44,9110000
36,海南,2015,12,Hainan,21.94,57.97,84.56,2,36,4,15,35,0.8,79,19,34.81316573,102.54,9110000
37,海南,2016,1,Hainan,20.58,89.3,88.11,0,37,4,18,32,0.8,72,18,19.03309138,NA,9170000
38,海南,2016,2,Hainan,18.82,14.59,81.56,1,38,5,13,40,0.8,85,25,17.97193401,110.6,9170000
39,海南,2016,3,Hainan,22.24,22.19,82.33,0,39,4,16,38,0.7,81,20,27.23737285,152.2,9170000
40,海南,2016,4,Hainan,27.06,56.67,81.11,0,40,4,15,39,0.6,71,20,17.65528317,NA,9170000
41,海南,2016,5,Hainan,28.54,107.5,81.22,0,41,4,13,29,0.6,70,14,24.19998627,NA,9170000
42,海南,2016,6,Hainan,29.22,156.3,81.89,0,42,4,14,24,0.6,62,9,36.37786897,252,9170000
43,海南,2016,7,Hainan,28.97,152.58,81.67,0,43,3,12,26,0.5,51,10,42.74259296,267,9170000
44,海南,2016,8,Hainan,28.27,194.93,85.78,1,44,3,15,28,0.5,56,12,36.17678001,188,9170000
45,海南,2016,9,Hainan,27.71,226.4,86.11,0,45,5,14,31,0.6,67,15,31.99825555,152.22,9170000
46,海南,2016,10,Hainan,26.39,16.78,86.39,0,46,4,12,33,0.6,74,18,43.48215347,153,9170000
47,海南,2016,11,Hainan,24.21,139.84,86,2,47,3,11,30,0.6,70,14,50.61095116,112.16,9170000
48,海南,2016,12,Hainan,22.12,55,82.22,2,48,5,12,49,0.7,100,27,35.07812035,97.6,9170000
49,海南,2017,1,Hainan,20.4,53.28,86.85,1,49,4,11,38,0.6,89,22,9.415640794,96.18,9260000
50,海南,2017,2,Hainan,19.08,29.82,84.72,0,50,4,11,34,0.6,87,22,40.06589139,105.58,9260000
51,海南,2017,3,Hainan,23.38,80.78,83.62,2,51,4,13,42,0.6,78,22,43.05118071,124.52,9260000
52,海南,2017,4,Hainan,25.44,102.04,80.37,4,52,4,12,35,0.6,84,18,53.66463781,193.72,9260000
53,海南,2017,5,Hainan,27.34,282.08,82.93,2,53,4,11,27,0.6,76,13,17.50329377,196.28,9260000
54,海南,2017,6,Hainan,29.42,128.4,78.34,2,54,4,12,25,0.5,60,11,12.79551186,250.48,9260000
55,海南,2017,7,Hainan,27.96,334.02,84.22,0,55,4,12,20,0.5,50,9,20.96409326,199.98,9260000
56,海南,2017,8,Hainan,28.82,152.44,80.34,1,56,4,12,23,0.6,53,10,19.32868338,237.44,9260000
57,海南,2017,9,Hainan,28.32,206.76,81.78,0,57,4,12,26,0.6,52,12,36.66265972,222.14,9260000
58,海南,2017,10,Hainan,25.22,329.04,81.62,0,58,6,12,38,0.6,94,23,42.32988576,156.38,9260000
59,海南,2017,11,Hainan,22.36,220.1,86.9,3,59,4,13,38,0.7,86,22,50.8541247,81.08,9260000
60,海南,2017,12,Hainan,19.14,24.82,80.3,2,60,6,13,48,0.6,99,29,35.91129329,89.5,9260000
61,海南,2018,1,Hainan,18.68,36.96,86.24,7,61,4,14,36,0.6,70,19,11.1950708,91.78,9340000
62,海南,2018,2,Hainan,18.24,8.02,79.2,0,62,5,13,46,0.6,78,30,43.80923089,123.08,9340000
63,海南,2018,3,Hainan,22.6,38.54,78.1,2,63,4,12,36,0.6,74,18,48.25430464,228.7,9340000
64,海南,2018,4,Hainan,24.51,155.7,80.56,8,64,4,11,36,0.6,64,18,55.48427021,181.04,9340000
65,海南,2018,5,Hainan,28.5,107.26,77.14,6,65,4,12,24,0.5,60,12,21.54032143,286.54,9340000
66,海南,2018,6,Hainan,28.3,381.58,81.2,2,66,4,14,26,0.6,66,12,17.48919587,183.14,9340000
67,海南,2018,7,Hainan,27.82,362.62,83.48,1,67,4,12,22,0.6,53,9,10.32403786,173.88,9340000
68,海南,2018,8,Hainan,27.4,570.3,85.58,0,68,4,14,26,0.6,64,11,20.83323242,157.56,9340000
69,海南,2018,9,Hainan,27.32,122.38,83.32,0,69,5,12,30,0.6,78,16,43.8001757,196.58,9340000
70,海南,2018,10,Hainan,25.64,146.68,78.6,2,70,5,12,44,0.7,118,24,48.3241242,222.96,9340000
71,海南,2018,11,Hainan,24.04,41.44,82.66,1,71,4,12,34,0.6,86,18,40.16274189,144.54,9340000
72,海南,2018,12,Hainan,20.74,68.86,87.76,1,72,6,12,32,0.7,69,17,23.85185406,99.68,9340000
73,海南,2019,1,Hainan,19.4,17.9,87,1,73,6,14,43,0.75,81,25,27.75153602,93.5,9450000
74,海南,2019,2,Hainan,23.4,21.1,84,2,74,5,9,27,0.48,55,14,28.46449672,157.9,9450000
75,海南,2019,3,Hainan,24.3,9.6,83,1,75,5,12,33,0.55,59,16,21.39120513,147.8,9450000
76,海南,2019,4,Hainan,28.1,39.7,77,2,76,4,13,28,0.47,72,14,13.02067156,214.5,9450000
77,海南,2019,5,Hainan,27.9,385,83,0,77,5,16,27,0.54,84,13,46.61945992,163.3,9450000
78,海南,2019,6,Hainan,30,198.6,77,2,78,5,14,23,0.48,71,10,44.60294919,209.7,9450000
79,海南,2019,7,Hainan,29.7,172.8,77,2,79,4,12,23,0.49,70,11,44.57886311,221.7,9450000
80,海南,2019,8,Hainan,26.4,523,83,0,80,5,15,23,0.57,61,11,15.47858072,170.8,9450000
81,海南,2019,9,Hainan,27.4,263.8,80,1,81,5,15,36,0.65,109,20,15.18857212,183.8,9450000
82,海南,2019,10,Hainan,26.6,144.8,77,0,82,5,9,36,0.65,106,21,57.05905408,175.6,9450000
83,海南,2019,11,Hainan,23.7,12.3,76,1,83,5,12,46,0.63,132,26,42.99250155,154,9450000
84,海南,2019,12,Hainan,20.6,10.1,76,1,84,6,13,39,0.7,110,22,43.04901732,125,9450000
85,海南,2020,1,Hainan,20.4,33.2,83,0,85,3,9,29,0.68,89,15,18.03855556,128.4,10120000
86,海南,2020,2,Hainan,20.8,11.9,83,1,86,3,5,29,0.52,84,14,17.4039604,91.4,10120000
87,海南,2020,3,Hainan,24.8,16.8,81,0,87,3,10,27,0.57,70,13,25.07867468,142.5,10120000
88,海南,2020,4,Hainan,24,82.6,82,0,88,4,10,31,0.64,89,15,26.36983034,113,10120000
89,海南,2020,5,Hainan,29.6,42.7,75,0,89,4,13,29,0.56,87,13,59.37313119,255.1,10120000
90,海南,2020,6,Hainan,30,105.6,76,3,90,3,10,20,0.44,60,8,52.34593716,220.3,10120000
91,海南,2020,7,Hainan,30,131.2,74,1,91,4,11,20,0.39,59,8,34.19344368,261.7,10120000
92,海南,2020,8,Hainan,28.4,214.5,83,0,92,3,13,20,0.46,49,9,8.211684901,177.3,10120000
93,海南,2020,9,Hainan,28.4,118.2,82,0,93,4,13,19,0.49,51,9,24.33866,158.9,10120000
94,海南,2020,10,Hainan,25.3,419.9,81,0,94,5,8,34,0.53,105,17,53.33114455,55.5,10120000
95,海南,2020,11,Hainan,23.4,28.1,79,1,95,6,12,43,0.5,116,22,46.20523886,82.8,10120000
96,海南,2020,12,Hainan,18.6,14.2,80,0,96,7,15,46,0.68,98,30,43.70223215,55.3,10120000
97,廣東,2013,1,Guangdong,13.63,6.84,71.86,176,1,28,63,106,1.5,49,78,15.39875877,123.91,106440000
98,廣東,2013,2,Guangdong,17.27,14.55,78.78,56,2,15,35,57,1.2,71,42,22.64849786,79.63,106440000
99,廣東,2013,3,Guangdong,19.55,156.45,79.03,141,3,22,46,73,1.2,84,47,31.25829741,115.9,106440000
100,廣東,2013,4,Guangdong,20.81,230.19,85.31,190,4,21,47,77,1.1,80,50,30.99896533,57.1,106440000
101,廣東,2013,5,Guangdong,25.28,196.36,86,171,5,18,34,49,0.9,79,29,26.88328975,103.48,106440000
102,廣東,2013,6,Guangdong,27.67,191.72,81.97,93,6,15,24,41,0.8,83,21,25.97774695,181.25,106440000
103,廣東,2013,7,Guangdong,27.72,189.34,82,81,7,15,24,36,0.8,73,19,25.6665373,194.71,106440000
104,廣東,2013,8,Guangdong,27.9,222.13,83.06,48,8,17,29,49,0.9,89,27,27.768172,177.88,106440000
105,廣東,2013,9,Guangdong,26.79,158.92,78.86,49,9,20,32,62,0.9,116,38,29.50816965,177.3,106440000
106,廣東,2013,10,Guangdong,23.69,7,65.92,69,10,27,40,108,1,155,71,32.69689634,217.67,106440000
107,廣東,2013,11,Guangdong,19.57,63.78,71.03,106,11,23,48,90,1.1,84,55,34.95738288,138.42,106440000
108,廣東,2013,12,Guangdong,12.65,131.27,63.61,254,12,36,57,117,1.4,63,85,32.57913234,181.39,106440000
109,廣東,2014,1,Guangdong,13.7,0.9,66.33,334,13,27,48,108,1.5,101,79,28.91074448,195.78,107240000
110,廣東,2014,2,Guangdong,13.42,42.01,78.56,108,14,16,29,56,1.3,71,41,28.67840179,82.6,107240000
111,廣東,2014,3,Guangdong,17.58,158.25,81.72,247,15,21,35,68,1.3,70,46,29.79858665,64.17,107240000
112,廣東,2014,4,Guangdong,22.7,130.46,82.11,247,16,19,29,61,1.3,90,41,31.60563339,88.12,107240000
113,廣東,2014,5,Guangdong,25.24,166.52,87.22,287,17,15,25,43,1,71,26,27.15687058,109.56,107240000
114,廣東,2014,6,Guangdong,28.26,203.19,81.97,161,18,14,21,45,0.9,89,26,26.35878862,167.9,107240000
115,廣東,2014,7,Guangdong,29.26,162.09,78.5,107,19,14,19,43,0.9,93,25,25.60761262,248.79,107240000
116,廣東,2014,8,Guangdong,28.36,172.82,80.89,74,20,15,19,38,0.9,88,22,28.05668163,223.07,107240000
117,廣東,2014,9,Guangdong,28.06,112.5,77.92,75,21,16,20,48,1,104,30,30.36250281,224.38,107240000
118,廣東,2014,10,Guangdong,24.69,19.14,68.67,109,22,21,28,82,1.1,140,55,32.24149865,224.44,107240000
119,廣東,2014,11,Guangdong,20.56,43.13,77.78,150,23,20,31,68,1.2,91,46,34.5681949,131.98,107240000
120,廣東,2014,12,Guangdong,13.39,48.27,66.94,269,24,23,38,75,1.2,74,49,33.49782742,127.01,107240000
121,廣東,2015,1,Guangdong,14.13,63.17,72.75,582,25,20,42,82,1.2,88,55,29.87328795,170.76,108490000
122,廣東,2015,2,Guangdong,16.54,25.4,76.47,193,26,13,30,74,1.1,84,52,29.32430844,96.66,108490000
123,廣東,2015,3,Guangdong,18.75,35.98,84.33,280,27,12,29,50,1,64,33,29.75356316,61.61,108490000
124,廣東,2015,4,Guangdong,22.39,88.82,77.31,430,28,13,26,52,0.9,94,32,31.03791449,155.67,108490000
125,廣東,2015,5,Guangdong,26.22,169.15,87.19,325,29,10,21,36,0.9,72,21,26.98190624,116.82,108490000
126,廣東,2015,6,Guangdong,28.87,154.13,81.19,173,30,10,16,31,0.7,70,16,25.27457249,228.74,108490000
127,廣東,2015,7,Guangdong,28.29,219.78,80.53,109,31,10,17,39,0.8,86,23,26.23674045,181.69,108490000
128,廣東,2015,8,Guangdong,28.47,173.9,79.5,81,32,13,21,47,0.9,101,28,28.60009605,212.22,108490000
129,廣東,2015,9,Guangdong,27.23,149.39,80.94,91,33,11,20,50,0.9,108,32,30.72422015,175.98,108490000
130,廣東,2015,10,Guangdong,24.3,113.29,76.64,112,34,15,27,65,0.9,109,42,32.46467029,175.4,108490000
131,廣東,2015,11,Guangdong,21.54,47.87,79.14,167,35,14,28,56,1,82,35,33.43430714,140.76,108490000
132,廣東,2015,12,Guangdong,15.33,146.35,79.64,245,36,13,30,51,1.1,54,33,31.1976322,81.4,108490000
133,廣東,2016,1,Guangdong,13.44,226.61,82.86,290,37,11,32,48,1.1,53,32,27.92675528,NA,109990000
134,廣東,2016,2,Guangdong,12.94,45.54,75.39,90,38,9,23,50,0.9,69,34,29.76287202,93.5,109990000
135,廣東,2016,3,Guangdong,16.64,179.72,83.75,215,39,12,37,60,1,75,40,31.00958828,72.9,109990000
136,廣東,2016,4,Guangdong,23.44,208.25,87.56,266,40,11,28,48,0.9,72,32,32.84712751,50.66,109990000
137,廣東,2016,5,Guangdong,26.06,196.68,83.39,246,41,10,21,44,0.8,94,27,29.19531585,142.74,109990000
138,廣東,2016,6,Guangdong,28.51,251.47,83.69,220,42,10,20,33,0.8,81,18,28.05531008,188.07,109990000
139,廣東,2016,7,Guangdong,29.13,168.39,80.69,169,43,11,19,39,0.7,90,21,27.40611295,224.16,109990000
140,廣東,2016,8,Guangdong,28.02,298.87,85.39,97,44,11,22,44,0.8,103,27,28.5626619,138.92,109990000
141,廣東,2016,9,Guangdong,27.19,146.11,80.75,126,45,11,23,48,0.9,105,30,30.16383266,135.06,109990000
142,廣東,2016,10,Guangdong,25.34,5.69,81.64,123,46,11,22,45,0.9,85,28,33.94918756,130.77,109990000
143,廣東,2016,11,Guangdong,19.59,119.19,82.03,228,47,12,33,58,1,81,37,35.18090721,110.35,109990000
144,廣東,2016,12,Guangdong,16.92,13.03,72.42,529,48,14,43,76,1.1,92,50,33.30536927,157.73,109990000
145,廣東,2017,1,Guangdong,16.17,20.41,79.77,472,49,10,34,68,1.1,87,49,30.28955397,121.18,111690000
146,廣東,2017,2,Guangdong,15.34,37.47,75.22,254,50,11,30,57,0.9,95,40,31.91271477,113.82,111690000
147,廣東,2017,3,Guangdong,18.1,117.59,83.9,755,51,11,38,63,1,75,37,33.6703628,58.2,111690000
148,廣東,2017,4,Guangdong,22.14,125.98,81.62,981,52,11,31,55,0.9,94,33,33.7866067,120.62,111690000
149,廣東,2017,5,Guangdong,25.43,200.92,82.69,1000,53,11,27,51,0.8,114,31,28.79280321,131.24,111690000
150,廣東,2017,6,Guangdong,28.05,350.35,86.05,735,54,9,19,32,0.7,69,17,26.61995131,156.21,111690000
151,廣東,2017,7,Guangdong,28.19,310.46,84.75,364,55,10,22,34,0.8,78,19,25.08460455,187.5,111690000
152,廣東,2017,8,Guangdong,28.94,205.8,81.79,198,56,10,21,38,0.7,93,21,25.74496542,220.23,111690000
153,廣東,2017,9,Guangdong,28.38,142.28,81.75,132,57,12,26,48,0.8,112,29,29.71833455,202.94,111690000
154,廣東,2017,10,Guangdong,24.31,108.69,74.01,162,58,12,26,53,0.9,112,33,34.83512111,197.78,111690000
155,廣東,2017,11,Guangdong,19.83,52.08,78.88,438,59,13,33,61,0.9,83,40,38.38671236,82.6,111690000
156,廣東,2017,12,Guangdong,15.33,4.08,64.96,1015,60,17,42,77,1,97,52,34.7079701,156.23,111690000
157,廣東,2018,1,Guangdong,13.91,109.19,76.99,1295,61,13,43,68,1,80,48,27.63680215,103.05,113460000
158,廣東,2018,2,Guangdong,14.45,17.62,71.12,241,62,10,26,60,0.8,89,44,28.60097178,100.48,113460000
159,廣東,2018,3,Guangdong,19.68,50.26,77.08,455,63,11,32,56,0.8,109,36,31.32104493,156.2,113460000
160,廣東,2018,4,Guangdong,22.4,NA,79.3,834,64,11,28,63,0.8,100,35,34.16908839,92.7,113460000
161,廣東,2018,5,Guangdong,27.62,104.85,79.67,713,65,9,21,40,0.7,103,22,29.44254106,214.09,113460000
162,廣東,2018,6,Guangdong,27.6,394.91,83.87,516,66,9,20,36,0.7,99,20,26.85386648,145.57,113460000
163,廣東,2018,7,Guangdong,28.56,230.17,83.04,314,67,9,19,35,0.7,84,18,26.19811121,196.85,113460000
164,廣東,2018,8,Guangdong,27.9,386.7,86.33,167,68,9,22,38,0.8,101,22,27.21478972,138.95,113460000
165,廣東,2018,9,Guangdong,27.08,206.25,82.15,146,69,10,22,44,0.8,109,25,30.46662456,175.43,113460000
166,廣東,2018,10,Guangdong,22.98,66.42,75.01,173,70,13,31,59,0.8,127,36,34.03326288,173.63,113460000
167,廣東,2018,11,Guangdong,20.66,64.32,81.4,368,71,12,35,59,0.9,92,37,34.21422305,121.03,113460000
168,廣東,2018,12,Guangdong,15.97,21.72,80.76,416,72,10,33,52,0.9,61,33,31.22784866,83.53,113460000
169,廣東,2019,1,Guangdong,15,2,78,353,73,7,54,69,1.19,64,48,27.61404145,100.1,115210000
170,廣東,2019,2,Guangdong,18,164.6,86,147,74,5,35,42,0.95,52,26,30.15739792,32.1,115210000
171,廣東,2019,3,Guangdong,19.4,180.7,89,261,75,6,52,52,0.88,69,29,32.0065728,57.1,115210000
172,廣東,2019,4,Guangdong,23.4,412.8,90,369,76,6,47,42,0.81,73,24,32.98405668,43.6,115210000
173,廣東,2019,5,Guangdong,24.8,349.6,86,309,77,6,39,37,0.74,92,21,29.983435,61.9,115210000
174,廣東,2019,6,Guangdong,28,459.5,84,267,78,5,34,30,0.68,101,16,28.03742153,114.3,115210000
175,廣東,2019,7,Guangdong,28.7,260.5,84,189,79,6,32,36,0.65,98,19,27.487038,136.1,115210000
176,廣東,2019,8,Guangdong,28.3,479.9,86,96,80,6,36,41,0.73,130,23,29.39664197,186.4,115210000
177,廣東,2019,9,Guangdong,26.7,104.6,79,134,81,7,41,54,0.75,153,30,32.75761504,258.3,115210000
178,廣東,2019,10,Guangdong,24.1,39.5,78,191,82,8,42,66,0.83,154,39,37.25352624,222.1,115210000
179,廣東,2019,11,Guangdong,19.5,NA,72,462,83,9,57,84,0.83,142,42,38.83138167,269.5,115210000
180,廣東,2019,12,Guangdong,16,5.6,69,1115,84,10,68,85,0.98,86,42,32.43067805,177,115210000
181,廣東,2020,1,Guangdong,15.8,22.4,76,880,85,6,44,53,0.93,80,29,21.72129197,118.7,126240000
182,廣東,2020,2,Guangdong,16.1,124.9,82,24,86,5,30,35,0.73,81,24,22.37726055,98.2,126240000
183,廣東,2020,3,Guangdong,20,151.6,84,44,87,6,39,39,0.73,66,21,26.15811863,52.1,126240000
184,廣東,2020,4,Guangdong,20,125.7,81,42,88,8,48,53,0.81,109,27,33.88021267,125.6,126240000
185,廣東,2020,5,Guangdong,27.1,545.5,84,40,89,6,33,37,0.71,114,18,30.40981417,95.7,126240000
186,廣東,2020,6,Guangdong,28.2,262.7,84,43,90,6,28,26,0.63,85,12,32.0864475,133.4,126240000
187,廣東,2020,7,Guangdong,30.3,67.5,74,47,91,6,24,28,0.58,110,12,32.0083671,207.1,126240000
188,廣東,2020,8,Guangdong,28.4,226.5,83,59,92,7,31,33,0.64,122,18,31.45861325,187.8,126240000
189,廣東,2020,9,Guangdong,27,345,88,46,93,7,39,38,0.81,108,21,32.45213103,119.5,126240000
190,廣東,2020,10,Guangdong,23.4,12.2,75,66,94,8,33,50,0.78,113,28,33.8847422,160.3,126240000
191,廣東,2020,11,Guangdong,21.2,4.4,73,103,95,9,44,62,0.83,114,32,37.40040553,195.8,126240000
192,廣東,2020,12,Guangdong,14.6,1.9,69,206,96,9,45,63,0.91,78,35,38.12308907,147.5,126240000
193,廣西,2013,1,Guangxi,11.67,28.48,79.21,22,1,26,51,131,1.7,33,103,12.48883697,28.72,47190000
194,廣西,2013,2,Guangxi,15.66,25.6,83.92,16,2,11,26,52,1.2,54,39,16.13670735,49.66,47190000
195,廣西,2013,3,Guangxi,20.49,95.38,75.75,17,3,16,32,91,1.1,84,57,22.98585259,110.04,47190000
196,廣西,2013,4,Guangxi,21.7,132.98,80.08,22,4,15,31,74,1.1,73,48,22.73637541,83.81,47190000
197,廣西,2013,5,Guangxi,25.8,188.59,80.83,24,5,11,29,57,1.1,87,33,22.32436546,127.95,47190000
198,廣西,2013,6,Guangxi,27.58,183.02,77.17,12,6,12,24,50,0.9,91,27,21.4805401,161.21,47190000
199,廣西,2013,7,Guangxi,27.99,159.67,78.21,28,7,10,19,39,0.9,68,21,19.56041239,186.11,47190000
200,廣西,2013,8,Guangxi,28,239.27,78.58,5,8,11,30,56,0.8,82,31,21.9657062,181.54,47190000
201,廣西,2013,9,Guangxi,25.74,140.95,77.75,11,9,17,37,78,1,96,47,22.03499223,149.19,47190000
202,廣西,2013,10,Guangxi,22.66,28.75,68.33,11,10,30,49,136,1.2,128,87,27.2252186,161.45,47190000
203,廣西,2013,11,Guangxi,19.15,144.7,72.17,23,11,26,50,109,1.3,80,69,26.47060065,111.86,47190000
204,廣西,2013,12,Guangxi,12.07,104.01,67.04,49,12,40,53,150,1.4,55,105,24.20365057,157.23,47190000
205,廣西,2014,1,Guangxi,13.18,6.16,70.79,40,13,37,46,154,1.6,116,117,20.39827591,138.42,47540000
206,廣西,2014,2,Guangxi,12.48,37.95,78.5,8,14,17,25,70,1.2,81,53,22.43290696,50.91,47540000
207,廣西,2014,3,Guangxi,16.78,84.08,85.71,44,15,20,27,78,1.2,62,51,23.03364128,31.89,47540000
208,廣西,2014,4,Guangxi,22.72,146.17,83.92,26,16,19,24,69,1.2,78,41,24.68110848,46.79,47540000
209,廣西,2014,5,Guangxi,25.9,172.52,80.33,25,17,18,23,72,1.2,96,39,20.53859326,127.35,47540000
210,廣西,2014,6,Guangxi,27.87,237.96,82.21,19,18,15,20,63,1.1,101,37,22.04166269,121.91,47540000
211,廣西,2014,7,Guangxi,28.34,219.93,80.92,17,19,17,19,51,0.9,82,25,21.17419783,194.71,47540000
212,廣西,2014,8,Guangxi,27.47,202.94,82.29,13,20,15,20,50,0.9,89,25,22.63968473,173.59,47540000
213,廣西,2014,9,Guangxi,27.28,134.98,78.25,12,21,18,22,61,1,102,35,24.44579618,196.6,47540000
214,廣西,2014,10,Guangxi,24.2,75.18,73.08,27,22,25,32,112,1.2,142,75,26.10042945,187.2,47540000
215,廣西,2014,11,Guangxi,19.06,88.74,80.17,32,23,24,29,83,1.2,82,55,27.46695799,79.69,47540000
216,廣西,2014,12,Guangxi,12.7,45.32,68.21,81,24,32,38,102,1.2,88,68,25.03368316,115.44,47540000
217,廣西,2015,1,Guangxi,13.64,57.6,77.12,84,25,25,33,106,1.4,73,74,22.56260637,104.71,47960000
218,廣西,2015,2,Guangxi,15.86,31.56,79.46,39,26,16,26,96,1.4,65,72,20.70463193,71.17,47960000
219,廣西,2015,3,Guangxi,18.08,41.32,84.88,31,27,15,20,61,1.2,55,42,22.54028715,42.91,47960000
220,廣西,2015,4,Guangxi,22.9,44.18,72.17,47,28,19,20,72,1.1,100,44,23.73819084,149.42,47960000
221,廣西,2015,5,Guangxi,26.85,194.07,81.71,46,29,15,16,50,1,85,28,22.73310084,125.82,47960000
222,廣西,2015,6,Guangxi,28.33,198.03,81.54,33,30,13,13,39,0.8,75,20,21.1285802,155.16,47960000
223,廣西,2015,7,Guangxi,27.42,216.91,80.25,24,31,14,14,46,0.9,85,28,21.11271058,136.25,47960000
224,廣西,2015,8,Guangxi,27.76,191.5,80.79,18,32,17,16,55,0.9,91,32,22.20959493,164.78,47960000
225,廣西,2015,9,Guangxi,26.24,212.14,84.79,18,33,16,16,50,1,80,31,23.6783056,112.24,47960000
226,廣西,2015,10,Guangxi,23.39,120.57,78.12,23,34,22,24,73,1,102,45,25.29111703,164.5,47960000
227,廣西,2015,11,Guangxi,19.95,159.28,85.04,33,35,19,21,47,1.2,60,30,25.5948217,75.98,47960000
228,廣西,2015,12,Guangxi,13.5,123.38,81.71,50,36,17,23,52,1.1,50,34,22.67277198,45.37,47960000
229,廣西,2016,1,Guangxi,12.26,137.44,83.62,30,37,16,25,57,1.2,51,39,20.66978097,NA,48380000
230,廣西,2016,2,Guangxi,12.47,20.03,70.62,10,38,17,23,73,1,78,51,23.27390034,97.26,48380000
231,廣西,2016,3,Guangxi,17.2,56.68,80.92,33,39,17,27,69,1,71,46,25.78916839,52.26,48380000
232,廣西,2016,4,Guangxi,23.62,133.09,82.08,44,40,15,20,58,1,80,36,27.25158884,72.67,48380000
233,廣西,2016,5,Guangxi,25.73,181.15,79.88,58,41,13,18,51,0.9,83,30,23.52738622,128.89,48380000
234,廣西,2016,6,Guangxi,28.32,240.1,79.96,50,42,13,14,35,0.8,76,19,22.09411143,175.7,48380000
235,廣西,2016,7,Guangxi,28.82,144.27,79.25,34,43,13,14,38,0.8,71,21,20.74795554,183.79,48380000
236,廣西,2016,8,Guangxi,28.1,246.12,80.92,19,44,13,15,43,0.8,87,26,22.65514223,161.99,48380000
237,廣西,2016,9,Guangxi,26.83,144.02,76.29,25,45,15,18,58,0.8,102,39,24.915826,140.31,48380000
238,廣西,2016,10,Guangxi,24.72,3.46,73.66,42,46,15,18,55,0.8,90,36,27.10982464,153.1,48380000
239,廣西,2016,11,Guangxi,18.56,93.98,80.29,60,47,15,22,55,0.9,65,34,27.02469562,95.99,48380000
240,廣西,2016,12,Guangxi,15.94,23.64,71.79,120,48,19,33,90,1.1,87,61,24.34525489,130.37,48380000
241,廣西,2017,1,Guangxi,14.51,71.63,79.2,85,49,16,27,90,1.2,76,68,22.71185348,70.13,48850000
242,廣西,2017,2,Guangxi,14.71,24.81,71.46,44,50,15,24,75,1,82,55,22.6771318,64.78,48850000
243,廣西,2017,3,Guangxi,16.53,143.99,83.56,87,51,14,24,58,1,58,38,23.80120801,38.18,48850000
244,廣西,2017,4,Guangxi,21.87,83.57,76.65,62,52,14,22,60,0.9,87,37,24.96492253,102.59,48850000
245,廣西,2017,5,Guangxi,24.84,204.13,77.45,92,53,14,22,53,0.9,100,32,22.62584895,157.4,48850000
246,廣西,2017,6,Guangxi,26.91,375.2,84.84,65,54,12,18,38,0.8,71,20,21.52317073,103.17,48850000
247,廣西,2017,7,Guangxi,27.46,321.85,83.64,35,55,11,17,41,0.8,74,23,19.1289631,155.42,48850000
248,廣西,2017,8,Guangxi,27.72,331.29,83.36,15,56,11,17,39,0.8,74,20,21.06938152,162.71,48850000
249,廣西,2017,9,Guangxi,27.61,133.6,81.53,14,57,14,20,50,0.9,92,28,24.53164765,182.58,48850000
250,廣西,2017,10,Guangxi,22.78,98.14,75.92,26,58,14,21,58,1,102,36,28.19597953,161.79,48850000
251,廣西,2017,11,Guangxi,17.76,68.38,79.48,52,59,15,27,70,1,77,47,29.39541037,73.94,48850000
252,廣西,2017,12,Guangxi,13.28,31.69,69.35,122,60,18,34,89,1.1,84,62,25.77387795,102.97,48850000
253,廣西,2018,1,Guangxi,12.02,66.54,78.43,109,61,16,32,84,1.2,69,58,21.85076392,41.41,49260000
254,廣西,2018,2,Guangxi,13.4,11.16,68.68,28,62,14,24,86,1,82,61,22.9184676,60.8,49260000
255,廣西,2018,3,Guangxi,19.16,93.55,78.22,66,63,15,26,69,1,90,44,25.07150462,117.72,49260000
256,廣西,2018,4,Guangxi,21.81,NA,77.27,99,64,15,23,74,0.9,90,39,26.3845621,95.79,49260000
257,廣西,2018,5,Guangxi,26.72,176.77,79.41,86,65,12,17,43,0.8,86,23,23.15221397,172.27,49260000
258,廣西,2018,6,Guangxi,26.93,270.37,81.58,64,66,10,16,40,0.9,88,22,22.86836893,136.88,49260000
259,廣西,2018,7,Guangxi,27.94,248.07,82.13,69,67,11,16,38,0.8,77,20,22.73179902,176.51,49260000
260,廣西,2018,8,Guangxi,27.53,248.69,83.42,49,68,12,17,44,0.9,89,25,22.36869094,163.61,49260000
261,廣西,2018,9,Guangxi,26.1,179.99,80.07,40,69,12,18,49,0.8,92,28,23.19251477,163.74,49260000
262,廣西,2018,10,Guangxi,21.08,92.56,78.66,32,70,14,24,61,1,100,35,26.24630475,122.67,49260000
263,廣西,2018,11,Guangxi,18.16,41.62,80.35,96,71,15,29,66,1,79,40,26.08574084,125.99,49260000
264,廣西,2018,12,Guangxi,13,52.05,83.99,82,72,12,25,51,1.1,46,34,23.92381354,51.45,49260000
265,廣西,2019,1,Guangxi,12.4,40.3,84, ,73,9,36,56,1.19,39,37,20.92566673,29.8,49600000
266,廣西,2019,2,Guangxi,14.1,57.9,88,26,74,8,23,45,1.08,36,31,23.72936658,50,49600000
267,廣西,2019,3,Guangxi,17.9,112.1,87,52,75,8,34,52,0.92,45,31,25.0154846,56,49600000
268,廣西,2019,4,Guangxi,23.8,95.9,86,57,76,7,24,47,0.78,65,25,26.52608425,105.7,49600000
269,廣西,2019,5,Guangxi,24.8,126.7,83,64,77,8,25,48,0.75,71,25,24.50331046,119.9,49600000
270,廣西,2019,6,Guangxi,27.9,289,85,81,78,6,20,34,0.68,77,16,22.85848534,145.1,49600000
271,廣西,2019,7,Guangxi,28.1,235.2,86,40,79,6,20,34,0.72,75,17,21.43901077,156.7,49600000
272,廣西,2019,8,Guangxi,28.6,210.6,82,25,80,8,24,43,0.7,98,23,23.05731854,194.3,49600000
273,廣西,2019,9,Guangxi,27.5,12.9,69,29,81,11,32,64,0.78,126,36,27.24181693,243.9,49600000
274,廣西,2019,10,Guangxi,23.8,31.4,75,78,82,10,29,56,0.83,89,31,29.39668855,155.3,49600000
275,廣西,2019,11,Guangxi,20,7,67,128,83,13,41,81,0.88,95,47,29.31709077,155.9,49600000
276,廣西,2019,12,Guangxi,15.8,3.6,64,263,84,14,43,75,0.95,65,44,23.77335161,150.7,49600000
277,廣西,2020,1,Guangxi,15.4,40.8,78,138,85,9,24,48,0.84,62,32,18.11342577,71.5,50190000
278,廣西,2020,2,Guangxi,16.5,58.5,79,14,86,7,17,46,0.76,68,35,17.7653502,62.6,50190000
279,廣西,2020,3,Guangxi,19,182.2,86,11,87,7,24,41,0.79,50,26,22.32091968,41.5,50190000
280,廣西,2020,4,Guangxi,19.7,104.9,79,20,88,10,31,52,0.8,76,29,26.52452826,87.9,50190000
281,廣西,2020,5,Guangxi,27.4,155.3,79,23,89,7,22,45,0.75,106,24,25.60679556,201.4,50190000
282,廣西,2020,6,Guangxi,28.5,119.8,83,21,90,5,17,31,0.61,75,14,24.16696754,168.5,50190000
283,廣西,2020,7,Guangxi,29.2,39.4,80,23,91,6,17,33,0.6,82,16,23.89639181,218.5,50190000
284,廣西,2020,8,Guangxi,27.6,177.3,84,17,92,7,21,32,0.55,77,16,24.43331628,169.8,50190000
285,廣西,2020,9,Guangxi,26.6,103.4,84,22,93,8,21,36,0.68,80,20,24.45456136,123.1,50190000
286,廣西,2020,10,Guangxi,22.1,88.8,75,20,94,10,25,46,0.67,79,24,26.03715561,106.6,50190000
287,廣西,2020,11,Guangxi,20.2,1,71,27,95,12,35,69,0.83,82,37,26.59747776,123.6,50190000
288,廣西,2020,12,Guangxi,13.4,1.6,67,44,96,10,35,73,0.96,71,44,27.89755499,117.6,50190000
289,雲南,2013,1,Yunnan,10.01,7.95,64.81,80,1,38,63,130,2,35,67,13.76699523,213.99,46870000
290,雲南,2013,2,Yunnan,14.69,9.55,55.03,47,2,37,31,60,1.5,88,36,19.69305113,232.06,46870000
291,雲南,2013,3,Yunnan,16.61,22.63,54.84,96,3,34,39,99,1.7,110,55,27.74009963,241.54,46870000
292,雲南,2013,4,Yunnan,18.75,40.47,57.56,222,4,29,44,100,1.7,115,53,27.68939616,220.31,46870000
293,雲南,2013,5,Yunnan,20.65,118.22,69.06,224,5,20,34,60,1,99,27,24.78080366,194.29,46870000
294,雲南,2013,6,Yunnan,22.64,120.84,69.66,193,6,21,33,54,0.9,96,27,21.59530634,189.88,46870000
295,雲南,2013,7,Yunnan,22.12,142.06,79.69,118,7,15,27,42,0.8,52,20,20.71117409,115.27,46870000
296,雲南,2013,8,Yunnan,21.48,190.8,79.44,49,8,22,33,54,0.8,67,30,22.45472416,157.83,46870000
297,雲南,2013,9,Yunnan,20.08,115.98,79.03,72,9,24,38,72,0.9,80,40,24.38785132,135.81,46870000
298,雲南,2013,10,Yunnan,16.65,104.86,78,82,10,24,43,76,1.2,70,41,25.93759592,137.94,46870000
299,雲南,2013,11,Yunnan,13.94,5.6,71.66,91,11,27,44,94,1.2,51,41,24.53990763,211.04,46870000
300,雲南,2013,12,Yunnan,8.97,43.72,72.66,91,12,27,43,97,1.7,32,58,23.15203928,180.21,46870000
301,雲南,2014,1,Yunnan,9.9,5.99,65.34,66,13,31,30,82,1.9,77,46,22.86733531,231.76,47140000
302,雲南,2014,2,Yunnan,12.33,20.1,59.31,40,14,23,27,56,1.2,82,31,25.11930242,216.33,47140000
303,雲南,2014,3,Yunnan,15.99,27.09,56.56,95,15,30,33,85,1.6,96,45,26.93642121,244.41,47140000
304,雲南,2014,4,Yunnan,19.68,25.21,54.97,112,16,29,32,94,1.9,122,52,27.7421732,248.26,47140000
305,雲南,2014,5,Yunnan,21.87,61.71,61.78,179,17,18,22,55,1.4,107,29,24.46165247,234.5,47140000
306,雲南,2014,6,Yunnan,22.7,164.18,74.34,124,18,14,19,38,1.3,81,22,23.2070847,144.78,47140000
307,雲南,2014,7,Yunnan,22.12,215.41,81.22,83,19,19,21,43,1.1,69,23,21.83531914,135.94,47140000
308,雲南,2014,8,Yunnan,21.46,180.05,81.53,63,20,22,21,41,0.9,67,23,23.54608606,115.16,47140000
309,雲南,2014,9,Yunnan,21.13,122.65,79.19,57,21,21,21,42,0.9,64,23,25.60318413,173.44,47140000
310,雲南,2014,10,Yunnan,17.65,47.84,75.75,97,22,22,23,62,1.1,68,36,26.17906492,188.18,47140000
311,雲南,2014,11,Yunnan,14.16,30.32,73.81,103,23,23,26,56,1.1,53,26,26.14694341,194.46,47140000
312,雲南,2014,12,Yunnan,10.31,7.37,71.22,107,24,25,31,71,1.4,57,40,23.84643935,188.25,47140000
313,雲南,2015,1,Yunnan,10.07,88.95,72.19,102,25,20,21,63,1.1,69,37,23.63672614,185.16,47420000
314,雲南,2015,2,Yunnan,12.21,8.6,62.25,50,26,16,17,59,1,86,37,26.43206572,218.51,47420000
315,雲南,2015,3,Yunnan,17.04,27.52,55.09,161,27,16,21,70,0.9,105,44,28.08931598,256.5,47420000
316,雲南,2015,4,Yunnan,18.03,62.42,64.97,219,28,15,16,53,0.7,96,30,29.28575215,194.59,47420000
317,雲南,2015,5,Yunnan,22.11,57.48,61.5,334,29,16,15,54,0.7,105,29,25.5199777,244.46,47420000
318,雲南,2015,6,Yunnan,23.29,103.1,70.44,285,30,11,11,32,0.6,73,17,23.77032756,174.43,47420000
319,雲南,2015,7,Yunnan,21.48,167.08,77.31,201,31,15,15,37,0.6,79,21,21.19197839,120.88,47420000
320,雲南,2015,8,Yunnan,21.14,202.18,83.03,91,32,15,14,32,0.7,60,18,21.8333636,94.18,47420000
321,雲南,2015,9,Yunnan,21.1,127,81.41,68,33,13,13,32,0.7,55,18,23.97292996,119.64,47420000
322,雲南,2015,10,Yunnan,17.37,114.88,77.69,90,34,16,16,42,0.8,68,24,26.17449084,174,47420000
323,雲南,2015,11,Yunnan,14.41,36.36,74.09,110,35,16,17,44,0.9,61,23,26.63259637,199.43,47420000
324,雲南,2015,12,Yunnan,10.49,33.48,75.88,123,36,15,19,50,0.9,61,29,24.52151822,151.91,47420000
325,雲南,2016,1,Yunnan,9.09,24.43,69.34,110,37,16,20,51,0.9,71,30,23.42358268,NA,47710000
326,雲南,2016,2,Yunnan,10.92,31.4,68.81,49,38,13,15,54,0.9,82,37,26.08458062,134.59,47710000
327,雲南,2016,3,Yunnan,15.71,21.31,60.59,133,39,14,19,64,0.9,104,37,27.60747209,199.15,47710000
328,雲南,2016,4,Yunnan,18.66,75.08,64.66,187,40,13,18,61,0.8,105,32,28.9678375,158.46,47710000
329,雲南,2016,5,Yunnan,20.59,114.46,69.31,209,41,12,14,45,0.7,94,24,26.01921896,168.01,47710000
330,雲南,2016,6,Yunnan,22.02,168.58,78.16,258,42,11,11,29,0.6,65,16,23.79309205,113.2,47710000
331,雲南,2016,7,Yunnan,21.87,206.79,81.62,144,43,11,11,27,0.6,50,14,22.44064096,97.12,47710000
332,雲南,2016,8,Yunnan,22.18,176.29,80.59,69,44,15,14,34,0.7,76,19,23.88876839,NA,47710000
333,雲南,2016,9,Yunnan,20.5,137.76,81.62,114,45,14,15,38,0.7,67,22,25.75789772,96.42,47710000
334,雲南,2016,10,Yunnan,18.92,2.77,79.19,121,46,14,16,38,0.9,66,21,27.18695101,143.29,47710000
335,雲南,2016,11,Yunnan,14.37,64.83,76.62,128,47,14,19,41,0.9,65,21,26.2896027,166.72,47710000
336,雲南,2016,12,Yunnan,11.54,5.05,74.47,179,48,15,23,54,1,67,29,24.63559241,NA,47710000
337,雲南,2017,1,Yunnan,10.7,26.1,68.14,119,49,14,19,46,0.9,74,27,23.07830935,194.04,48010000
338,雲南,2017,2,Yunnan,11.74,23.05,65.06,52,50,13,20,54,0.9,95,34,24.96456211,172.06,48010000
339,雲南,2017,3,Yunnan,14.19,57.67,65.22,103,51,13,22,61,0.9,110,36,28.19974261,162.18,48010000
340,雲南,2017,4,Yunnan,17.04,94.55,69.45,179,52,12,19,56,0.8,109,33,30.0853098,161.72,48010000
341,雲南,2017,5,Yunnan,19.64,74.71,68.18,284,53,13,18,50,0.8,110,27,27.44772595,196.45,48010000
342,雲南,2017,6,Yunnan,21.84,140.39,74.8,280,54,11,15,33,0.7,79,15,24.61599054,140.57,48010000
343,雲南,2017,7,Yunnan,21,276.94,82.99,201,55,12,16,36,0.7,66,17,22.12777065,103.4,48010000
344,雲南,2017,8,Yunnan,21.52,233.37,82.66,82,56,13,16,33,0.8,64,15,23.37765497,121.16,48010000
345,雲南,2017,9,Yunnan,21.07,127.34,81.47,96,57,12,15,34,0.8,60,15,25.6172544,132.57,48010000
346,雲南,2017,10,Yunnan,17.87,101.06,82,124,58,11,18,36,0.8,62,18,28.18869214,137.19,48010000
347,雲南,2017,11,Yunnan,13.44,31.41,75.09,171,59,14,24,50,0.9,71,25,27.57954431,184.83,48010000
348,雲南,2017,12,Yunnan,10.39,8.51,72.31,213,60,15,26,60,0.9,70,31,24.99181618,188.98,48010000
349,雲南,2018,1,Yunnan,9.6,27,68.48,149,61,12,22,52,0.9,73,27,23.14350887,192.41,48300000
350,雲南,2018,2,Yunnan,11.27,9.2,62.53,58,62,12,18,60,0.9,97,35,26.04404922,189.1,48300000
351,雲南,2018,3,Yunnan,14.83,44.29,62.29,159,63,12,22,70,0.9,120,40,28.88191696,223.15,48300000
352,雲南,2018,4,Yunnan,17.75,NA,63.2,254,64,11,19,68,0.8,122,35,30.74226774,200.69,48300000
353,雲南,2018,5,Yunnan,20.21,109.1,69.77,377,65,10,16,48,0.6,101,22,27.25573183,181.19,48300000
354,雲南,2018,6,Yunnan,21.08,211.62,81.33,377,66,9,14,33,0.6,72,14,24.83339725,98.53,48300000
355,雲南,2018,7,Yunnan,21.91,220.06,81.72,257,67,10,14,29,0.7,68,13,22.2337228,114,48300000
356,雲南,2018,8,Yunnan,21.26,249,83.18,109,68,12,16,37,0.8,80,19,23.30853942,115.13,48300000
357,雲南,2018,9,Yunnan,20.24,99.67,83.01,107,69,10,14,34,0.8,65,18,25.77260338,111.92,48300000
358,雲南,2018,10,Yunnan,16.14,94.53,80.29,157,70,10,16,39,0.7,68,21,27.86721761,129.41,48300000
359,雲南,2018,11,Yunnan,12.88,6.34,71.34,179,71,13,21,54,0.8,79,27,27.30490042,223.36,48300000
360,雲南,2018,12,Yunnan,10.9,44.33,71.84,202,72,11,21,50,0.9,67,25,24.34330068,181.58,48300000
361,雲南,2019,1,Yunnan,9.9,31.7,70,131,73,13,35,43,1,68,23,22.99096593,235.1,48580000
362,雲南,2019,2,Yunnan,12.9,5.7,52,49,74,14,25,42,0.73,86,26,26.20088988,256.9,48580000
363,雲南,2019,3,Yunnan,14.6,4.5,53,134,75,14,34,61,0.74,105,36,29.10363823,269.4,48580000
364,雲南,2019,4,Yunnan,19,7.1,50,220,76,14,35,65,0.72,130,40,30.77317005,265,48580000
365,雲南,2019,5,Yunnan,22.3,20.1,51,282,77,11,26,56,0.62,132,31,27.39353061,257.6,48580000
366,雲南,2019,6,Yunnan,22.2,94.1,69,298,78,9,24,28,0.57,88,15,25.01022976,160,48580000
367,雲南,2019,7,Yunnan,20.8,279.5,83,210,79,8,24,26,0.56,69,14,23.09398507,78.2,48580000
368,雲南,2019,8,Yunnan,21.3,120.7,76,91,80,11,30,38,0.58,111,22,24.55238723,183.2,48580000
369,雲南,2019,9,Yunnan,18.4,186.1,75,128,81,9,30,35,0.59,83,22,26.6267709,128,48580000
370,雲南,2019,10,Yunnan,17,74.2,76,160,82,10,31,36,0.68,74,20,28.41703573,155.8,48580000
371,雲南,2019,11,Yunnan,14,7.5,73,188,83,12,35,51,0.78,64,28,26.73661658,173.9,48580000
372,雲南,2019,12,Yunnan,7.9,9,69,187,84,12,40,65,0.93,62,36,24.27496617,230.2,48580000
373,雲南,2020,1,Yunnan,9.9,61.5,63,110,85,10,26,36,0.7,72,23,21.95107104,241,47220000
374,雲南,2020,2,Yunnan,11,24.2,64,40,86,8,14,40,0.65,97,33,22.2150592,252,47220000
375,雲南,2020,3,Yunnan,16,5.3,49,37,87,9,30,60,0.7,115,38,24.21147553,324.4,47220000
376,雲南,2020,4,Yunnan,16.1,45.3,58,30,88,9,30,58,0.73,113,36,27.27842896,290.4,47220000
377,雲南,2020,5,Yunnan,20.6,22.9,56,45,89,10,26,45,0.64,114,23,28.04792316,333,47220000
378,雲南,2020,6,Yunnan,22.5,122.8,66,53,90,9,19,30,0.64,79,14,28.64919834,313.7,47220000
379,雲南,2020,7,Yunnan,20.6,379.8,81,76,91,8,21,27,0.52,60,12,27.36322427,276.1,47220000
380,雲南,2020,8,Yunnan,20.8,258,83,63,92,7,21,29,0.5,67,13,27.63848754,284.3,47220000
381,雲南,2020,9,Yunnan,19.4,95.4,86,88,93,8,23,31,0.64,60,15,27.29435398,246.3,47220000
382,雲南,2020,10,Yunnan,16.5,26.9,78,92,94,8,26,38,0.67,61,19,28.43831772,245,47220000
383,雲南,2020,11,Yunnan,13.5,6.6,70,118,95,12,35,58,0.81,73,30,27.9457781,245.3,47220000
384,雲南,2020,12,Yunnan,10.7,8.7,69,152,96,10,33,52,0.84,56,29,28.49477141,229.8,47220000
385,福建,2013,1,Fujian,9.72,13.47,76.5,19,1,15,50,72,1,43,48,16.66907673,112.82,37740000
386,福建,2013,2,Fujian,12.96,68.96,82.79,8,2,10,39,59,0.9,64,39,23.55445206,56.21,37740000
387,福建,2013,3,Fujian,15.66,115.83,76,23,3,16,48,77,0.9,72,44,31.58290301,140.51,37740000
388,福建,2013,4,Fujian,17.66,162.63,78,29,4,17,49,87,1,76,48,31.20151872,90.42,37740000
389,福建,2013,5,Fujian,22.92,249.27,82.36,26,5,13,42,57,0.7,70,30,27.61911762,99.46,37740000
390,福建,2013,6,Fujian,25.82,204.35,82.32,24,6,13,41,51,0.7,83,26,26.65297774,128.34,37740000
391,福建,2013,7,Fujian,27.68,126.7,74.75,15,7,14,37,48,0.6,76,20,27.61446369,247.35,37740000
392,福建,2013,8,Fujian,27.83,179.51,76.18,16,8,14,37,50,0.8,77,22,26.95498753,211.06,37740000
393,福建,2013,9,Fujian,25.59,70.61,73.07,16,9,11,31,47,0.6,81,23,27.27799557,178.41,37740000
394,福建,2013,10,Fujian,20.85,26.73,66.54,7,10,13,35,64,0.6,99,33,30.30572464,215.35,37740000
395,福建,2013,11,Fujian,15.94,79.26,74.68,22,11,16,46,72,0.8,78,36,32.88154716,139.47,37740000
396,福建,2013,12,Fujian,9.5,105.31,69.71,35,12,21,49,82,0.8,66,55,33.24007502,153.31,37740000
397,福建,2014,1,Fujian,9.74,7.02,69.04,50,13,19,48,93,0.9,73,58,27.93299447,181.17,38060000
398,福建,2014,2,Fujian,10.43,98.35,79.39,21,14,10,34,47,0.8,63,29,28.78716256,84.53,38060000
399,福建,2014,3,Fujian,13.96,138.52,80.39,39,15,15,46,83,0.9,79,42,29.00940556,90.86,38060000
400,福建,2014,4,Fujian,19.39,139,78.71,40,16,13,37,74,0.9,91,37,30.6272934,113.09,38060000
401,福建,2014,5,Fujian,22.02,263.6,84.64,43,17,9,34,70,1,86,38,27.95887502,62.84,38060000
402,福建,2014,6,Fujian,25.84,232.67,82.07,35,18,8,22,56,0.7,77,27,26.20556374,122.65,38060000
403,福建,2014,7,Fujian,28.37,182.47,77.54,24,19,10,20,52,0.7,73,24,24.62519931,240.84,38060000
404,福建,2014,8,Fujian,27.32,180.66,81.54,9,20,11,28,62,0.7,91,30,26.96755825,190.66,38060000
405,福建,2014,9,Fujian,26.69,80.08,78.89,16,21,8,21,54,0.6,88,26,28.85546685,182.52,38060000
406,福建,2014,10,Fujian,21.46,8.41,70.07,15,22,10,23,65,0.6,103,34,32.21983997,222.44,38060000
407,福建,2014,11,Fujian,17.49,41.55,78.71,24,23,10,32,61,0.7,77,34,33.26604041,102.4,38060000
408,福建,2014,12,Fujian,9.99,33.22,67.29,46,24,12,37,67,0.7,69,39,34.36035047,138.77,38060000
409,福建,2015,1,Fujian,10.14,50.66,72.79,108,25,20,36,76,1.1,70,50,30.35580465,136.09,38390000
410,福建,2015,2,Fujian,11.96,43.56,76.86,53,26,12,25,62,1,72,42,28.63866303,90.49,38390000
411,福建,2015,3,Fujian,14.52,122.45,81.71,50,27,11,26,52,0.9,72,31,29.32657979,81.61,38390000
412,福建,2015,4,Fujian,19.1,103.35,74.86,90,28,13,28,61,0.9,89,34,31.14774283,136.68,38390000
413,福建,2015,5,Fujian,22.59,203.34,85.75,101,29,9,26,52,0.9,79,28,28.69194453,72.84,38390000
414,福建,2015,6,Fujian,26.71,166.42,83.18,65,30,8,20,45,0.7,73,21,25.46702432,149.55,38390000
415,福建,2015,7,Fujian,26.66,193.55,81.86,38,31,9,19,40,0.7,69,20,24.5937302,149.76,38390000
416,福建,2015,8,Fujian,26.43,229.31,82.32,22,32,9,20,39,0.7,72,20,26.72506084,159.59,38390000
417,福建,2015,9,Fujian,24.36,209.91,82.75,21,33,9,20,44,0.8,85,24,29.07180451,122.95,38390000
418,福建,2015,10,Fujian,21.58,72.81,78.39,31,34,11,23,50,0.8,83,28,30.41881375,145.45,38390000
419,福建,2015,11,Fujian,18.41,98.28,83.46,29,35,11,27,45,0.8,60,25,32.30985556,92.28,38390000
420,福建,2015,12,Fujian,12.59,180.65,82.43,50,36,11,30,48,0.9,48,27,30.93061946,56.31,38390000
421,福建,2016,1,Fujian,10.03,203.68,83.25,79,37,11,32,51,1,47,33,29.57955331,NA,38740000
422,福建,2016,2,Fujian,9.93,69.19,75.82,31,38,9,20,55,0.8,70,34,30.22306494,99.71,38740000
423,福建,2016,3,Fujian,13.06,191.42,79.89,85,39,10,34,61,1,78,39,29.96831537,90.59,38740000
424,福建,2016,4,Fujian,19.88,237.57,87.04,82,40,10,31,54,1,79,31,30.5875812,50.94,38740000
425,福建,2016,5,Fujian,23.4,183.11,83.32,64,41,9,22,49,0.8,83,26,26.55026923,111.88,38740000
426,福建,2016,6,Fujian,26.52,257.4,84.11,47,42,8,20,39,0.8,72,19,27.22773135,134.18,38740000
427,福建,2016,7,Fujian,27.9,165.29,79.25,39,43,10,19,43,0.7,82,21,26.9294917,212.19,38740000
428,福建,2016,8,Fujian,27.44,191.88,80.18,34,44,10,20,42,0.7,84,21,27.07028037,174.3,38740000
429,福建,2016,9,Fujian,25.23,260.6,80.75,20,45,9,19,40,0.7,86,22,28.86295998,111.94,38740000
430,福建,2016,10,Fujian,23.26,4.23,84.21,31,46,8,22,38,0.7,65,19,30.54589003,69.59,38740000
431,福建,2016,11,Fujian,17.04,154.11,83.54,38,47,11,30,50,0.8,63,27,32.75495297,73.88,38740000
432,福建,2016,12,Fujian,13.34,25.36,76.5,59,48,13,35,63,0.9,66,35,31.36125211,123.65,38740000
433,福建,2017,1,Fujian,12.31,40.4,79.72,74,49,12,30,56,0.9,67,37,31.01426633,96.48,39110000
434,福建,2017,2,Fujian,11.55,50.48,72.76,69,50,10,29,50,0.8,87,34,31.12312222,120.45,39110000
435,福建,2017,3,Fujian,13.59,213.36,82.34,112,51,11,37,56,0.8,87,33,31.87284596,61.61,39110000
436,福建,2017,4,Fujian,18.79,154.42,77.38,149,52,11,32,58,0.8,105,31,32.74848543,141.48,39110000
437,福建,2017,5,Fujian,22.88,113.02,76.69,218,53,9,24,46,0.8,108,24,30.06747147,152.69,39110000
438,福建,2017,6,Fujian,24.62,474.06,88.85,218,54,7,20,31,0.7,74,16,26.29883561,88.42,39110000
439,福建,2017,7,Fujian,28.18,151.59,75.94,79,55,9,19,39,0.6,88,18,24.16301853,256.36,39110000
440,福建,2017,8,Fujian,28.14,147.41,78.88,43,56,8,20,43,0.7,101,22,25.62162896,235.77,39110000
441,福建,2017,9,Fujian,27.19,65.05,76.06,44,57,9,20,46,0.7,112,24,29.39548908,217.01,39110000
442,福建,2017,10,Fujian,22.11,29.56,70.66,51,58,9,21,46,0.7,102,24,31.47250877,180.99,39110000
443,福建,2017,11,Fujian,16.92,63.9,78.36,78,59,11,29,50,0.7,80,29,32.70903748,76.22,39110000
444,福建,2017,12,Fujian,11.04,12.46,69.21,103,60,12,33,60,0.8,83,37,31.0742142,148.44,39110000
445,福建,2018,1,Fujian,10.06,144.91,76.96,155,61,11,32,48,0.8,69,30,27.68690721,98.74,39410000
446,福建,2018,2,Fujian,10.08,34.49,72.89,46,62,10,23,57,0.7,87,38,29.70710865,111.28,39410000
447,福建,2018,3,Fujian,15.61,104.97,74.94,107,63,10,30,53,0.8,98,32,30.99497558,162.61,39410000
448,福建,2018,4,Fujian,19.84,118.6,75.06,163,64,10,28,70,0.8,114,37,32.75997721,127.42,39410000
449,福建,2018,5,Fujian,24.97,160.26,78.63,156,65,9,22,50,0.7,117,26,28.21376391,173.54,39410000
450,福建,2018,6,Fujian,25.45,238.62,81.64,107,66,8,18,37,0.7,103,19,27.90655562,131.31,39410000
451,福建,2018,7,Fujian,27.95,114.2,76.95,97,67,9,18,40,0.6,89,19,27.29604074,223.63,39410000
452,福建,2018,8,Fujian,27.42,253.55,80.69,90,68,8,19,37,0.7,95,19,27.53467291,183.86,39410000
453,福建,2018,9,Fujian,25.68,107.85,77.48,46,69,8,19,40,0.7,101,20,29.81854352,186.34,39410000
454,福建,2018,10,Fujian,19.68,71.22,73.54,96,70,10,25,51,0.7,120,28,31.05520322,154.84,39410000
455,福建,2018,11,Fujian,17.03,128.82,83.27,112,71,9,28,42,0.8,72,24,32.77907576,89.16,39410000
456,福建,2018,12,Fujian,12.5,40.33,82.21,136,72,9,30,45,0.8,59,26,28.7821653,71.06,39410000
457,福建,2019,1,Fujian,12.5,5.3,77,131,73,5,33,48,0.8,66,30,27.05714334,92.8,39730000
458,福建,2019,2,Fujian,12.4,90.8,85,47,74,4,21,34,0.68,64,24,28.86330341,28.9,39730000
459,福建,2019,3,Fujian,15.1,185.5,79,99,75,5,28,47,0.65,97,28,30.37497067,100.2,39730000
460,福建,2019,4,Fujian,20.1,176.8,79,117,76,5,27,54,0.73,99,29,31.96936387,99.6,39730000
461,福建,2019,5,Fujian,22,121.3,72,116,77,5,22,48,0.63,103,25,28.06275775,99.2,39730000
462,福建,2019,6,Fujian,25.8,327.4,84,90,78,4,19,35,0.62,93,20,26.68835891,109.5,39730000
463,福建,2019,7,Fujian,29,283.1,78,51,79,4,17,37,0.55,86,18,26.97084537,168.6,39730000
464,福建,2019,8,Fujian,29.2,78,72,44,80,4,13,32,0.6,86,17,28.76535775,174.6,39730000
465,福建,2019,9,Fujian,27.3,11.3,62,55,81,4,14,36,0.68,111,18,31.3347364,219.7,39730000
466,福建,2019,10,Fujian,23.1,28.5,65,65,82,5,17,49,0.72,122,27,33.3183927,166.9,39730000
467,福建,2019,11,Fujian,18.6,0.1,61,130,83,6,22,48,0.6,102,24,33.11417179,177,39730000
468,福建,2019,12,Fujian,14.4,38.1,70,177,84,5,33,46,0.65,75,28,29.447286,136.3,39730000
469,福建,2020,1,Fujian,13.4,28.2,74,116,85,5,23,37,0.74,72,28,22.89320918,116.5,41610000
470,福建,2020,2,Fujian,13.6,65.2,74,22,86,4,14,32,0.68,90,23,21.09903521,125.7,41610000
471,福建,2020,3,Fujian,15.7,262.8,80,9,87,5,26,35,0.71,84,24,25.33154041,82,41610000
472,福建,2020,4,Fujian,17.8,63.9,66,11,88,5,27,48,0.65,118,27,31.90944168,165.5,41610000
473,福建,2020,5,Fujian,24.7,262.6,81,23,89,4,24,41,0.69,108,21,33.12754814,134.5,41610000
474,福建,2020,6,Fujian,28.8,224.1,79,29,90,4,21,38,0.56,98,16,30.589216,185.5,41610000
475,福建,2020,7,Fujian,30.7,81.7,70,20,91,5,18,42,0.58,88,16,28.582266,217.5,41610000
476,福建,2020,8,Fujian,30.1,80,70,20,92,5,16,34,0.72,73,14,28.30916338,195.3,41610000
477,福建,2020,9,Fujian,26,119.4,78,18,93,4,19,35,0.78,102,18,30.12575156,112.4,41610000
478,福建,2020,10,Fujian,22.3,5.6,64,18,94,5,16,38,0.68,101,17,32.86594999,152.6,41610000
479,福建,2020,11,Fujian,20.5,0.5,67,40,95,5,20,41,0.69,83,20,32.77406835,120.5,41610000
480,福建,2020,12,Fujian,13.9,16.5,72,57,96,5,24,36,0.66,68,23,33.010775,54.4,41610000
481,貴州,2013,1,Guizhou,5.49,12.65,80.26,40,1,85,41,116,1.1,36,85,12.03861539,53.31,35020000
482,貴州,2013,2,Guizhou,9.77,16.71,79.71,18,2,37,24,59,1,47,44,17.10525595,77.49,35020000
483,貴州,2013,3,Guizhou,15,66.58,71.17,36,3,32,36,109,0.9,80,73,23.85937506,130.91,35020000
484,貴州,2013,4,Guizhou,16.25,100.18,77.31,57,4,20,31,79,0.8,65,52,24.38928243,101.68,35020000
485,貴州,2013,5,Guizhou,20.31,174.4,78.31,62,5,16,31,63,0.7,76,42,22.18176404,126.71,35020000
486,貴州,2013,6,Guizhou,23.64,158.2,75.8,58,6,16,31,57,0.7,85,35,20.39154326,170.86,35020000
487,貴州,2013,7,Guizhou,25.82,42.59,71.29,36,7,10,21,36,0.5,54,16,19.44679693,181.52,35020000
488,貴州,2013,8,Guizhou,24.66,130.91,74.83,22,8,13,27,54,0.6,65,29,20.55872335,166.85,35020000
489,貴州,2013,9,Guizhou,20.49,105.84,78.66,21,9,18,31,66,0.7,82,44,23.43662439,130.76,35020000
490,貴州,2013,10,Guizhou,15.79,60.61,78.43,42,10,22,41,91,0.9,77,67,24.16663743,108.87,35020000
491,貴州,2013,11,Guizhou,12.86,42.09,80.69,53,11,28,34,69,0.9,51,47,23.0220896,69.21,35020000
492,貴州,2013,12,Guizhou,6.29,35.23,75.57,37,12,61,44,119,1,45,94,20.19146039,63.81,35020000
493,貴州,2014,1,Guizhou,7.25,12.53,73.23,31,13,69,47,136,1.2,65,103,19.49537689,112.71,35080000
494,貴州,2014,2,Guizhou,5.98,33.25,80.17,12,14,34,26,69,0.9,57,55,22.89909879,51.17,35080000
495,貴州,2014,3,Guizhou,12.02,78.72,80.14,34,15,30,33,86,0.9,70,53,24.53525933,80.18,35080000
496,貴州,2014,4,Guizhou,17.34,85.48,80.51,50,16,17,29,84,0.7,75,48,26.24954443,93.46,35080000
497,貴州,2014,5,Guizhou,19.42,152.54,80.23,65,17,16,32,90,0.7,73,51,23.29345362,83.13,35080000
498,貴州,2014,6,Guizhou,22.19,187.2,85.29,76,18,12,28,69,0.7,68,44,21.44154601,50.65,35080000
499,貴州,2014,7,Guizhou,24.22,218.16,81.86,44,19,11,24,56,0.5,71,30,19.73530649,159.71,35080000
500,貴州,2014,8,Guizhou,23.64,167.96,79.46,24,20,10,23,60,0.5,78,32,20.51622505,155.72,35080000
501,貴州,2014,9,Guizhou,22.45,131.53,79.71,24,21,11,23,59,0.6,73,35,23.10441133,140.08,35080000
502,貴州,2014,10,Guizhou,18.13,88.41,79.57,38,22,14,32,92,0.7,80,60,24.82437442,130.71,35080000
503,貴州,2014,11,Guizhou,11.73,68.59,85.89,51,23,18,29,65,0.7,40,39,24.87318279,35.41,35080000
504,貴州,2014,12,Guizhou,6.58,13.02,75.06,70,24,45,40,112,0.9,55,70,22.94091622,64.54,35080000
505,貴州,2015,1,Guizhou,7.41,33.68,80.44,62,25,36,30,82,1.2,56,55,22.01577156,53.54,35300000
506,貴州,2015,2,Guizhou,9.14,22.76,78.38,38,26,28,22,63,1.1,65,41,22.72456503,72.09,35300000
507,貴州,2015,3,Guizhou,12.81,32.88,79.29,70,27,26,21,57,0.8,73,35,24.07610468,85.39,35300000
508,貴州,2015,4,Guizhou,17.56,65.55,70.74,74,28,23,22,60,0.7,90,32,25.30692413,137.28,35300000
509,貴州,2015,5,Guizhou,20.99,186.08,79.18,129,29,17,19,49,0.7,79,27,23.17173128,119.69,35300000
510,貴州,2015,6,Guizhou,23.44,186.07,82.21,99,30,14,16,35,0.6,67,18,21.26139038,98.84,35300000
511,貴州,2015,7,Guizhou,23.11,155.28,78.57,62,31,15,21,51,0.6,90,27,19.40884599,122.88,35300000
512,貴州,2015,8,Guizhou,22.7,191.31,81.97,27,32,14,21,45,0.6,77,24,21.7464074,122.29,35300000
513,貴州,2015,9,Guizhou,20.85,130.27,85.82,47,33,15,20,42,0.6,67,25,23.6152028,56.12,35300000
514,貴州,2015,10,Guizhou,17.59,107.27,81,52,34,17,24,59,0.7,80,33,25.25253584,122.79,35300000
515,貴州,2015,11,Guizhou,13.77,51.6,83.68,76,35,19,21,45,0.8,52,26,23.29563518,81.69,35300000
516,貴州,2015,12,Guizhou,7.12,59.13,84.09,64,36,28,24,55,0.8,49,35,22.23506998,36.14,35300000
517,貴州,2016,1,Guizhou,5.7,31.26,83.79,50,37,22,23,56,1,50,36,21.31600677,NA,35550000
518,貴州,2016,2,Guizhou,7.31,14.68,70.97,34,38,23,22,65,0.9,74,46,23.61850604,81.94,35550000
519,貴州,2016,3,Guizhou,12.3,69.77,78.26,57,39,19,25,63,0.8,75,39,24.85454231,68.71,35550000
520,貴州,2016,4,Guizhou,17.45,146.13,81.56,87,40,14,24,51,0.8,73,27,25.2906347,81.59,35550000
521,貴州,2016,5,Guizhou,20.12,174.38,79.47,81,41,12,19,53,0.7,85,27,23.10663819,NA,35550000
522,貴州,2016,6,Guizhou,23.49,217.74,80.21,91,42,11,17,40,0.6,76,20,21.00649901,111.48,35550000
523,貴州,2016,7,Guizhou,25.42,166.42,77.56,38,43,10,17,34,0.6,74,16,21.16301445,171.09,35550000
524,貴州,2016,8,Guizhou,24.13,188.69,81.12,36,44,14,21,43,0.7,86,23,22.32821725,145.63,35550000
525,貴州,2016,9,Guizhou,21.29,62.76,77.06,39,45,16,23,60,0.7,97,35,24.98216149,80.29,35550000
526,貴州,2016,10,Guizhou,18.01,3.23,80.63,64,46,14,21,51,0.7,64,28,25.04857387,83.79,35550000
527,貴州,2016,11,Guizhou,12.32,58.72,83.38,66,47,18,24,53,0.9,49,30,24.28444722,71.59,35550000
528,貴州,2016,12,Guizhou,8.87,20.51,80.18,82,48,26,31,81,1.1,51,50,22.0904517,66.41,35550000
529,貴州,2017,1,Guizhou,8.24,18.61,80.74,42,49,19,24,67,1.1,50,45,22.67710633,34.89,35800000
530,貴州,2017,2,Guizhou,8.51,27.58,75.9,47,50,19,22,58,1,63,38,24.02936167,56.3,35800000
531,貴州,2017,3,Guizhou,10.91,51.21,80.46,69,51,20,25,52,0.8,64,30,26.31694297,44.38,35800000
532,貴州,2017,4,Guizhou,17.55,63.1,72.19,112,52,13,22,57,0.8,92,28,25.32570252,114.69,35800000
533,貴州,2017,5,Guizhou,20.11,100.22,72.55,117,53,10,21,46,0.6,97,23,23.61671981,147.45,35800000
534,貴州,2017,6,Guizhou,21.62,329.63,84.19,95,54,8,19,33,0.7,71,17,21.57270085,69.9,35800000
535,貴州,2017,7,Guizhou,24.68,134.16,76.92,64,55,8,17,39,0.6,74,17,21.45441154,178.44,35800000
536,貴州,2017,8,Guizhou,24.83,171.81,79.08,42,56,9,16,39,0.6,76,17,22.70320778,175.59,35800000
537,貴州,2017,9,Guizhou,22.62,146.86,81.5,57,57,11,16,43,0.7,72,22,24.08072454,109.42,35800000
538,貴州,2017,10,Guizhou,17.14,76.7,82.99,55,58,13,18,42,0.7,63,25,25.06174323,80.98,35800000
539,貴州,2017,11,Guizhou,12.36,11.68,77.83,80,59,19,27,71,0.9,65,41,23.87602795,87.15,35800000
540,貴州,2017,12,Guizhou,7.54,11.16,75.91,64,60,28,33,83,1,63,49,22.24563257,74.43,35800000
541,貴州,2018,1,Guizhou,5.62,37.82,81.05,47,61,20,25,59,1.1,51,37,20.07312155,41.79,36000000
542,貴州,2018,2,Guizhou,7.67,7.01,72.45,17,62,18,22,77,1,76,48,22.42118225,60.8,36000000
543,貴州,2018,3,Guizhou,14.4,74.54,75.09,26,63,13,24,64,0.8,87,37,25.35948954,116.06,36000000
544,貴州,2018,4,Guizhou,17.91,NA,73.73,44,64,10,20,65,0.7,101,32,27.58102564,129.71,36000000
545,貴州,2018,5,Guizhou,21.59,175.48,77.5,75,65,9,17,49,0.6,96,24,25.18927337,129.77,36000000
546,貴州,2018,6,Guizhou,22.5,192.02,82.02,55,66,9,18,36,0.6,86,18,22.70529313,94.35,36000000
547,貴州,2018,7,Guizhou,25.5,111.07,76.63,46,67,7,15,33,0.6,80,16,20.66449987,181.86,36000000
548,貴州,2018,8,Guizhou,24.21,156.45,79.78,19,68,10,17,39,0.7,92,21,22.95729623,172.72,36000000
549,貴州,2018,9,Guizhou,21.11,144.42,82.73,27,69,10,16,34,0.7,76,19,24.61143698,97.64,36000000
550,貴州,2018,10,Guizhou,15.15,62.59,84.87,40,70,15,22,45,0.7,71,25,26.93543502,44.34,36000000
551,貴州,2018,11,Guizhou,11.77,36.69,82.31,47,71,15,25,51,0.8,64,30,26.00798434,97.57,36000000
552,貴州,2018,12,Guizhou,6.68,36.14,82.66,75,72,19,24,52,1,46,33,23.9476106,43.81,36000000
553,貴州,2019,1,Guizhou,4.4,56.8,91,48,73,16,24,51,0.93,38,34,22.51063993,8.8,36230000
554,貴州,2019,2,Guizhou,5,30,90,29,74,11,15,37,0.71,50,24,23.43432406,35.3,36230000
555,貴州,2019,3,Guizhou,11.3,45.8,79,39,75,14,25,60,0.65,82,36,26.19307342,86.4,36230000
556,貴州,2019,4,Guizhou,17.3,99.7,79,75,76,7,21,52,0.62,102,29,26.4126702,135.2,36230000
557,貴州,2019,5,Guizhou,17.7,254,84,73,77,6,19,42,0.59,83,22,24.1300381,73.8,36230000
558,貴州,2019,6,Guizhou,22,249.2,83,55,78,7,19,34,0.62,81,17,21.33903598,84.8,36230000
559,貴州,2019,7,Guizhou,22.7,206.9,84,32,79,6,18,32,0.59,69,16,21.36984998,118.6,36230000
560,貴州,2019,8,Guizhou,24.3,33.7,73,18,80,7,21,46,0.6,106,23,24.43032338,218.6,36230000
561,貴州,2019,9,Guizhou,20.7,130.1,74,35,81,7,21,51,0.51,99,26,27.04368559,176.2,36230000
562,貴州,2019,10,Guizhou,16.3,117.2,84,61,82,7,20,40,0.55,69,23,27.92124546,102.4,36230000
563,貴州,2019,11,Guizhou,10.9,20.3,84,74,83,9,23,51,0.57,58,29,25.37055256,62.9,36230000
564,貴州,2019,12,Guizhou,7.2,10.4,80,76,84,19,29,68,0.76,57,41,22.6807899,112.3,36230000
565,貴州,2020,1,Guizhou,6.2,77.8,88,43,85,14,17,39,0.8,50,27,20.52201339,62.9,38580000
566,貴州,2020,2,Guizhou,8.9,39.5,84,19,86,14,11,46,0.67,70,33,20.69751442,63.3,38580000
567,貴州,2020,3,Guizhou,12.4,22.7,80,13,87,11,18,53,0.62,81,31,22.71249538,106.1,38580000
568,貴州,2020,4,Guizhou,13.4,77.7,78,16,88,9,22,52,0.64,88,28,24.23682967,111.2,38580000
569,貴州,2020,5,Guizhou,20.9,197.8,75,13,89,8,19,46,0.62,105,24,25.68805765,177.1,38580000
570,貴州,2020,6,Guizhou,22.5,208.5,83,18,90,7,18,34,0.62,71,16,26.11773997,108.7,38580000
571,貴州,2020,7,Guizhou,23.7,290.7,81,26,91,7,15,30,0.57,66,13,25.92388895,146.4,38580000
572,貴州,2020,8,Guizhou,23.8,48,75,25,92,7,16,30,0.56,75,13,24.45927825,190.2,38580000
573,貴州,2020,9,Guizhou,18.8,286.6,90,19,93,6,16,26,0.67,63,13,24.46618136,53.5,38580000
574,貴州,2020,10,Guizhou,14.2,96.1,84,24,94,8,17,41,0.62,70,21,25.05684252,102.5,38580000
575,貴州,2020,11,Guizhou,11.1,18,78,25,95,11,24,50,0.71,64,25,26.98761163,133.7,38580000
576,貴州,2020,12,Guizhou,3.3,17.1,86,34,96,16,23,51,0.8,46,34,27.20774372,30.9,38580000
577,湖南,2013,1,Hunan,5.79,27.95,75.31,15,1,53,77,173,2.2,22,176,16.46134149,72.3,66910000
578,湖南,2013,2,Hunan,7.81,52.01,83.11,13,2,23,35,81,1.6,37,88,21.40700572,28.68,66910000
579,湖南,2013,3,Hunan,14.46,145.7,71.71,24,3,35,50,125,1.3,74,92,29.64506199,110.58,66910000
580,湖南,2013,4,Hunan,17.1,169.41,74.17,36,4,33,51,103,1.2,72,68,29.55221413,106.4,66910000
581,湖南,2013,5,Hunan,22.43,200.46,76.49,51,5,25,40,82,1.2,97,54,27.47423281,126.06,66910000
582,湖南,2013,6,Hunan,26.28,154.59,76.09,43,6,21,33,64,0.8,95,38,25.36863742,183.29,66910000
583,湖南,2013,7,Hunan,30.11,27.17,63.2,37,7,26,28,56,0.7,101,27,23.59363747,308.07,66910000
584,湖南,2013,8,Hunan,29.26,118.41,66.83,18,8,24,27,58,0.8,100,34,23.97226767,223.41,66910000
585,湖南,2013,9,Hunan,22.92,140.27,77.91,19,9,23,34,80,1,94,59,25.33288446,136.9,66910000
586,湖南,2013,10,Hunan,18.83,23.81,69.69,15,10,37,49,144,1.3,115,134,29.58264844,145.76,66910000
587,湖南,2013,11,Hunan,13.68,102.55,75.83,40,11,31,58,100,1.3,51,94,29.79200729,121.11,66910000
588,湖南,2013,12,Hunan,7.4,43.89,65.49,56,12,54,65,157,1.7,20,128,27.9914881,127.85,66910000
589,湖南,2014,1,Hunan,8.29,24.03,65.63,41,13,50,51,204,1.8,58,155,24.76619642,130.51,67370000
590,湖南,2014,2,Hunan,5.85,97.28,81.66,23,14,27,28,102,1.5,43,77,26.51068038,39.95,67370000
591,湖南,2014,3,Hunan,12.81,130.07,81.31,48,15,33,32,111,1.2,57,65,28.8519401,66.18,67370000
592,湖南,2014,4,Hunan,17.92,121.82,81.03,56,16,29,32,91,1.1,78,56,30.87188455,72.45,67370000
593,湖南,2014,5,Hunan,21.44,217.12,80.51,121,17,31,28,106,1.2,73,59,27.58874844,94.17,67370000
594,湖南,2014,6,Hunan,24.97,158.6,83.6,94,18,25,24,99,1.3,87,66,25.1201272,69.77,67370000
595,湖南,2014,7,Hunan,27.69,187.58,79.11,49,19,21,21,72,1.1,81,43,22.21888276,196.79,67370000
596,湖南,2014,8,Hunan,26.07,154.63,80.83,29,20,19,20,70,1.2,77,42,24.04822058,146.23,67370000
597,湖南,2014,9,Hunan,24.34,65.94,79.57,24,21,20,25,75,1.2,73,46,27.98735266,128.78,67370000
598,湖南,2014,10,Hunan,20.35,88.92,71.74,48,22,26,36,123,1.4,88,79,30.35144327,170.13,67370000
599,湖南,2014,11,Hunan,13.35,117.36,79.43,84,23,29,36,95,1.3,42,61,31.39762702,63.34,67370000
600,湖南,2014,12,Hunan,7.45,22.41,64.46,118,24,37,44,114,1.4,43,68,28.45951663,121.49,67370000
601,湖南,2015,1,Hunan,7.94,31.97,75.26,169,25,44,43,146,1.7,53,97,25.13357238,69.55,67830000
602,湖南,2015,2,Hunan,8.99,79.16,79.4,55,26,26,31,117,1.6,64,78,25.35809078,67.95,67830000
603,湖南,2015,3,Hunan,12.45,91.34,84.23,79,27,23,29,84,1.3,58,52,26.70829436,52.57,67830000
604,湖南,2015,4,Hunan,17.81,109.31,77.06,102,28,26,27,80,1.1,92,47,29.15289732,118.42,67830000
605,湖南,2015,5,Hunan,22.54,203.93,83.94,135,29,23,22,85,1.1,94,54,26.15313881,91.74,67830000
606,湖南,2015,6,Hunan,25.94,209.95,82.49,87,30,21,16,55,0.9,83,31,24.16233946,128.76,67830000
607,湖南,2015,7,Hunan,25.94,172.52,81.66,55,31,20,17,59,0.9,96,35,21.95309984,138.68,67830000
608,湖南,2015,8,Hunan,26.6,137.15,78.77,27,32,19,18,61,0.9,107,36,24.10304589,189.1,67830000
609,湖南,2015,9,Hunan,23.86,113.2,81.11,19,33,19,20,77,1,111,46,27.99692329,106.39,67830000
610,湖南,2015,10,Hunan,19.5,97.26,76.94,57,34,24,31,97,1,111,58,30.61696797,154.47,67830000
611,湖南,2015,11,Hunan,12.52,158.94,89,65,35,19,27,59,1.1,43,37,31.21185856,35.32,67830000
612,湖南,2015,12,Hunan,7.53,105.83,83.06,127,36,22,33,97,1.1,45,64,26.47306155,45.81,68220000
613,湖南,2016,1,Hunan,5.54,84.83,84.11,79,37,22,33,102,1.2,49,71,24.98916195,NA,68220000
614,湖南,2016,2,Hunan,8.55,43.01,69.57,37,38,20,27,100,1.1,81,63,25.38875381,116.55,68220000
615,湖南,2016,3,Hunan,12.75,147,80.31,62,39,24,33,97,1.1,85,60,28.20750288,83.1,68220000
616,湖南,2016,4,Hunan,18.66,235.08,87.34,81,40,21,25,64,1,85,39,29.67759302,62.98,68220000
617,湖南,2016,5,Hunan,20.87,207.13,84.17,107,41,18,22,63,0.9,98,36,27.15571553,97.73,68220000
618,湖南,2016,6,Hunan,25.86,173.63,81.09,93,42,16,17,50,0.9,96,27,24.79131568,139.99,68220000
619,湖南,2016,7,Hunan,28.65,194.92,78.77,54,43,15,17,49,0.9,88,26,23.07271988,191.77,68220000
620,湖南,2016,8,Hunan,27.71,148.84,79.8,28,44,15,18,59,1,107,34,25.05191406,172.34,68220000
621,湖南,2016,9,Hunan,24.32,82.12,75.23,33,45,19,24,84,1,129,50,28.06533938,125.24,68220000
622,湖南,2016,10,Hunan,18.89,2.92,82.75,54,46,15,23,63,1,74,38,29.82877968,53.64,68220000
623,湖南,2016,11,Hunan,12.43,106.28,87.54,70,47,18,28,78,1.1,52,48,28.7699457,58.77,68220000
624,湖南,2016,12,Hunan,8.96,54.09,81.23,79,48,24,41,120,1.4,59,78,26.81260707,98.86,68220000
625,湖南,2017,1,Hunan,8,52.5,79.07,66,49,20,33,132,1.4,60,92,26.55296824,53.26,68600000
626,湖南,2017,2,Hunan,8.5,69.22,77.15,57,50,17,28,89,1.2,74,59,28.04560424,65.61,68600000
627,湖南,2017,3,Hunan,11.27,220.01,84.91,97,51,15,30,72,1,70,43,30.1802881,42.51,68600000
628,湖南,2017,4,Hunan,18.13,138.93,77.58,145,52,16,26,68,1,101,37,31.20164796,122.06,68600000
629,湖南,2017,5,Hunan,22.48,159.73,76.35,270,53,11,23,69,0.9,119,35,28.60376445,164.98,68600000
630,湖南,2017,6,Hunan,24,425.88,89.03,238,54,10,17,41,1,88,23,25.18864238,64.48,68600000
631,湖南,2017,7,Hunan,28.98,125.61,76.08,122,55,12,16,44,1,94,23,22.9470406,241.93,68600000
632,湖南,2017,8,Hunan,28.42,182.38,79.58,64,56,12,16,44,1,94,24,24.06649216,193.72,68600000
633,湖南,2017,9,Hunan,24.89,91.4,82.69,72,57,13,20,61,1,113,36,25.85050708,122.21,68600000
634,湖南,2017,10,Hunan,17.78,52.35,83.9,55,58,11,24,64,1,86,39,28.74016948,81.2,68600000
635,湖南,2017,11,Hunan,12.95,66.2,79.47,94,59,16,39,101,1.1,70,66,29.38492354,76.43,68600000
636,湖南,2017,12,Hunan,8.19,23.72,70.44,143,60,20,47,119,1.2,64,79,27.74548456,114.21,68600000
637,湖南,2018,1,Hunan,4.16,70.4,83.86,109,61,15,35,93,1.2,54,67,24.08308305,52.31,68990000
638,湖南,2018,2,Hunan,8.13,31.42,70,38,62,13,31,106,1.1,78,67,26.36607452,87.28,68990000
639,湖南,2018,3,Hunan,14.13,112.1,81.21,73,63,12,31,69,1,83,41,30.30815988,111.07,68990000
640,湖南,2018,4,Hunan,19.17,NA,76.53,167,64,13,26,84,1,100,38,32.24729086,118.95,68990000
641,湖南,2018,5,Hunan,24.03,197.8,81.27,242,65,11,18,63,0.9,102,31,28.61045074,131.46,68990000
642,湖南,2018,6,Hunan,25.95,94.72,79.73,180,66,11,18,46,0.9,109,25,25.54386137,160.89,68990000
643,湖南,2018,7,Hunan,29.1,141.12,78.06,156,67,11,16,42,0.9,97,22,23.6523096,225.35,68990000
644,湖南,2018,8,Hunan,28.07,163.17,79.79,69,68,10,17,45,1,112,24,25.51485676,200.99,68990000
645,湖南,2018,9,Hunan,24.33,117.53,79.99,81,69,11,20,54,1,110,30,28.10073803,136.32,68990000
646,湖南,2018,10,Hunan,17.71,105.75,76.32,130,70,12,31,68,1,112,40,31.44634668,138.12,68990000
647,湖南,2018,11,Hunan,12.78,141.55,84.51,236,71,11,33,65,1.1,69,43,30.05265375,101.48,68990000
648,湖南,2018,12,Hunan,6.23,87.44,86.07,296,72,10,33,88,1.2,44,62,26.00236257,28.39,68990000
649,湖南,2019,1,Hunan,4.3,85.1,85,146,73,6,41,60,1.21,40,98,23.61942155,27.3,69180000
650,湖南,2019,2,Hunan,4.5,106.8,90,65,74,5,23,51,0.98,46,53,26.62009691,17.9,69180000
651,湖南,2019,3,Hunan,12.6,152.2,82,147,75,7,42,64,0.9,76,48,30.22271096,81.6,69180000
652,湖南,2019,4,Hunan,17.6,117.8,83,239,76,7,32,50,0.84,93,38,31.204676,88.9,69180000
653,湖南,2019,5,Hunan,20.8,190.2,80,317,77,7,32,63,0.74,113,36,27.23171335,93.4,69180000
654,湖南,2019,6,Hunan,25.3,196.8,86,220,78,6,23,37,0.74,113,23,24.43703634,108.2,69180000
655,湖南,2019,7,Hunan,28,139.7,81,133,79,6,18,36,0.7,116,21,22.9645228,194.2,69180000
656,湖南,2019,8,Hunan,29.4,57.1,72,63,80,7,22,50,0.75,145,28,26.07828029,245.5,69180000
657,湖南,2019,9,Hunan,25.5,3.2,63,91,81,9,31,66,0.83,166,39,30.37348172,244,69180000
658,湖南,2019,10,Hunan,18.7,65.9,77,196,82,8,38,62,0.86,100,44,33.7296849,122.5,69180000
659,湖南,2019,11,Hunan,14,37.9,70,465,83,9,44,76,0.86,87,60,31.29566601,138.9,69180000
660,湖南,2019,12,Hunan,8.4,65.6,74,542,84,9,51,75,1.12,50,78,24.67267775,121.6,69180000
661,湖南,2020,1,Hunan,5.1,166.5,86,184,85,5,28,46,1.08,49,56,18.8840909,55.9,66450000
662,湖南,2020,2,Hunan,10,135.3,80,24,86,5,17,37,0.86,70,41,19.42067972,77,66450000
663,湖南,2020,3,Hunan,13.3,168.9,83,27,87,6,26,45,0.86,75,41,23.03371932,69.5,66450000
664,湖南,2020,4,Hunan,17,107,68,14,88,8,37,60,0.79,126,46,30.11075784,162.7,66450000
665,湖南,2020,5,Hunan,22.9,194.1,79,47,89,7,28,53,0.77,121,35,29.46414951,121.9,66450000
666,湖南,2020,6,Hunan,26.3,183.2,86,47,90,6,19,29,0.7,87,19,30.01455435,88.2,66450000
667,湖南,2020,7,Hunan,27.6,160.7,84,46,91,6,19,35,0.67,102,22,26.22220838,119.7,66450000
668,湖南,2020,8,Hunan,29.4,68.6,70,41,92,6,18,33,0.6,117,19,27.11991039,290.6,66450000
669,湖南,2020,9,Hunan,22,195.5,87,38,93,6,24,35,0.7,96,27,28.14047863,47.6,66450000
670,湖南,2020,10,Hunan,16.8,79.3,81,53,94,7,29,56,0.77,90,48,29.61676531,87.5,66450000
671,湖南,2020,11,Hunan,13.5,24.9,75,73,95,8,35,61,0.85,75,49,31.93419626,106.1,66450000
672,湖南,2020,12,Hunan,6.1,37,71,134,96,9,45,79,1.04,46,92,32.63139665,65.8,66450000
673,江西,2013,1,Jiangxi,6.21,25.33,80.92,3,1,76,65,188,1.7,44,130,11.17212049,92.76,45220000
674,江西,2013,2,Jiangxi,9.79,85.84,87.35,3,2,34,35,102,1.3,46,75,14.89672545,40.86,45220000
675,江西,2013,3,Jiangxi,14.75,174.88,78.46,1,3,40,44,137,1.3,82,83,24.79660372,125.27,45220000
676,江西,2013,4,Jiangxi,17.51,197,78.42,4,4,44,42,122,1.3,93,70,26.96208928,103.4,45220000
677,江西,2013,5,Jiangxi,23.35,219.21,81.15,5,5,31,32,87,1.4,113,55,28.09611875,132.45,45220000
678,江西,2013,6,Jiangxi,26.34,185.82,81.42,4,6,26,26,68,1.3,103,42,25.55146476,151.78,45220000
679,江西,2013,7,Jiangxi,29.56,81.05,69.81,8,7,32,24,76,1.2,110,42,25.99229213,272.75,45220000
680,江西,2013,8,Jiangxi,29.7,108.43,69.81,7,8,33,25,84,1,100,40,26.60462241,229.98,45220000
681,江西,2013,9,Jiangxi,24.92,47.78,74.65,10,9,32,33,85,1.1,97,46,24.85477922,162.87,45220000
682,江西,2013,10,Jiangxi,19.81,23.87,66.15,10,10,45,45,132,1.1,102,79,26.41654749,185.64,45220000
683,江西,2013,11,Jiangxi,14.29,92.37,74,10,11,46,54,138,1.3,64,77,27.16978943,157.18,45220000
684,江西,2013,12,Jiangxi,7,83.04,66.92,28,12,58,60,161,1.4,40,120,25.27674523,167.38,45220000
685,江西,2014,1,Jiangxi,7.97,18.47,67.08,15,13,46,47,149,1.3,38,98,22.4705968,162.18,45420000
686,江西,2014,2,Jiangxi,7.62,121.1,81.73,6,14,21,25,55,0.9,34,37,22.26341115,64.76,45420000
687,江西,2014,3,Jiangxi,13.29,208.71,82.62,7,15,26,31,77,0.9,50,40,25.24758046,86.64,45420000
688,江西,2014,4,Jiangxi,19.32,137.64,80.46,13,16,21,32,69,1,61,36,25.09766087,105.23,45420000
689,江西,2014,5,Jiangxi,22.35,281.09,81.42,7,17,26,30,103,0.9,70,51,25.19834283,108.19,45420000
690,江西,2014,6,Jiangxi,25.94,200.81,81.77,7,18,25,25,83,1.1,106,50,25.18587133,117.86,45420000
691,江西,2014,7,Jiangxi,28.41,160.05,79.65,16,19,23,23,65,0.9,86,34,25.56142924,210.82,45420000
692,江西,2014,8,Jiangxi,26.95,162.56,83.08,7,20,20,23,67,0.8,90,32,22.0099025,163.69,45420000
693,江西,2014,9,Jiangxi,26.17,60.07,79.5,7,21,25,26,81,0.8,98,43,19.22583417,169.58,45420000
694,江西,2014,10,Jiangxi,20.98,25.52,69.58,1,22,36,36,114,0.9,113,65,27.11473463,217.19,45420000
695,江西,2014,11,Jiangxi,14.7,89.2,79.19,10,23,39,37,92,1,52,53,28.54014087,88.24,45420000
696,江西,2014,12,Jiangxi,7.17,23.47,64.12,12,24,52,41,65,0.9,46,42,29.63635125,159.56,45420000
697,江西,2015,1,Jiangxi,8.19,43.72,73.38,11,25,48,43,104,1.3,52,68,20.59140031,112.32,45660000
698,江西,2015,2,Jiangxi,9.66,116.16,78.27,3,26,24,28,82,1.2,60,56,23.45997982,82.99,45660000
699,江西,2015,3,Jiangxi,12.97,179.14,83.92,4,27,25,25,57,1,56,35,25.25258906,69.32,45660000
700,江西,2015,4,Jiangxi,18.47,134.29,75.35,8,28,32,25,73,1,87,43,26.97851673,131.33,45660000
701,江西,2015,5,Jiangxi,23.17,260.73,84.27,5,29,28,19,74,1,93,47,24.84637158,88.26,45660000
702,江西,2015,6,Jiangxi,26.62,192.34,82.04,6,30,25,15,50,0.9,75,30,23.85112421,143.42,45660000
703,江西,2015,7,Jiangxi,26.62,198.31,81.19,4,31,21,14,53,0.9,80,32,24.26110065,142.82,45660000
704,江西,2015,8,Jiangxi,27.09,172.3,79.08,5,32,25,15,60,0.8,92,36,22.87045984,178.62,45660000
705,江西,2015,9,Jiangxi,24.04,131.78,81.04,2,33,27,18,61,0.8,95,39,26.59562393,134.73,45660000
706,江西,2015,10,Jiangxi,20.28,103.17,76.92,5,34,33,26,80,0.9,94,50,26.43404997,161.93,45660000
707,江西,2015,11,Jiangxi,14.35,205.26,88.19,7,35,25,27,54,1.1,38,36,30.21994151,51.31,45660000
708,江西,2015,12,Jiangxi,8.56,155.29,82.5,6,36,27,32,81,1.1,39,54,19.73700106,57,45660000
709,江西,2016,1,Jiangxi,6.63,149.55,84.35,4,37,24,32,82,1.1,43,54,12.07706419,NA,45920000
710,江西,2016,2,Jiangxi,8.54,71.87,72.38,0,38,22,23,93,1,82,59,40.70278741,128.28,45920000
711,江西,2016,3,Jiangxi,12.84,141.86,77.27,6,39,31,33,90,1,89,57,44.06080146,88.29,45920000
712,江西,2016,4,Jiangxi,19.41,267.65,86.38,7,40,25,23,59,1,86,37,52.72577238,57.32,45920000
713,江西,2016,5,Jiangxi,22.31,237.85,83.46,6,41,24,20,61,1,94,37,21.26371114,106.11,45920000
714,江西,2016,6,Jiangxi,26.55,287.59,81.12,4,42,23,15,51,1,98,30,24.25601054,154.52,45920000
715,江西,2016,7,Jiangxi,29.05,193.85,76.96,5,43,21,15,51,1,88,29,24.49165698,196.59,45920000
716,江西,2016,8,Jiangxi,28.79,97.12,75.15,2,44,19,15,56,1,102,32,18.26132883,202.37,45920000
717,江西,2016,9,Jiangxi,24.71,161.43,77.35,2,45,25,20,72,1.1,110,43,10.93837323,123.18,45920000
718,江西,2016,10,Jiangxi,21.12,2.77,85.19,0,46,20,21,62,1,66,38,39.6962457,48.72,45920000
719,江西,2016,11,Jiangxi,13.92,140.43,87.08,5,47,24,31,77,1,49,48,42.70988631,70.78,45920000
720,江西,2016,12,Jiangxi,10.02,38.61,78.81,5,48,32,41,116,1.2,63,76,52.1611401,128.33,45920000
721,江西,2017,1,Jiangxi,8.98,51.04,78.64,7,49,25,33,112,1.2,65,79,22.30605079,89.55,46220000
722,江西,2017,2,Jiangxi,9.42,51.16,73.75,4,50,22,29,92,1.1,84,63,28.57907771,92.98,46220000
723,江西,2017,3,Jiangxi,11.78,290.86,83.69,11,51,21,31,71,1,74,45,27.35291921,56.67,46220000
724,江西,2017,4,Jiangxi,18.65,159.23,75.99,11,52,26,27,77,0.9,109,43,28.42935838,145.74,46220000
725,江西,2017,5,Jiangxi,23.12,142.01,74.98,15,53,25,24,78,0.9,129,46,23.56343861,171.31,46220000
726,江西,2017,6,Jiangxi,24.18,468.6,89.21,8,54,18,18,45,0.9,80,28,21.94894863,59.99,46220000
727,江西,2017,7,Jiangxi,29.17,157.38,74.88,3,55,18,17,53,0.8,87,28,23.8928482,235.46,46220000
728,江西,2017,8,Jiangxi,28.59,215.29,79.89,4,56,18,16,48,0.8,90,26,18.69335957,217.48,46220000
729,江西,2017,9,Jiangxi,26.09,75.08,79.91,1,57,20,19,62,0.9,107,37,12.21151065,166.24,46220000
730,江西,2017,10,Jiangxi,19.43,68.95,79.09,0,58,21,24,66,0.9,94,41,39.24284392,136.75,46220000
731,江西,2017,11,Jiangxi,13.86,107.27,80.67,7,59,27,37,92,1.1,67,61,43.93436393,79.41,46220000
732,江西,2017,12,Jiangxi,8.02,32.18,71.81,8,60,31,42,106,1.1,63,70,54.22701476,135.32,46220000
733,江西,2018,1,Jiangxi,5.68,95.32,81.12,23,61,24,37,88,1.2,47,60,21.57797546,70.85,46480000
734,江西,2018,2,Jiangxi,7.96,44.37,71.4,6,62,16,27,87,1,76,57,24.95980008,116.02,46480000
735,江西,2018,3,Jiangxi,14.48,137.64,79.1,6,63,20,31,71,1,83,42,24.15100007,134.26,46480000
736,江西,2018,4,Jiangxi,19.3,NA,76.36,6,64,20,26,84,0.9,102,42,28.48874599,113.88,46480000
737,江西,2018,5,Jiangxi,24.76,204.37,79.92,16,65,17,18,58,0.9,108,32,25.71008277,141.29,46480000
738,江西,2018,6,Jiangxi,25.64,242.04,81.28,6,66,13,16,47,0.8,106,27,24.60086376,143.07,46480000
739,江西,2018,7,Jiangxi,28.99,168.48,76.99,6,67,15,15,46,0.8,94,23,21.32231689,237.4,46480000
740,江西,2018,8,Jiangxi,28.17,165.36,79.12,3,68,14,14,47,0.8,113,24,24.63248134,208.59,46480000
741,江西,2018,9,Jiangxi,25.49,98.58,76.67,2,69,17,17,56,0.9,119,29,27.90989411,168.47,46480000
742,江西,2018,10,Jiangxi,18.15,85.63,73.19,8,70,20,28,71,0.9,117,39,29.40362782,164.01,46480000
743,江西,2018,11,Jiangxi,13.83,136.83,85.21,8,71,18,32,63,1,62,38,29.32708007,98.51,46480000
744,江西,2018,12,Jiangxi,7.7,108.34,87.43,8,72,15,32,63,1.1,39,42,25.51359,35.53,46480000
745,江西,2019,1,Jiangxi,6.2,112.4,80,11,73,8,41,94,1.32,48,56,24.31360899,62.7,46660000
746,江西,2019,2,Jiangxi,6,197.1,88,4,74,4,24,48,0.93,44,33,25.69960729,8.2,46660000
747,江西,2019,3,Jiangxi,13.3,247.9,81,6,75,8,38,71,0.83,81,34,27.68373435,85.9,46660000
748,江西,2019,4,Jiangxi,18.9,224.5,83,12,76,10,33,58,0.87,86,27,30.07387372,110.7,46660000
749,江西,2019,5,Jiangxi,23.1,95.3,71,15,77,9,32,81,0.71,119,32,27.10903446,104.5,46660000
750,江西,2019,6,Jiangxi,26.7,329.9,79,14,78,8,25,46,0.6,106,22,23.70870923,120.8,46660000
751,江西,2019,7,Jiangxi,28.8,257.8,79,7,79,8,23,39,0.51,103,19,22.56669562,158.9,46660000
752,江西,2019,8,Jiangxi,31.6,45,63,4,80,7,21,50,0.55,129,24,24.5716838,254.1,46660000
753,江西,2019,9,Jiangxi,27.4,18.6,57,5,81,8,25,64,0.69,142,30,28.22383471,267.1,46660000
754,江西,2019,10,Jiangxi,21.6,5.7,66,9,82,10,36,88,0.76,107,42,31.26810434,159.1,46660000
755,江西,2019,11,Jiangxi,15.6,16.2,61,17,83,12,46,100,0.72,93,44,31.48804038,163.6,46660000
756,江西,2019,12,Jiangxi,9.7,63,70,38,84,11,55,94,0.95,54,60,26.88952669,134.5,46660000
757,江西,2020,1,Jiangxi,7.3,215.5,81,22,85,6,32,58,0.88,53,46,21.41830656,62.2,45190000
758,江西,2020,2,Jiangxi,11.1,104.5,76,4,86,6,18,43,0.6,75,32,20.69894579,114.8,45190000
759,江西,2020,3,Jiangxi,14.2,201.8,81,4,87,8,30,58,0.61,77,32,23.50398833,75,45190000
760,江西,2020,4,Jiangxi,17.8,98.3,67,4,88,13,44,82,0.55,129,42,26.80786917,173.1,45190000
761,江西,2020,5,Jiangxi,24.9,261,76,4,89,10,27,55,0.55,124,27,26.31017663,120.4,45190000
762,江西,2020,6,Jiangxi,27.6,283.4,84,4,90,11,19,29,0.44,86,14,25.78459957,82,45190000
763,江西,2020,7,Jiangxi,28.8,664.5,83,4,91,9,21,36,0.46,105,19,26.77023258,137.3,45190000
764,江西,2020,8,Jiangxi,30.7,35,71,3,92,9,20,40,0.38,106,18,26.02494374,232.5,45190000
765,江西,2020,9,Jiangxi,23.7,161.6,82,7,93,7,26,44,0.6,105,24,23.24861924,65.8,45190000
766,江西,2020,10,Jiangxi,19.6,40.2,73,1,94,8,28,67,0.69,104,34,30.25995527,112.3,45190000
767,江西,2020,11,Jiangxi,15.8,55.7,68,5,95,8,36,76,0.72,79,38,27.66778893,127.6,45190000
768,江西,2020,12,Jiangxi,7.7,19.2,64,11,96,10,47,107,0.88,54,70,33.57557617,93.5,45190000
769,浙江,2013,1,Zhejiang,5.54,29.33,75.04,144,1,40,65,134,1.5,35,104,20.5330849,107.37,54980000
770,浙江,2013,2,Zhejiang,8.06,90.55,81.08,47,2,16,33,76,1,64,57,30.08153659,47.62,54980000
771,浙江,2013,3,Zhejiang,12.11,120.04,72,88,3,29,48,100,0.8,86,61,42.83162654,149.74,54980000
772,浙江,2013,4,Zhejiang,16.04,121.15,66.58,132,4,28,46,99,0.8,114,60,45.4472311,154.56,54980000
773,浙江,2013,5,Zhejiang,22.05,120.07,76.54,176,5,22,34,74,0.7,112,46,40.97380831,143.13,54980000
774,浙江,2013,6,Zhejiang,24.76,241.51,81.79,158,6,21,31,62,0.7,102,37,36.60851452,98.52,54980000
775,浙江,2013,7,Zhejiang,30.18,30.83,66.17,76,7,17,24,52,0.6,114,27,34.44431393,299.64,54980000
776,浙江,2013,8,Zhejiang,29.95,141.99,68.62,46,8,16,25,51,0.7,107,28,35.34178571,245.83,54980000
777,浙江,2013,9,Zhejiang,25.23,48.88,70.92,42,9,18,31,63,0.7,108,38,39.92398199,193.78,54980000
778,浙江,2013,10,Zhejiang,19.92,152.43,69.17,41,10,22,38,81,0.8,101,49,45.25762539,178.28,54980000
779,浙江,2013,11,Zhejiang,14.08,47.41,68.54,116,11,31,55,122,1.1,66,75,45.98830419,149.49,54980000
780,浙江,2013,12,Zhejiang,7.13,92.88,65.29,151,12,49,69,173,1.6,54,126,41.75071755,146.66,54980000
781,浙江,2014,1,Zhejiang,7.45,20.7,69.58,116,13,33,55,127,1.2,59,93,36.18655958,171.86,55080000
782,浙江,2014,2,Zhejiang,7.15,129.71,81.62,47,14,19,37,69,1,64,54,40.51312719,68.72,55080000
783,浙江,2014,3,Zhejiang,12.18,121.13,75.29,128,15,24,44,83,0.9,92,55,44.40407652,136.56,55080000
784,浙江,2014,4,Zhejiang,16.64,101.5,78.46,183,16,21,42,78,0.9,101,50,46.98337032,117.31,55080000
785,浙江,2014,5,Zhejiang,21.18,172.97,77.25,302,17,19,37,88,0.9,126,53,40.39914947,117.96,55080000
786,浙江,2014,6,Zhejiang,24.18,218.72,82.54,210,18,15,29,62,0.8,123,42,36.88434842,107.03,55080000
787,浙江,2014,7,Zhejiang,28.18,161.7,81.46,129,19,12,25,55,0.7,110,34,33.26324957,198.22,55080000
788,浙江,2014,8,Zhejiang,26.98,203.57,85.08,65,20,15,29,53,0.8,108,36,35.63008036,123.61,55080000
789,浙江,2014,9,Zhejiang,25.15,180.95,83.58,54,21,16,28,56,0.8,112,38,41.34853429,118.38,55080000
790,浙江,2014,10,Zhejiang,20.44,19.6,70.92,96,22,21,38,80,0.8,124,49,46.45717999,206.96,55080000
791,浙江,2014,11,Zhejiang,15.23,61.62,77.33,227,23,24,48,87,1,77,58,47.37517808,110.84,55080000
792,浙江,2014,12,Zhejiang,6.99,21.23,62.46,296,24,37,58,110,1,57,66,43.61845434,159.63,55080000
793,浙江,2015,1,Zhejiang,7.37,57.77,70.21,416,25,29,56,124,1.2,59,82,38.2951851,123.52,55390000
794,浙江,2015,2,Zhejiang,8.16,102.69,75.88,198,26,13,34,84,0.9,74,57,38.99613557,98.45,55390000
795,浙江,2015,3,Zhejiang,11.75,120.83,78.12,230,27,15,39,70,0.9,83,45,41.89123575,111.88,55390000
796,浙江,2015,4,Zhejiang,16.99,99,73.12,437,28,19,41,78,0.8,111,48,45.06589862,147.81,55390000
797,浙江,2015,5,Zhejiang,21.27,158.66,79.5,651,29,15,32,70,0.8,123,45,40.46155313,112.87,55390000
798,浙江,2015,6,Zhejiang,24.97,163.91,85.5,439,30,12,28,58,0.7,107,36,34.38361157,96.28,55390000
799,浙江,2015,7,Zhejiang,26.34,214.51,84.17,180,31,12,23,47,0.6,107,29,32.43073919,153.37,55390000
800,浙江,2015,8,Zhejiang,27.3,198.41,81.46,104,32,12,24,53,0.7,116,33,36.24545306,178.37,55390000
801,浙江,2015,9,Zhejiang,23.78,139.29,81.46,114,33,15,31,59,0.8,127,38,41.27481305,122.56,55390000
802,浙江,2015,10,Zhejiang,20.03,74.31,78.04,182,34,17,38,77,0.8,113,45,43.41800906,140.52,55390000
803,浙江,2015,11,Zhejiang,15.13,181.75,86.71,227,35,16,44,64,1.1,52,42,43.66689027,53.05,55390000
804,浙江,2015,12,Zhejiang,9.18,137.12,79.29,312,36,20,51,103,1.1,51,68,39.69747198,77.51,55390000
805,浙江,2016,1,Zhejiang,6.26,127.49,80.79,306,37,16,47,91,1.1,56,60,36.28027019,NA,55900000
806,浙江,2016,2,Zhejiang,7.95,51.22,70.12,102,38,12,30,83,0.8,87,53,39.24030656,140.06,55900000
807,浙江,2016,3,Zhejiang,11.84,68.71,73.46,226,39,16,43,93,0.8,98,56,42.84757644,130.39,55900000
808,浙江,2016,4,Zhejiang,17.09,206.41,85.62,392,40,12,38,67,0.8,103,40,45.26431973,82.67,55900000
809,浙江,2016,5,Zhejiang,21.45,209.59,83.38,450,41,11,31,65,0.8,115,39,38.29675157,114.44,55900000
810,浙江,2016,6,Zhejiang,24.98,258.09,87.83,294,42,10,25,49,0.7,107,29,33.68942083,104.09,55900000
811,浙江,2016,7,Zhejiang,29.55,76.86,79.96,128,43,10,21,45,0.7,108,26,32.17310113,216.5,55900000
812,浙江,2016,8,Zhejiang,29.31,96.13,75.46,70,44,9,18,40,0.6,117,23,35.10135539,241.39,55900000
813,浙江,2016,9,Zhejiang,24.78,264.11,81.62,68,45,13,23,47,0.7,106,30,39.75632762,88.94,55900000
814,浙江,2016,10,Zhejiang,21.71,4.77,84.29,91,46,45,31,49,0.8,70,28,43.29642244,50.22,55900000
815,浙江,2016,11,Zhejiang,14.6,80.58,82.79,140,47,14,42,71,0.9,57,44,43.76247682,75.28,55900000
816,浙江,2016,12,Zhejiang,10.55,39.64,77.83,206,48,16,49,91,1,57,58,39.76416895,109.33,55900000
817,浙江,2017,1,Zhejiang,8.95,48.51,76.47,158,49,12,37,73,0.9,64,50,36.65598299,101.71,56570000
818,浙江,2017,2,Zhejiang,8.47,24.61,69.48,73,50,12,36,74,0.8,87,53,39.53616246,115.79,56570000
819,浙江,2017,3,Zhejiang,11.25,165.74,77.04,169,51,13,40,69,0.7,97,44,43.20209262,99.35,56570000
820,浙江,2017,4,Zhejiang,17.54,140.95,74.19,248,52,13,38,72,0.8,129,41,45.54638707,171.71,56570000
821,浙江,2017,5,Zhejiang,22.06,84.53,76.84,364,53,11,29,59,0.7,137,33,40.10494454,183.58,56570000
822,浙江,2017,6,Zhejiang,23.49,340.93,88.32,317,54,8,27,43,0.7,106,27,36.4106309,62.2,56570000
823,浙江,2017,7,Zhejiang,29.89,73.76,75.38,167,55,9,22,44,0.6,122,25,33.5772314,270.73,56570000
824,浙江,2017,8,Zhejiang,29.51,95.9,78.19,103,56,8,21,40,0.7,119,24,35.20840644,238.46,56570000
825,浙江,2017,9,Zhejiang,25.89,119.91,79.44,85,57,8,26,45,0.7,115,26,39.58373492,147.97,56570000
826,浙江,2017,10,Zhejiang,20.49,129.05,75.28,128,58,10,29,51,0.7,100,29,42.82294721,147.89,56570000
827,浙江,2017,11,Zhejiang,14.65,126.68,78.25,186,59,12,45,72,0.9,68,43,44.10677786,86.76,56570000
828,浙江,2017,12,Zhejiang,8.56,30.88,69.04,289,60,15,54,102,1,59,66,38.83017297,130.27,56570000
829,浙江,2018,1,Zhejiang,6.36,100.16,78.23,213,61,12,45,77,1,54,54,33.23889522,81.21,57370000
830,浙江,2018,2,Zhejiang,6.87,42.51,72.41,51,62,10,31,73,0.9,82,49,36.01798788,122.34,57370000
831,浙江,2018,3,Zhejiang,13.17,80.06,78.64,83,63,9,37,59,0.8,94,37,43.06345499,142.93,57370000
832,浙江,2018,4,Zhejiang,18.33,NA,74.21,224,64,11,36,80,0.8,124,39,47.77243801,147.27,57370000
833,浙江,2018,5,Zhejiang,23.02,160.61,80.34,367,65,8,27,56,0.8,128,32,41.67123548,137.32,57370000
834,浙江,2018,6,Zhejiang,24.85,170.97,82.08,275,66,8,24,43,0.7,125,26,35.76073947,140.44,57370000
835,浙江,2018,7,Zhejiang,28.67,159.82,80.27,153,67,7,18,36,0.6,99,21,33.34373352,228.59,57370000
836,浙江,2018,8,Zhejiang,28.94,243.97,79.44,97,68,6,17,34,0.6,105,19,35.41977245,228.98,57370000
837,浙江,2018,9,Zhejiang,25.72,165.54,78.57,80,69,8,25,44,0.7,119,24,40.48781863,167.45,57370000
838,浙江,2018,10,Zhejiang,18.86,47.56,70.42,139,70,10,37,58,0.7,116,32,44.26896111,170.97,57370000
839,浙江,2018,11,Zhejiang,15.44,91.92,81.95,259,71,8,43,56,0.8,67,33,45.32009756,89.67,57370000
840,浙江,2018,12,Zhejiang,9.57,104.36,82.18,378,72,9,46,65,0.9,43,39,39.47339825,44.21,57370000
841,浙江,2019,1,Zhejiang,5.9,96.1,78,319,73,9,51,94,1.12,41,66,33.90409196,71.4,58500000
842,浙江,2019,2,Zhejiang,6.1,233.7,86,82,74,8,32,63,0.94,58,46,36.10954835,24.3,58500000
843,浙江,2019,3,Zhejiang,12.4,113.2,74,158,75,9,45,76,0.81,89,44,39.70177154,127.1,58500000
844,浙江,2019,4,Zhejiang,18.1,77.8,75,208,76,7,45,69,0.75,99,38,44.05728505,125,58500000
845,浙江,2019,5,Zhejiang,22.1,116.8,63,281,77,7,40,67,0.67,144,34,39.18189745,174.7,58500000
846,浙江,2019,6,Zhejiang,25,204,78,251,78,5,32,49,0.68,136,29,36.07920776,118.5,58500000
847,浙江,2019,7,Zhejiang,28.2,207.9,78,137,79,4,27,40,0.6,125,22,34.2889036,162.5,58500000
848,浙江,2019,8,Zhejiang,29.4,346.5,73,92,80,5,25,42,0.63,130,23,36.36282327,228.5,58500000
849,浙江,2019,9,Zhejiang,25.1,105.4,71,105,81,6,37,51,0.7,148,28,41.21371914,189.7,58500000
850,浙江,2019,10,Zhejiang,20.1,27.9,72,146,82,7,48,74,0.76,102,37,45.37274514,151.1,58500000
851,浙江,2019,11,Zhejiang,14.5,26.1,69,372,83,7,55,85,0.78,71,39,44.86372645,149.2,58500000
852,浙江,2019,12,Zhejiang,9.1,94.9,75,488,84,7,57,86,0.9,43,50,36.5358438,135.9,58500000
853,浙江,2020,1,Zhejiang,7.3,227.6,81,228,85,6,36,64,0.95,50,44,25.84566626,73.9,64680000
854,浙江,2020,2,Zhejiang,9.9,82.4,73,15,86,5,18,44,0.63,81,28,29.00375991,108.5,64680000
855,浙江,2020,3,Zhejiang,13.1,154.3,72,24,87,5,40,51,0.68,79,27,33.89064965,109.2,64680000
856,浙江,2020,4,Zhejiang,16.4,45.9,60,24,88,7,47,72,0.66,123,34,42.02950315,197.5,64680000
857,浙江,2020,5,Zhejiang,23.5,152.3,72,24,89,5,37,57,0.69,128,30,39.22501922,155.1,64680000
858,浙江,2020,6,Zhejiang,26.1,384.4,85,34,90,4,31,34,0.65,91,19,40.5453224,104.1,64680000
859,浙江,2020,7,Zhejiang,26.9,236.6,85,31,91,4,31,35,0.67,86,20,41.13663624,102.7,64680000
860,浙江,2020,8,Zhejiang,31,66.1,64,52,92,5,24,38,0.55,123,19,39.43513336,258,64680000
861,浙江,2020,9,Zhejiang,23.9,222.3,74,43,93,5,40,48,0.69,120,26,40.68391691,122.9,64680000
862,浙江,2020,10,Zhejiang,19.2,39.9,70,49,94,6,44,52,0.64,104,24,42.15955421,134,64680000
863,浙江,2020,11,Zhejiang,15,32.4,73,99,95,7,49,64,0.8,66,30,42.73215739,131.9,64680000
864,浙江,2020,12,Zhejiang,6.8,21.2,69,134,96,8,61,103,0.97,38,58,42.35354444,110,64680000
865,重慶,2013,1,Chongqing,6.85,9.15,76.33,22,1,43,50,185,1.2,22,60,21.22544315,60.88,29700000
866,重慶,2013,2,Chongqing,10.38,15.25,76.5,13,2,27,29,123,1,51,89,29.21268997,39.48,29700000
867,重慶,2013,3,Chongqing,16.13,38.09,66.83,28,3,42,31,150,1,66,86,41.38196349,124.86,29700000
868,重慶,2013,4,Chongqing,18.66,102.51,68.92,51,4,35,27,84,0.9,79,54,41.70953915,130.02,29700000
869,重慶,2013,5,Chongqing,21.82,178.06,76.58,80,5,24,43,68,0.8,82,45,35.86175832,114.96,29700000
870,重慶,2013,6,Chongqing,26.81,161.68,69.75,45,6,23,40,74,0.8,132,44,31.33177032,190.54,29700000
871,重慶,2013,7,Chongqing,30.1,110.44,64.92,21,7,24,36,62,0.7,139,36,28.42126672,193.5,29700000
872,重慶,2013,8,Chongqing,29.03,89.04,65.58,12,8,29,40,71,0.9,155,43,30.14485584,205.8,29700000
873,重慶,2013,9,Chongqing,22.39,179.01,78.75,6,9,20,46,79,1.1,86,53,37.25160179,109.15,29700000
874,重慶,2013,10,Chongqing,18.6,75.16,77.75,14,10,32,45,118,1.4,62,83,40.62453761,122.8,29700000
875,重慶,2013,11,Chongqing,13.73,60.82,84.5,32,11,30,31,90,1.3,18,53,39.06001913,46.2,29700000
876,重慶,2013,12,Chongqing,8.04,17.79,80.58,17,12,49,38,141,1.3,17,102,33.55607637,59.24,29700000
877,重慶,2014,1,Chongqing,7.5,7.62,79.5,12,13,47,48,188,1.6,23,135,33.17892817,62.62,29910000
878,重慶,2014,2,Chongqing,7.81,15.64,75.75,12,14,35,34,120,1.4,33,87,38.03437508,17.8,29910000
879,重慶,2014,3,Chongqing,13.5,102.25,75.67,19,15,39,40,91,1.2,60,57,39.31982871,60.5,29910000
880,重慶,2014,4,Chongqing,18.53,98.46,80.42,30,16,26,36,71,1.1,67,43,40.61154854,47.98,29910000
881,重慶,2014,5,Chongqing,20.09,132.66,81.25,31,17,21,37,87,1.1,78,49,38.42930464,52.52,29910000
882,重慶,2014,6,Chongqing,23.46,199.63,85.75,72,18,13,35,60,1.1,78,37,33.36140919,39.96,29910000
883,重慶,2014,7,Chongqing,28.14,104.04,72.83,16,19,17,31,62,0.9,136,32,33.42299815,202.52,29910000
884,重慶,2014,8,Chongqing,26.37,204.2,76.75,20,20,16,32,60,0.9,116,33,34.15936783,133.04,29910000
885,重慶,2014,9,Chongqing,23.89,180.22,82.58,24,21,14,33,69,1.1,77,40,40.88864996,85.02,29910000
886,重慶,2014,10,Chongqing,19.18,113.46,81.33,42,22,18,45,108,1.1,62,72,39.66917608,114.26,29910000
887,重慶,2014,11,Chongqing,13.11,69.9,85.33,59,23,17,43,127,1.1,16,89,39.25281405,26.22,29910000
888,重慶,2014,12,Chongqing,8.13,14.27,78.42,64,24,24,43,123,1.4,17,98,35.16523942,53.02,29910000
889,重慶,2015,1,Chongqing,8.59,23.83,78.42,58,25,27,53,176,1.5,21,127,33.18489012,33.16,30170000
890,重慶,2015,2,Chongqing,9.94,18.76,75.58,25,26,18,46,118,1.2,44,85,37.21941048,31.88,30170000
891,重慶,2015,3,Chongqing,14.7,31.95,70.42,67,27,18,48,88,1.1,71,53,40.09299884,76.52,30170000
892,重慶,2015,4,Chongqing,19.21,85.7,70.33,110,28,16,49,82,1,106,47,42.37508334,134.38,30170000
893,重慶,2015,5,Chongqing,21.71,151.62,77,145,29,13,45,75,0.9,90,41,36.85616987,90.28,30170000
894,重慶,2015,6,Chongqing,24.59,209.66,82.08,146,30,9,37,61,1,72,36,31.01820376,62.5,30170000
895,重慶,2015,7,Chongqing,26.69,178.25,73.75,50,31,13,40,80,1,100,47,27.56637088,181.44,30170000
896,重慶,2015,8,Chongqing,26.41,150.37,75.17,13,32,11,38,69,1,102,42,32.63503242,166.16,30170000
897,重慶,2015,9,Chongqing,22.88,199.21,81.25,31,33,11,40,53,1.1,68,34,38.16845411,65.48,30170000
898,重慶,2015,10,Chongqing,19.36,74.42,79.5,45,34,15,48,77,1.1,59,48,41.64431294,101.92,30170000
899,重慶,2015,11,Chongqing,14.67,27.27,82.92,60,35,17,40,69,1.3,20,46,37.55577339,29.02,30170000
900,重慶,2015,12,Chongqing,8.61,33.98,81.92,66,36,22,48,88,1.2,19,65,34.07869581,37.06,30170000
901,重慶,2016,1,Chongqing,6.73,40.36,81.67,43,37,19,49,91,1.3,24,70,31.86426251,NA,30480000
902,重慶,2016,2,Chongqing,8.65,25.63,74.33,18,38,15,47,90,1,57,70,34.72689183,70.2,30480000
903,重慶,2016,3,Chongqing,14.08,84.82,72.75,41,39,18,55,85,1,77,57,37.93082535,62.16,30480000
904,重慶,2016,4,Chongqing,18.4,128.93,81.67,42,40,11,50,66,0.8,69,44,41.71654393,64.6,30480000
905,重慶,2016,5,Chongqing,21.63,143.51,76.17,88,41,10,43,77,0.8,107,48,37.82369752,90.6,30480000
906,重慶,2016,6,Chongqing,24.94,321.2,79.67,87,42,8,38,63,0.8,114,42,33.3399064,114.4,30480000
907,重慶,2016,7,Chongqing,28.69,132.88,72.83,39,43,10,35,57,0.7,111,33,28.48852124,188.8,30480000
908,重慶,2016,8,Chongqing,28.53,98.13,70.5,11,44,11,35,63,0.8,108,41,32.52321226,178.8,30480000
909,重慶,2016,9,Chongqing,23.07,91.03,79.25,25,45,10,49,93,1,74,69,36.23434269,77.68,30480000
910,重慶,2016,10,Chongqing,19.09,2.97,82.95,23,46,11,43,62,1,50,39,39.77989404,56.2,30480000
911,重慶,2016,11,Chongqing,12.88,87.28,85,35,47,15,51,82,1.1,23,53,36.51797761,28,30480000
912,重慶,2016,12,Chongqing,9.58,16.7,83.25,32,48,14,56,105,1.2,24,74,34.64156326,52.4,30480000
913,重慶,2017,1,Chongqing,8.9,11.62,76.06,27,49,17,53,121,1.3,29,88,31.94664126,25.64,30750000
914,重慶,2017,2,Chongqing,8.94,39.26,78.62,10,50,13,50,89,1.2,40,63,37.36807699,45.42,30750000
915,重慶,2017,3,Chongqing,12.15,79.34,75.62,34,51,15,54,75,1,49,45,40.76354078,46.94,30750000
916,重慶,2017,4,Chongqing,18.01,133.8,75.42,53,52,13,48,64,0.9,82,35,44.50989583,112.26,30750000
917,重慶,2017,5,Chongqing,21.32,159.9,75.19,100,53,12,47,65,0.9,110,36,37.91192176,139.06,30750000
918,重慶,2017,6,Chongqing,23.94,198,80.46,104,54,10,44,59,0.9,107,34,33.02585017,84.9,30750000
919,重慶,2017,7,Chongqing,28.87,152.94,70.53,37,55,11,36,52,0.8,142,26,29.44797125,217.5,30750000
920,重慶,2017,8,Chongqing,28.96,153.7,70.46,20,56,10,33,45,0.8,135,22,32.28450824,191.06,30750000
921,重慶,2017,9,Chongqing,23.46,252.4,82.9,23,57,9,38,43,0.9,70,23,37.94940771,61.62,30750000
922,重慶,2017,10,Chongqing,17.94,164.3,84.44,39,58,9,39,43,0.9,40,26,39.85537865,46.02,30750000
923,重慶,2017,11,Chongqing,13.56,28.22,78.1,55,59,13,54,88,1,39,55,38.1753169,68.52,30750000
924,重慶,2017,12,Chongqing,9.02,5.04,75.22,53,60,13,58,123,1.2,24,82,32.66058971,53.08,30750000
925,重慶,2018,1,Chongqing,6.16,38.16,77.36,32,61,12,54,86,1.2,26,59,30.19535912,45,31020000
926,重慶,2018,2,Chongqing,8.26,17.34,74.34,9,62,10,45,86,1.1,51,60,37.25101024,34.2,31020000
927,重慶,2018,3,Chongqing,14.8,81.8,76.98,41,63,10,49,62,1,66,35,42.20218926,91.96,31020000
928,重慶,2018,4,Chongqing,19.4,136.8,72.78,79,64,10,44,64,0.9,107,30,45.48460323,134.58,31020000
929,重慶,2018,5,Chongqing,22.29,240.98,78.75,127,65,9,44,58,0.9,111,29,37.79461126,85.96,31020000
930,重慶,2018,6,Chongqing,25.46,114.9,76.14,126,66,8,41,50,0.8,113,29,33.33966349,113.7,31020000
931,重慶,2018,7,Chongqing,29.34,165.16,70.3,63,67,8,31,46,0.7,127,26,29.58741508,190.38,31020000
932,重慶,2018,8,Chongqing,28.9,113.68,68.28,27,68,8,39,53,0.8,156,30,31.51389481,237.42,31020000
933,重慶,2018,9,Chongqing,23.08,183.28,79.82,27,69,7,39,47,0.8,68,29,36.76704981,67.04,31020000
934,重慶,2018,10,Chongqing,17.16,69.88,80.84,44,70,9,50,68,1,36,43,40.21948601,53.12,31020000
935,重慶,2018,11,Chongqing,12.54,77.42,82.76,75,71,10,49,75,1,31,49,38.85388574,47.64,31020000
936,重慶,2018,12,Chongqing,7.78,32.32,77.44,71,72,10,45,80,1,18,55,34.14810243,18.2,31020000
937,重慶,2019,1,Chongqing,8.7,18.6,79,52,73,9,47,102,1.14,26,74,31.45563197,16,31240000
938,重慶,2019,2,Chongqing,11.2,7.4,69,20,74,9,31,65,0.9,52,48,36.2339273,35.5,31240000
939,重慶,2019,3,Chongqing,14.5,49,73,55,75,9,46,71,0.81,70,46,39.77789736,76.4,31240000
940,重慶,2019,4,Chongqing,21.8,185.7,70,85,76,8,39,52,0.78,114,30,42.74168709,153.8,31240000
941,重慶,2019,5,Chongqing,21.3,159.8,79,132,77,6,36,53,0.79,91,32,36.949814,60.3,31240000
942,重慶,2019,6,Chongqing,25.1,237.4,80,126,78,6,34,40,0.83,98,24,31.92481823,71,31240000
943,重慶,2019,7,Chongqing,27.9,229.4,75,47,79,6,30,36,0.76,118,21,28.68003955,128.7,31240000
944,重慶,2019,8,Chongqing,30.6,102.9,63,19,80,8,33,44,0.74,156,24,33.50970489,217.4,31240000
945,重慶,2019,9,Chongqing,24.8,95.2,74,32,81,7,38,49,0.78,101,30,40.11116283,110.1,31240000
946,重慶,2019,10,Chongqing,19.3,233,84,77,82,6,35,38,0.8,51,24,42.10822843,49.1,31240000
947,重慶,2019,11,Chongqing,14.3,60.1,82,101,83,7,40,57,0.82,26,36,38.38860225,15.4,31240000
948,重慶,2019,12,Chongqing,10.7,27.9,80,94,84,9,49,92,1.03,20,65,30.95193803,30.8,31240000
949,重慶,2020,1,Chongqing,10,22.2,77,48,85,8,38,68,1,31,50,25.23685699,30.6,32090000
950,重慶,2020,2,Chongqing,11.2,15.6,80,5,86,6,24,63,0.81,49,49,26.2851862,24.7,32090000
951,重慶,2020,3,Chongqing,16,62.4,72,7,87,8,37,60,0.75,75,37,31.2279683,106.2,32090000
952,重慶,2020,4,Chongqing,17.9,74.9,74,4,88,8,48,56,0.79,83,33,42.04147788,105.4,32090000
953,重慶,2020,5,Chongqing,24.8,61.4,67,21,89,8,41,52,0.72,125,28,40.07931064,164.1,32090000
954,重慶,2020,6,Chongqing,26.5,209.3,76,18,90,7,38,40,0.77,103,22,40.00125473,99.5,32090000
955,重慶,2020,7,Chongqing,27.6,368.8,80,21,91,7,32,32,0.73,88,16,33.09151675,90.8,32090000
956,重慶,2020,8,Chongqing,31.4,10.9,59,13,92,8,31,36,0.64,132,18,35.01748863,221.2,32090000
957,重慶,2020,9,Chongqing,23.5,175.7,80,14,93,7,38,33,0.74,68,19,36.45966041,43.6,32090000
958,重慶,2020,10,Chongqing,17.7,138.4,87,18,94,7,40,46,0.83,28,26,40.21105594,16,32090000
959,重慶,2020,11,Chongqing,15.3,20.8,78,35,95,9,51,65,0.92,45,37,36.18013412,92.6,32090000
960,重慶,2020,12,Chongqing,8.7,22.5,78,27,96,9,46,84,0.93,19,57,34.05403192,13.1,32090000
961,四川,2013,1,Sichuan,2.43,3.52,55.61,140,1,53,79,236,2,39,173,15.67816442,164.69,81070000
962,四川,2013,2,Sichuan,7,5.85,52.66,48,2,41,59,163,1.8,74,127,22.75825746,154.87,81070000
963,四川,2013,3,Sichuan,11.14,21.73,51.63,114,3,41,71,297,1.3,114,131,32.2504016,190.58,81070000
964,四川,2013,4,Sichuan,13.27,53.92,59.49,170,4,28,63,166,1,122,83,33.9787474,182.17,81070000
965,四川,2013,5,Sichuan,16.29,116.95,66.8,276,5,20,48,105,0.9,102,62,29.86882306,167.95,81070000
966,四川,2013,6,Sichuan,20.3,153,67.27,219,6,19,42,87,0.8,110,50,26.47046864,185.57,81070000
967,四川,2013,7,Sichuan,21.49,176.09,74.73,96,7,16,47,84,0.8,132,50,24.56753123,153.18,81070000
968,四川,2013,8,Sichuan,21.01,117.37,68.9,59,8,19,51,104,0.8,150,63,25.93301417,213.47,81070000
969,四川,2013,9,Sichuan,16.41,144.38,76.76,54,9,20,49,88,0.9,80,63,28.62882132,115.49,81070000
970,四川,2013,10,Sichuan,12.47,56.26,73.49,52,10,26,64,133,1.2,82,95,30.48895179,129.31,81070000
971,四川,2013,11,Sichuan,7.58,18.74,65.66,75,11,31,64,124,1.3,42,70,30.08952008,154.39,81070000
972,四川,2013,12,Sichuan,2.45,6.92,62.22,70,12,35,61,174,1.8,18,119,28.56345319,146.04,81070000
973,四川,2014,1,Sichuan,3.08,4.43,58.54,49,13,40,55,197,1.9,48,145,27.68872931,165.31,81400000
974,四川,2014,2,Sichuan,4.8,13.28,58.78,38,14,31,39,125,1.5,52,94,30.28702906,130.2,81400000
975,四川,2014,3,Sichuan,9.14,31.29,58.78,63,15,30,44,114,1.1,71,69,32.88960104,156.15,81400000
976,四川,2014,4,Sichuan,13.92,48.06,60.27,101,16,22,34,89,0.9,88,53,34.47876168,179.33,81400000
977,四川,2014,5,Sichuan,16.61,66.79,62.66,162,17,22,33,115,0.9,97,68,32.44518274,173.88,81400000
978,四川,2014,6,Sichuan,18.84,177.01,74.83,213,18,22,30,72,0.9,88,45,28.77801629,108.95,81400000
979,四川,2014,7,Sichuan,20.85,142.93,73.1,108,19,24,31,69,0.8,101,38,26.0190176,179,81400000
980,四川,2014,8,Sichuan,19.41,173.18,77.34,59,20,21,28,61,0.8,92,37,27.09362927,123.46,81400000
981,四川,2014,9,Sichuan,17.73,125.85,78.15,61,21,18,29,59,0.9,69,37,30.83162712,127.57,81400000
982,四川,2014,10,Sichuan,13.3,64.85,73.34,98,22,19,33,82,1,65,53,32.4973985,157.23,81400000
983,四川,2014,11,Sichuan,8.11,16.91,67.29,120,23,20,36,73,1,43,46,32.22167055,132.45,81400000
984,四川,2014,12,Sichuan,3.27,6.5,60.98,139,24,29,44,117,1.1,41,75,29.8742581,139.9,81400000
985,四川,2015,1,Sichuan,3.16,13.57,62.51,135,25,25,37,137,1.3,44,95,28.53638029,139,82040000
986,四川,2015,2,Sichuan,5.67,7.06,56.02,73,26,20,29,103,1.1,63,68,29.78696168,142.38,82040000
987,四川,2015,3,Sichuan,10.69,17.77,54.98,119,27,21,30,84,1,81,50,31.9898398,183.82,82040000
988,四川,2015,4,Sichuan,13.36,57.47,61.93,157,28,19,28,72,0.8,102,40,35.23335952,177.93,82040000
989,四川,2015,5,Sichuan,17.25,90.8,62.37,315,29,17,25,72,0.8,110,41,32.56381594,191.86,82040000
990,四川,2015,6,Sichuan,19.8,150.71,72.05,363,30,15,23,54,0.8,93,31,28.23311175,141.34,82040000
991,四川,2015,7,Sichuan,19.55,130.67,71.46,134,31,16,26,59,0.7,117,34,24.7164684,191.16,82040000
992,四川,2015,8,Sichuan,19.1,176.02,76.41,61,32,15,25,54,0.7,102,32,26.79092652,135.9,82040000
993,四川,2015,9,Sichuan,17.38,163.51,80.39,75,33,14,25,47,0.8,73,28,31.39856353,104.29,82040000
994,四川,2015,10,Sichuan,13.42,62.21,72.17,105,34,16,32,76,0.8,76,46,34.19173685,156.27,82040000
995,四川,2015,11,Sichuan,9.3,13.3,67.61,180,35,16,32,64,1,44,39,33.14007389,140.64,82040000
996,四川,2015,12,Sichuan,3.47,11.6,66.71,204,36,18,38,94,1.1,42,61,29.54840843,123.65,82040000
997,四川,2016,1,Sichuan,2.02,13.17,61.68,141,37,17,36,101,1.2,48,68,26.81359557,NA,82620000
998,四川,2016,2,Sichuan,4.62,15.4,57.29,53,38,15,34,99,1.1,70,65,29.75856703,133,82620000
999,四川,2016,3,Sichuan,9.63,34.67,58.63,127,39,17,35,91,1,87,54,32.42212024,NA,82620000
1000,四川,2016,4,Sichuan,13.4,69.01,66.95,150,40,15,29,66,0.9,90,38,35.49149337,NA,82620000
1001,四川,2016,5,Sichuan,16.74,99.14,64.95,244,41,14,25,71,0.8,106,41,31.84940084,172,82620000
1002,四川,2016,6,Sichuan,19.49,158.9,71.2,270,42,16,23,50,0.8,111,29,28.7304964,145.74,82620000
1003,四川,2016,7,Sichuan,21,188.26,75.88,121,43,16,22,42,0.7,103,24,25.92606648,148.49,82620000
1004,四川,2016,8,Sichuan,21.73,96.72,71.15,59,44,16,23,51,0.8,113,31,28.62893199,198.85,82620000
1005,四川,2016,9,Sichuan,16.72,153.94,80.44,86,45,17,27,56,0.8,88,36,32.3044398,74.93,82620000
1006,四川,2016,10,Sichuan,13.83,2.17,73.92,134,46,16,28,60,0.8,70,36,33.84494775,129.63,82620000
1007,四川,2016,11,Sichuan,8.43,28.09,67.49,143,47,19,36,94,1,56,57,32.72724842,128.39,82620000
1008,四川,2016,12,Sichuan,4.93,7.72,65.02,191,48,19,41,121,1.2,44,78,30.1155093,130.19,82620000
1009,四川,2017,1,Sichuan,4.16,5.02,55.63,150,49,20,40,130,1.2,55,88,28.61131878,141.1,83020000
1010,四川,2017,2,Sichuan,5.62,14.7,57.55,71,50,17,35,94,1,68,61,30.49263818,117.53,83020000
1011,四川,2017,3,Sichuan,8.26,33.2,60.64,131,51,15,35,72,0.8,79,42,33.6758426,122.27,83020000
1012,四川,2017,4,Sichuan,13.13,68.45,62.12,215,52,15,32,62,0.7,105,33,36.13050209,164.26,83020000
1013,四川,2017,5,Sichuan,16.13,82.99,63.3,329,53,15,31,68,0.7,118,38,32.84436809,180.12,83020000
1014,四川,2017,6,Sichuan,18.51,164.17,72.28,354,54,13,27,51,0.7,105,29,28.8805587,130.04,83020000
1015,四川,2017,7,Sichuan,20.87,149.07,71.72,167,55,13,24,45,0.7,129,25,26.02195079,200.01,83020000
1016,四川,2017,8,Sichuan,21.14,159.32,73.81,80,56,10,21,36,0.6,112,20,27.086411,168.42,83020000
1017,四川,2017,9,Sichuan,17.97,126.87,77.86,75,57,12,25,42,0.7,79,24,31.19514309,117.4,83020000
1018,四川,2017,10,Sichuan,13.36,81.13,77.99,100,58,12,27,41,0.7,55,24,34.1260566,103.83,83020000
1019,四川,2017,11,Sichuan,8.07,13.23,67.82,169,59,14,36,77,0.9,61,48,33.35789333,145.69,83020000
1020,四川,2017,12,Sichuan,4.36,2.82,61.43,167,60,16,45,120,1.1,54,76,29.77169936,152.59,83020000
1021,四川,2018,1,Sichuan,2.95,8.56,55.33,109,61,15,41,98,1.1,62,64,27.12988264,150.48,83410000
1022,四川,2018,2,Sichuan,5.17,9.05,55,46,62,14,32,96,1,82,62,30.61756169,133.41,83410000
1023,四川,2018,3,Sichuan,10.13,38.17,59.46,90,63,14,35,74,0.8,102,44,34.55519379,177.57,83410000
1024,四川,2018,4,Sichuan,13.86,116.8,58.28,163,64,13,32,74,0.7,124,36,37.25352099,178.1,83410000
1025,四川,2018,5,Sichuan,16.92,120.2,64.82,267,65,13,28,65,0.6,122,33,33.54385843,156.78,83410000
1026,四川,2018,6,Sichuan,18.91,168.09,74.63,268,66,12,25,42,0.7,109,23,29.48205035,125.77,83410000
1027,四川,2018,7,Sichuan,21.02,217.66,77.39,143,67,11,21,36,0.7,106,20,26.6387334,137.33,83410000
1028,四川,2018,8,Sichuan,20.9,136.9,73.47,69,68,12,24,46,0.7,125,27,28.72174597,195.25,83410000
1029,四川,2018,9,Sichuan,17.35,124.62,78.99,77,69,11,23,37,0.7,83,22,32.98123228,104,83410000
1030,四川,2018,10,Sichuan,11.17,52.28,75.46,137,70,11,31,56,0.7,63,35,35.72062919,117.17,83410000
1031,四川,2018,11,Sichuan,6.71,17.28,66.63,203,71,11,34,70,0.8,57,46,34.65739883,147.77,83410000
1032,四川,2018,12,Sichuan,3.39,12.4,62.23,251,72,11,34,85,1,43,55,29.7367466,134.15,83410000
1033,四川,2019,1,Sichuan,5.8,6.4,82,145,73,8,55,115,1.12,43,78,26.77622848,51.3,83750000
1034,四川,2019,2,Sichuan,7.2,10.4,80,43,74,6,38,81,0.93,57,56,30.34188541,47.8,83750000
1035,四川,2019,3,Sichuan,12.2,34.4,79,113,75,7,51,78,0.8,78,44,33.99338379,76.1,83750000
1036,四川,2019,4,Sichuan,18.9,47.4,80,158,76,8,44,70,0.82,120,40,37.18103246,127.7,83750000
1037,四川,2019,5,Sichuan,19.8,118.3,85,222,77,6,36,57,0.77,112,33,33.34149222,68.1,83750000
1038,四川,2019,6,Sichuan,24.3,47.5,82,265,78,6,31,42,0.74,126,24,30.23818791,99.8,83750000
1039,四川,2019,7,Sichuan,24.6,279.4,89,151,79,5,37,38,0.77,108,21,27.51441291,77.1,83750000
1040,四川,2019,8,Sichuan,25.7,218.8,85,64,80,6,39,51,0.79,146,28,29.76011825,137,83750000
1041,四川,2019,9,Sichuan,20.6,248.8,93,103,81,6,38,50,0.81,76,30,33.30996022,37.7,83750000
1042,四川,2019,10,Sichuan,17.3,76.2,88,144,82,6,40,49,0.7,57,31,35.75283193,41.6,83750000
1043,四川,2019,11,Sichuan,12,19.9,86,200,83,7,41,75,0.7,39,47,33.15018991,23.6,83750000
1044,四川,2019,12,Sichuan,8,0.3,82,204,84,8,53,109,0.96,35,78,28.34185317,70.7,83750000
1045,四川,2020,1,Sichuan,7.1,13,83,91,85,7,42,87,0.99,47,69,23.86424498,62.7,83710000
1046,四川,2020,2,Sichuan,9.7,4.2,76,17,86,6,22,69,0.71,77,52,25.66456602,73.3,83710000
1047,四川,2020,3,Sichuan,13.5,25.3,74,23,87,8,39,74,0.64,87,40,29.6643699,88.1,83710000
1048,四川,2020,4,Sichuan,16,25.7,73,20,88,6,43,67,0.65,109,39,35.24520196,104.3,83710000
1049,四川,2020,5,Sichuan,22.6,59.5,69,38,89,6,40,74,0.59,151,41,34.43837116,128,83710000
1050,四川,2020,6,Sichuan,24.8,104.4,78,43,90,5,32,50,0.66,145,29,35.04898268,99.8,83710000
1051,四川,2020,7,Sichuan,25,101.8,84,59,91,5,28,37,0.67,115,21,32.35267756,77.6,83710000
1052,四川,2020,8,Sichuan,24.8,747.2,87,49,92,5,29,38,0.66,121,24,32.63047421,103,83710000
1053,四川,2020,9,Sichuan,21.2,52.8,87,51,93,6,33,41,0.68,85,24,32.97279016,47.5,83710000
1054,四川,2020,10,Sichuan,15.9,60,85,70,94,5,35,49,0.69,47,30,34.24934126,21.9,83710000
1055,四川,2020,11,Sichuan,13,4.2,83,83,95,8,51,89,0.79,47,57,35.37704018,27.2,83710000
1056,四川,2020,12,Sichuan,5.6,13.7,85,116,96,6,46,92,0.86,28,64,35.56292221,94,83710000
1057,湖北,2013,1,Hubei,3.99,14.5,73.65,30,1,57,92,223,2.1,26,200,19.13039361,116.63,57990000
1058,湖北,2013,2,Hubei,6.25,33.47,82.52,15,2,44,48,122,1.6,53,116,26.35027546,61.01,57990000
1059,湖北,2013,3,Hubei,12.9,65,69.55,38,3,50,57,150,1.3,80,93,35.50090748,152.8,57990000
1060,湖北,2013,4,Hubei,17.04,97.16,67.65,48,4,44,54,123,1.1,116,74,34.91816109,183.77,57990000
1061,湖北,2013,5,Hubei,22.02,180.22,76.58,46,5,36,53,107,1.1,134,69,31.10815637,152.65,57990000
1062,湖北,2013,6,Hubei,25.86,166.08,77.16,38,6,27,39,76,0.9,133,44,29.17901654,199.15,57990000
1063,湖北,2013,7,Hubei,29.59,132.14,75.03,23,7,30,30,64,0.6,116,29,27.90171013,231.16,57990000
1064,湖北,2013,8,Hubei,29.3,113.51,71.32,13,8,32,34,83,0.8,141,37,29.52957531,239.24,57990000
1065,湖北,2013,9,Hubei,22.27,142.49,79.84,12,9,39,52,104,1.2,127,63,33.48214124,142.88,57990000
1066,湖北,2013,10,Hubei,18.2,22.47,69.61,21,10,46,78,184,1.4,128,117,36.78569127,174.55,57990000
1067,湖北,2013,11,Hubei,12.05,46.48,75.16,35,11,49,74,167,1.5,57,106,37.57325117,129.77,57990000
1068,湖北,2013,12,Hubei,5.96,6.47,65.45,59,12,90,88,242,2.1,39,177,32.93501948,137.85,57990000
1069,湖北,2014,1,Hubei,6.37,21.64,65.39,47,13,79,60,266,2.2,54,196,29.58498547,134.51,58160000
1070,湖北,2014,2,Hubei,4.86,62.09,78.42,15,14,55,35,150,1.7,59,120,32.02080572,47.12,58160000
1071,湖北,2014,3,Hubei,12.8,54.45,70.74,46,15,53,47,154,1.4,78,95,34.16593967,136.11,58160000
1072,湖北,2014,4,Hubei,17.05,141.37,77,49,16,43,46,112,1.1,96,68,37.38678612,108.15,58160000
1073,湖北,2014,5,Hubei,21.03,117.14,73.9,65,17,36,46,150,1.1,99,80,34.02833736,130.57,58160000
1074,湖北,2014,6,Hubei,24.99,99.09,76.68,96,18,28,39,127,1.1,122,79,30.68068459,110.16,58160000
1075,湖北,2014,7,Hubei,27.16,148.91,78.29,48,19,27,31,89,1,100,49,26.38664114,214.25,58160000
1076,湖北,2014,8,Hubei,25.36,156.04,80.97,11,20,28,30,79,1,103,48,28.83058991,140.84,58160000
1077,湖北,2014,9,Hubei,22.81,141.91,83.16,24,21,29,32,88,1.1,78,54,33.3036994,108.86,58160000
1078,湖北,2014,10,Hubei,18.49,111.03,76.03,28,22,39,49,147,1.3,94,90,38.73218738,156.43,58160000
1079,湖北,2014,11,Hubei,11.84,91.83,78.52,60,23,39,49,112,1.2,52,78,37.65167965,86.88,58160000
1080,湖北,2014,12,Hubei,5.88,3.32,63.55,100,24,48,52,143,1.3,49,92,36.10739541,147.25,58160000
1081,湖北,2015,1,Hubei,6.14,25.68,70.32,138,25,40,52,179,1.8,51,125,30.48907681,96.83,58520000
1082,湖北,2015,2,Hubei,7.17,80.52,74.61,45,26,27,37,144,1.6,66,101,30.94402296,87.26,58520000
1083,湖北,2015,3,Hubei,11.93,61.59,74.19,60,27,22,32,111,1.3,76,69,33.35247254,116.98,58520000
1084,湖北,2015,4,Hubei,16.55,140.23,73.58,107,28,20,30,94,1.2,101,53,36.55785265,165.09,58520000
1085,湖北,2015,5,Hubei,21.99,166.2,76.29,132,29,17,25,100,1.2,118,62,33.4096537,157.78,58520000
1086,湖北,2015,6,Hubei,24.28,188.51,82.9,118,30,13,21,72,1.1,100,43,29.25281924,94.45,58520000
1087,湖北,2015,7,Hubei,26.34,136.7,78.23,63,31,11,18,63,0.9,107,38,27.48861479,201.78,58520000
1088,湖北,2015,8,Hubei,26.84,90.73,74.74,28,32,12,18,67,1,118,41,31.05015597,235.27,58520000
1089,湖北,2015,9,Hubei,23.19,102.98,76.42,46,33,14,23,79,1.1,125,51,35.46925318,133.31,58520000
1090,湖北,2015,10,Hubei,18.65,69.78,73.26,89,34,21,34,107,1.2,112,66,38.19251534,163.85,58520000
1091,湖北,2015,11,Hubei,10.9,79.02,86.68,127,35,14,31,71,1.3,42,49,36.5119277,51.14,58520000
1092,湖北,2015,12,Hubei,6.49,19.41,75.9,190,36,21,40,126,1.3,42,87,32.16510347,88.12,58520000
1093,湖北,2016,1,Hubei,3.83,35.63,76.35,138,37,21,40,137,1.5,46,97,28.69433726,NA,58850000
1094,湖北,2016,2,Hubei,7.61,27.51,62.77,44,38,19,32,115,1.2,81,71,30.24796033,142.35,58850000
1095,湖北,2016,3,Hubei,12.24,63.51,68.74,79,39,20,36,118,1.2,97,71,33.57216087,99.17,58850000
1096,湖北,2016,4,Hubei,18.33,155.67,78.35,104,40,14,29,76,1.1,105,42,36.86898364,125.01,58850000
1097,湖北,2016,5,Hubei,20.56,139.18,76.35,151,41,12,23,78,1,112,42,32.4554721,136.23,58850000
1098,湖北,2016,6,Hubei,24.54,240.26,80.13,124,42,10,20,57,1,106,32,28.94189937,145.79,58850000
1099,湖北,2016,7,Hubei,28.15,204.64,80.13,46,43,9,16,48,0.9,97,27,27.90364168,203.19,58850000
1100,湖北,2016,8,Hubei,28.14,115.15,76.32,36,44,10,18,63,0.9,122,36,30.10521168,196.24,58850000
1101,湖北,2016,9,Hubei,24.37,56.78,68.03,41,45,15,28,83,1,135,49,34.36217529,120,58850000
1102,湖北,2016,10,Hubei,17.69,4.43,82.69,49,46,10,28,56,1.1,63,36,36.43117953,63.12,58850000
1103,湖北,2016,11,Hubei,11.19,71.11,83.29,104,47,14,36,88,1.2,49,59,34.77700823,69.94,58850000
1104,湖北,2016,12,Hubei,7.58,36.95,78.06,95,48,17,47,127,1.4,50,92,31.6906905,102.75,58850000
1105,湖北,2017,1,Hubei,6.11,34.63,73.96,53,49,17,41,130,1.5,55,96,29.8254506,77.57,59020000
1106,湖北,2017,2,Hubei,7.2,41.11,72.41,47,50,17,36,100,1.3,70,71,32.26664036,93.28,59020000
1107,湖北,2017,3,Hubei,10.91,90.81,72.67,61,51,16,38,94,1.2,83,59,35.24919342,95.89,59020000
1108,湖北,2017,4,Hubei,17.28,131.32,73.7,88,52,15,32,79,1.2,104,43,35.79453963,159.29,59020000
1109,湖北,2017,5,Hubei,21.96,113.99,71.74,124,53,13,29,86,1.1,128,44,33.60973523,198.05,59020000
1110,湖北,2017,6,Hubei,24.35,175.03,80.36,109,54,10,23,61,1,119,37,30.37856422,124.78,59020000
1111,湖北,2017,7,Hubei,28.8,141.68,76.65,62,55,9,18,52,0.9,105,29,28.3338322,236.02,59020000
1112,湖北,2017,8,Hubei,27.53,163.34,81.01,39,56,9,19,49,1,106,29,28.36071546,173.51,59020000
1113,湖北,2017,9,Hubei,22.49,188.58,86.69,28,57,10,25,54,1,97,32,32.46318804,92.69,59020000
1114,湖北,2017,10,Hubei,16.22,163.16,86.31,30,58,10,28,55,1,74,34,37.35119699,76.65,59020000
1115,湖北,2017,11,Hubei,11.74,21.18,74.52,109,59,15,45,105,1.2,69,69,38.24606701,112.8,59020000
1116,湖北,2017,12,Hubei,6.56,4.53,65.76,118,60,18,53,125,1.3,54,89,34.26556404,132.97,59020000
1117,湖北,2018,1,Hubei,2.49,65.61,79.09,107,61,13,41,109,1.4,54,84,27.86633552,86.61,59170000
1118,湖北,2018,2,Hubei,6.19,30.22,69.01,32,62,13,36,109,1.2,74,72,31.81699435,120.88,59170000
1119,湖北,2018,3,Hubei,12.97,98.65,78.11,56,63,12,34,77,1.1,88,50,36.33023272,130.72,59170000
1120,湖北,2018,4,Hubei,18.32,NA,72.98,150,64,12,30,101,1,110,44,39.89437846,163.02,59170000
1121,湖北,2018,5,Hubei,22.08,210.76,79.5,218,65,9,25,72,0.9,110,35,35.32869236,114.73,59170000
1122,湖北,2018,6,Hubei,26.01,109.81,74.82,214,66,10,23,54,0.9,135,30,29.9365597,190.28,59170000
1123,湖北,2018,7,Hubei,28.66,146.96,79.36,107,67,9,19,45,0.9,113,25,27.5414031,198.78,59170000
1124,湖北,2018,8,Hubei,28.59,85.09,74.32,51,68,8,18,48,0.9,128,27,29.83824904,248.94,59170000
1125,湖北,2018,9,Hubei,23.14,97.46,76.68,58,69,10,26,57,1,118,30,35.54524901,123.16,59170000
1126,湖北,2018,10,Hubei,17.1,25.69,68.26,122,70,13,37,72,0.9,114,40,39.62488706,160.38,59170000
1127,湖北,2018,11,Hubei,11.61,73.89,80.51,276,71,12,40,88,1.1,70,57,38.17055738,105.36,59170000
1128,湖北,2018,12,Hubei,5.17,47.71,77.11,367,72,12,40,108,1.2,41,73,31.70934813,44.84,59170000
1129,湖北,2019,1,Hubei,3.7,59.9,82,190,73,9,56,105,1.39,34,94,27.06458846,47.6,59270000
1130,湖北,2019,2,Hubei,4.1,66,87,54,74,7,35,77,0.97,47,64,30.09656956,19.4,59270000
1131,湖北,2019,3,Hubei,12.5,60.5,77,114,75,10,54,86,1,82,49,33.57930401,135.8,59270000
1132,湖北,2019,4,Hubei,17.7,144.6,79,138,76,9,42,67,1.04,109,37,36.40990212,134.2,59270000
1133,湖北,2019,5,Hubei,21.4,189.2,75,158,77,8,47,80,0.89,124,37,32.63599305,136.1,59270000
1134,湖北,2019,6,Hubei,26.1,335.6,81,157,78,6,33,51,0.92,145,28,29.65678941,146.9,59270000
1135,湖北,2019,7,Hubei,29.3,62.1,77,77,79,6,29,47,0.83,127,25,27.95376812,220.8,59270000
1136,湖北,2019,8,Hubei,30.4,14.4,70,35,80,8,30,53,0.94,158,30,31.32450871,242.3,59270000
1137,湖北,2019,9,Hubei,25.1,1.6,68,65,81,12,41,63,0.94,160,34,36.54107123,200.3,59270000
1138,湖北,2019,10,Hubei,18.3,35.6,79,113,82,9,42,57,0.87,103,32,39.61297437,126.5,59270000
1139,湖北,2019,11,Hubei,12.9,56.7,77,251,83,11,58,88,0.94,72,48,36.21861311,108.3,59270000
1140,湖北,2019,12,Hubei,6.5,27.1,80,233,84,11,63,97,1.13,39,67,27.66405296,103.5,59270000
1141,湖北,2020,1,Hubei,4.1,113.2,86,75,85,7,37,70,0.98,48,60,17.85707798,93.9,57450000
1142,湖北,2020,2,Hubei,8.6,106.9,81,2,86,8,21,46,0.92,75,38,22.94033097,173.4,57450000
1143,湖北,2020,3,Hubei,13,84.4,79,4,87,9,22,53,0.95,90,34,29.26137255,224.7,57450000
1144,湖北,2020,4,Hubei,16.8,45.9,71,5,88,9,36,59,0.73,120,34,39.71392457,212.5,57450000
1145,湖北,2020,5,Hubei,23.1,124.3,77,8,89,8,36,62,0.81,127,35,37.22129322,155.2,57450000
1146,湖北,2020,6,Hubei,26.5,420.4,86,17,90,6,26,31,0.78,103,20,35.75343567,97.1,57450000
1147,湖北,2020,7,Hubei,26.5,553.6,88,15,91,6,26,33,0.8,102,22,33.09401129,62,57450000
1148,湖北,2020,8,Hubei,30,121,76,10,92,6,26,41,0.68,123,21,32.22630414,240.6,57450000
1149,湖北,2020,9,Hubei,23.1,169.2,85,17,93,7,37,51,0.84,123,30,33.05022598,99.4,57450000
1150,湖北,2020,10,Hubei,16.7,173.1,85,12,94,8,48,68,0.9,85,36,35.99747371,98.5,57450000
1151,湖北,2020,11,Hubei,12.5,81.9,82,23,95,10,53,70,0.83,67,40,31.93234672,113.2,57450000
1152,湖北,2020,12,Hubei,4.8,18.4,76,21,96,12,64,105,1.04,44,80,32.42148483,83.3,57450000
1153,上海,2013,1,Shanghai,4.6,22.8,70,250,1,30,67,109,1.3,41,91,25.19913702,76.25,24150000
1154,上海,2013,2,Shanghai,6.8,81.5,75,53,2,19,39,72,0.9,85,59,38.99173997,70.55,24150000
1155,上海,2013,3,Shanghai,11,58.1,65,150,3,23,52,96,1,99,63,54.24104411,153.3,24150000
1156,上海,2013,4,Shanghai,15.3,72.5,57,179,4,25,50,94,1,117,61,57.2317069,203.9,24150000
1157,上海,2013,5,Shanghai,21.3,117.7,71,213,5,16,37,74,0.9,121,57,48.70708215,156.5,24150000
1158,上海,2013,6,Shanghai,24.1,183.5,77,155,6,13,35,63,0.8,105,53,43.92876295,72.3,24150000
1159,上海,2013,7,Shanghai,32,102.1,58,54,7,15,32,72,0.7,148,43,42.93846827,263.25,24150000
1160,上海,2013,8,Shanghai,31,111.5,63,41,8,13,25,56,0.7,121,33,47.46914734,242.15,24150000
1161,上海,2013,9,Shanghai,25,61.1,74,47,9,13,30,47,0.7,97,27,55.60963286,177.05,24150000
1162,上海,2013,10,Shanghai,20,291.7,72,75,10,15,32,59,0.7,95,33,61.034575,136.05,24150000
1163,上海,2013,11,Shanghai,13.4,20.4,67,187,11,36,64,124,1.1,77,82,61.90653982,109.65,24150000
1164,上海,2013,12,Shanghai,6.1,50.5,69,367,12,49,74,144,1.4,49,132,53.47109639,75.1,24150000
1165,上海,2014,1,Shanghai,6.8,19.8,70,244,13,28,53,92,0.9,56,76,45.70819989,108.65,24260000
1166,上海,2014,2,Shanghai,6.1,143.9,80,75,14,16,37,58,0.8,76,51,50.54128876,55.45,24260000
1167,上海,2014,3,Shanghai,11.5,59.6,69,251,15,20,51,83,0.8,105,57,56.66921226,155.35,24260000
1168,上海,2014,4,Shanghai,15.7,139.4,75,362,16,15,47,71,0.7,109,52,61.66089239,121.25,24260000
1169,上海,2014,5,Shanghai,21.7,61.5,64,640,17,17,42,103,0.7,145,63,51.28636792,182.3,24260000
1170,上海,2014,6,Shanghai,23.3,175.9,80,510,18,11,36,60,0.7,118,44,43.08955541,71.75,24260000
1171,上海,2014,7,Shanghai,27.4,192.2,81,138,19,11,32,64,0.7,110,44,37.46389494,127.5,24260000
1172,上海,2014,8,Shanghai,26.3,229.3,82,47,20,12,34,53,0.7,112,37,44.18362635,81.55,24260000
1173,上海,2014,9,Shanghai,24.2,196,80,71,21,13,32,52,0.7,116,34,55.12161604,103.5,24260000
1174,上海,2014,10,Shanghai,20.2,37.3,68,134,22,15,41,69,0.8,118,38,63.40949971,183.75,24260000
1175,上海,2014,11,Shanghai,14.8,34.6,71,373,23,17,52,71,0.8,85,51,63.06535394,83.6,24260000
1176,上海,2014,12,Shanghai,5.7,5.8,60,729,24,36,69,114,1.1,48,71,54.06349839,129.45,24260000
1177,上海,2015,1,Shanghai,6,61.1,69,663,25,29,63,110,1.1,58,81,42.65476339,115.25,24150000
1178,上海,2015,2,Shanghai,6.8,81.1,71,100,26,20,47,87,0.9,83,63,47.84994593,97.15,24150000
1179,上海,2015,3,Shanghai,10.6,96.4,73,299,27,15,48,71,0.9,104,53,54.91734872,137.9,24150000
1180,上海,2015,4,Shanghai,15.9,108.9,67,612,28,16,53,87,0.8,125,54,62.03396334,173.9,24150000
1181,上海,2015,5,Shanghai,20.5,131.4,71,872,29,11,37,58,0.7,126,39,49.78040004,162.65,24150000
1182,上海,2015,6,Shanghai,24.2,NA,80,606,30,11,36,57,0.7,130,43,40.80621201,82.35,24150000
1183,上海,2015,7,Shanghai,26.7,173.1,79,150,31,11,31,57,0.7,133,39,37.65344286,121.1,24150000
1184,上海,2015,8,Shanghai,27.8,125.6,75,66,32,12,27,57,0.7,135,39,45.22510779,161.95,24150000
1185,上海,2015,9,Shanghai,24.2,140.4,74,98,33,12,31,49,0.7,132,33,56.72868099,146.1,24150000
1186,上海,2015,10,Shanghai,19.6,49.1,71,237,34,16,49,73,0.8,126,47,61.04007836,158.3,24150000
1187,上海,2015,11,Shanghai,14,113.9,81,480,35,16,57,73,1.1,69,57,56.97205105,59.6,24150000
1188,上海,2015,12,Shanghai,7.8,81.4,74,496,36,25,67,104,1.2,51,81,48.20588862,94.35,24150000
1189,上海,2016,1,Shanghai,4.4,78.6,72,354,37,24,57,90,1,69,69,42.69039526,NA,24200000
1190,上海,2016,2,Shanghai,6.9,23.1,64,114,38,19,43,77,0.8,96,54,48.0809976,NA,24200000
1191,上海,2016,3,Shanghai,11,49.3,68,253,39,16,49,75,0.7,106,52,52.92454247,128,24200000
1192,上海,2016,4,Shanghai,16.7,142.7,75,363,40,14,50,81,0.7,125,55,56.65970181,119,24200000
1193,上海,2016,5,Shanghai,20.6,159.5,76,464,41,12,41,76,0.7,134,50,47.25511064,122.5,24200000
1194,上海,2016,6,Shanghai,24.2,239.2,83,291,42,10,36,53,0.7,121,39,40.29801954,91.5,24200000
1195,上海,2016,7,Shanghai,29.9,166.8,75,76,43,10,30,59,0.8,143,38,40.28079975,173,24200000
1196,上海,2016,8,Shanghai,29.5,32.4,71,52,44,11,22,36,0.7,104,18,47.14457048,259,24200000
1197,上海,2016,9,Shanghai,24.9,291.6,77,96,45,11,34,45,0.7,112,32,54.54625489,94.5,24200000
1198,上海,2016,10,Shanghai,20.84,9.55,79.52,117,46,11,33,37,0.6,86,21,58.76489443,36.5,24200000
1199,上海,2016,11,Shanghai,13.6,68.1,79,265,47,15,58,62,0.9,69,44,57.52409795,89.5,24200000
1200,上海,2016,12,Shanghai,9.1,48.8,75,477,48,18,64,77,1.1,64,57,51.7283974,103,24200000
1201,上海,2017,1,Shanghai,7.14,63.85,71.59,315,49,17,47,58,0.9,73,44,43.98048614,97.2,24180000
1202,上海,2017,2,Shanghai,7.1,19.45,64.55,112,50,14,49,60,0.8,92,50,47.56079454,108.8,24180000
1203,上海,2017,3,Shanghai,10.6,89.05,66.2,228,51,12,50,62,0.7,107,45,54.81753398,133.9,24180000
1204,上海,2017,4,Shanghai,17.45,93.3,62.95,442,52,12,51,73,0.8,131,44,59.7078792,199.8,24180000
1205,上海,2017,5,Shanghai,22.14,62.25,65.32,794,53,11,37,66,0.6,135,32,51.07055219,217.7,24180000
1206,上海,2017,6,Shanghai,24.05,176.8,77.2,610,54,9,35,47,0.7,128,38,41.92520341,111.6,24180000
1207,上海,2017,7,Shanghai,31.95,54.45,65.6,166,55,10,30,57,0.7,173,33,38.54224962,243.65,24180000
1208,上海,2017,8,Shanghai,29.7,254.85,74.25,87,56,8,32,50,0.7,147,31,42.99447412,169.75,24180000
1209,上海,2017,9,Shanghai,24.8,315.7,77.05,109,57,9,36,43,0.7,117,26,51.61675802,112.05,24180000
1210,上海,2017,10,Shanghai,19.4,80.45,74.25,130,58,9,33,43,0.7,102,24,59.26084497,127.2,24180000
1211,上海,2017,11,Shanghai,13.95,77.4,71.45,434,59,13,59,70,0.8,79,42,59.53392588,107.05,24180000
1212,上海,2017,12,Shanghai,7.5,20.4,62.1,769,60,15,68,76,1,63,54,52.24574354,149.1,24180000
1213,上海,2018,1,Shanghai,4.65,99.2,71.95,514,61,14,58,68,1,63,58,41.06397119,79.3,24240000
1214,上海,2018,2,Shanghai,5.6,60.1,65.4,123,62,14,47,63,0.8,90,44,44.97962114,131.8,24240000
1215,上海,2018,3,Shanghai,12.35,75.35,74.1,219,63,12,45,54,0.6,102,41,52.79415931,168.9,24240000
1216,上海,2018,4,Shanghai,17.81,NA,65.05,477,64,13,47,83,0.7,132,42,58.26441633,186.8,24240000
1217,上海,2018,5,Shanghai,22.45,154.35,74.34,702,65,11,41,64,0.7,137,44,49.41578392,143.7,24240000
1218,上海,2018,6,Shanghai,25.35,75.5,73,472,66,10,32,45,0.6,146,35,41.04181748,172.15,24240000
1219,上海,2018,7,Shanghai,29.35,128.85,76.45,151,67,8,24,37,0.5,98,21,38.07459295,220.6,24240000
1220,上海,2018,8,Shanghai,29.5,239.95,77.7,82,68,6,20,32,0.5,100,16,42.85564685,218.75,24240000
1221,上海,2018,9,Shanghai,26.1,138.05,73.05,76,69,8,36,44,0.7,122,26,53.50671374,141.5,24240000
1222,上海,2018,10,Shanghai,19.05,32.8,62.8,178,70,9,44,51,0.6,120,27,60.26266253,173.7,24240000
1223,上海,2018,11,Shanghai,14.75,99.5,78.95,494,71,7,58,53,0.7,89,42,61.21702221,99.05,24240000
1224,上海,2018,12,Shanghai,8.5,146.7,78.3,888,72,9,54,54,0.7,59,37,50.63423551,54.35,24240000
1225,上海,2019,1,Shanghai,5.8,61.4,77,670,73,9,57,61,0.83,60,49,40.61497038,74.6,24280000
1226,上海,2019,2,Shanghai,6.1,148.1,80,116,74,6,36,51,0.72,76,41,44.23461352,44.2,24280000
1227,上海,2019,3,Shanghai,11.3,46.2,71,286,75,7,52,65,0.76,100,51,48.36538924,138.6,24280000
1228,上海,2019,4,Shanghai,16.4,63.8,75,339,76,6,45,51,0.7,106,40,54.1287976,126.9,24280000
1229,上海,2019,5,Shanghai,20.8,53.1,63,324,77,7,39,53,0.61,134,33,46.59049097,189.2,24280000
1230,上海,2019,6,Shanghai,23.9,128.2,79,331,78,5,28,31,0.54,121,29,43.33007546,131.9,24280000
1231,上海,2019,7,Shanghai,27.5,137.4,81,132,79,5,29,32,0.5,117,26,41.35310323,142.1,24280000
1232,上海,2019,8,Shanghai,28.5,306.9,79,96,80,6,27,34,0.6,113,24,42.58752863,183.4,24280000
1233,上海,2019,9,Shanghai,24.5,229.9,79,68,81,6,33,32,0.61,105,21,52.24294171,161.5,24280000
1234,上海,2019,10,Shanghai,19.8,110.9,74,146,82,8,43,56,0.63,98,31,58.08045978,146.2,24280000
1235,上海,2019,11,Shanghai,14.9,22.5,69,417,83,8,46,57,0.6,83,27,60.37536327,138.2,24280000
1236,上海,2019,12,Shanghai,8.8,96,77,670,84,9,63,52,0.81,61,50,47.18776346,140.2,24280000
1237,上海,2020,1,Shanghai,7.3,142.7,81,396,85,7,44,45,0.85,67,54,29.93823609,70.2,24880000
1238,上海,2020,2,Shanghai,8.6,59.7,76,10,86,6,29,35,0.62,87,33,25.93297248,147.9,24880000
1239,上海,2020,3,Shanghai,12.3,95,70,3,87,6,33,39,0.57,99,27,38.65946429,155.4,24880000
1240,上海,2020,4,Shanghai,15.2,28.1,63,6,88,7,41,54,0.6,127,33,52.33306725,218.4,24880000
1241,上海,2020,5,Shanghai,22.3,75.2,76,13,89,7,36,51,0.73,130,39,51.99466352,151.3,24880000
1242,上海,2020,6,Shanghai,25.3,306.5,86,7,90,6,33,31,0.7,110,30,47.65614732,96.7,24880000
1243,上海,2020,7,Shanghai,26.6,343.1,85,9,91,5,32,32,0.61,105,27,47.18907844,98.4,24880000
1244,上海,2020,8,Shanghai,30.5,190.1,73,8,92,6,23,35,0.5,103,20,52.60383215,262.2,24880000
1245,上海,2020,9,Shanghai,24.3,183.8,76,16,93,6,40,38,0.72,112,25,54.89174683,171.2,24880000
1246,上海,2020,10,Shanghai,19.2,43.4,69,23,94,7,37,38,0.59,97,19,62.92427197,190.7,24880000
1247,上海,2020,11,Shanghai,15.3,75.6,76,99,95,7,42,44,0.64,78,27,57.4457152,147,24880000
1248,上海,2020,12,Shanghai,7,11.8,70,173,96,7,55,53,0.78,57,47,57.17857229,121.5,24880000
1249,安徽,2013,1,Anhui,2.39,20.5,72.75,24,1,36,53,153,1.6,35,143,17.13049938,118,60300000
1250,安徽,2013,2,Anhui,5.46,79.54,78.33,11,2,20,32,96,1,54,87,22.85185307,87.16,60300000
1251,安徽,2013,3,Anhui,11.25,78.87,64.83,48,3,21,41,109,0.9,61,70,29.55879494,168.94,60300000
1252,安徽,2013,4,Anhui,15.76,63.71,59.04,39,4,18,38,112,0.7,76,63,28.9044951,212.11,60300000
1253,安徽,2013,5,Anhui,21.59,158.01,72.83,48,5,15,33,110,0.8,86,71,25.46220704,170.47,60300000
1254,安徽,2013,6,Anhui,24.76,115.55,76.38,49,6,16,25,96,0.7,82,72,24.17529925,165.22,60300000
1255,安徽,2013,7,Anhui,29.35,163.07,72.58,23,7,13,18,77,0.4,77,36,22.23419952,235.94,60300000
1256,安徽,2013,8,Anhui,29.68,111.68,70,12,8,16,21,102,0.6,85,46,24.38406617,235.1,60300000
1257,安徽,2013,9,Anhui,22.76,113.71,76.33,15,9,15,27,96,0.7,76,63,27.52206369,159.62,60300000
1258,安徽,2013,10,Anhui,17.44,23.94,68.71,26,10,21,37,143,0.9,69,102,29.27743523,195.18,60300000
1259,安徽,2013,11,Anhui,10.89,32.29,70.5,28,11,27,40,155,1.1,43,113,29.30872014,160.96,60300000
1260,安徽,2013,12,Anhui,3.58,20.91,64.92,54,12,44,46,198,1.9,33,164,26.21514427,151.19,60300000
1261,安徽,2014,1,Anhui,4.91,21.8,66.71,37,13,41,44,172,1.6,49,139,23.82453125,155.9,60830000
1262,安徽,2014,2,Anhui,4.1,104.03,82.96,13,14,29,28,93,1.1,52,74,25.2659885,69.97,60830000
1263,安徽,2014,3,Anhui,11.63,78.6,71.75,23,15,23,30,107,1.1,52,84,29.2873763,168.16,60830000
1264,安徽,2014,4,Anhui,16.11,146.48,78.88,56,16,18,25,97,1,58,59,31.18446085,147.57,60830000
1265,安徽,2014,5,Anhui,21.78,101.81,70.12,68,17,22,27,149,1.1,69,79,28.21720806,201.14,60830000
1266,安徽,2014,6,Anhui,24.62,127.97,78,69,18,34,22,115,1.2,84,85,24.77962519,133.19,60830000
1267,安徽,2014,7,Anhui,26.79,169.09,83.29,47,19,20,20,85,1,66,59,23.32975204,172.2,60830000
1268,安徽,2014,8,Anhui,24.9,168.2,86.83,22,20,13,18,73,1,53,49,24.07008197,108.54,60830000
1269,安徽,2014,9,Anhui,22.51,136.21,87.29,26,21,17,24,78,1.1,58,49,26.50124205,86.11,60830000
1270,安徽,2014,10,Anhui,17.98,62.57,76.54,28,22,23,36,104,1.2,56,63,29.96822632,187.75,60830000
1271,安徽,2014,11,Anhui,11.14,97.05,80,60,23,24,39,90,1.5,38,69,31.03960677,110.52,60830000
1272,安徽,2014,12,Anhui,3.78,5.13,62.17,100,24,32,40,90,1.2,33,59,30.08722833,190.2,60830000
1273,安徽,2015,1,Anhui,4.41,30.93,71.42,157,25,30,38,108,1.4,55,78,25.97698983,121.09,61440000
1274,安徽,2015,2,Anhui,5.84,83.44,74.5,64,26,25,25,90,1.2,60,64,25.39423978,118.04,61440000
1275,安徽,2015,3,Anhui,10.48,83.76,77,75,27,21,25,70,1.1,61,47,26.93858767,142.66,61440000
1276,安徽,2015,4,Anhui,15.42,138.17,75.75,104,28,23,27,77,1,71,48,29.52397178,186.09,61440000
1277,安徽,2015,5,Anhui,21.35,131.19,78.42,180,29,23,28,90,0.8,87,59,26.72582042,158.69,61440000
1278,安徽,2015,6,Anhui,24.13,238.77,81.04,103,30,19,25,66,0.8,84,41,23.67803773,110.34,61440000
1279,安徽,2015,7,Anhui,25.77,168.69,83.08,57,31,17,22,55,0.7,72,35,21.69587545,151.26,61440000
1280,安徽,2015,8,Anhui,26.22,128.61,81.04,27,32,18,25,65,0.7,80,39,25.14998223,196.16,61440000
1281,安徽,2015,9,Anhui,22.4,52.49,78.62,34,33,18,27,69,0.8,83,42,28.85854221,164.18,61440000
1282,安徽,2015,10,Anhui,17.58,62.57,74.42,72,34,22,37,99,0.9,86,64,30.62192366,171.66,61440000
1283,安徽,2015,11,Anhui,10.24,124.37,86.79,100,35,22,35,75,1.1,58,53,29.44515604,63.86,61440000
1284,安徽,2015,12,Anhui,5.38,28.26,76.46,103,36,29,46,119,1.3,53,85,26.13654135,110.28,61440000
1285,安徽,2016,1,Anhui,2.53,57.98,78.08,106,37,26,44,107,1.2,52,81,24.11626404,NA,61960000
1286,安徽,2016,2,Anhui,5.91,27.89,65.38,34,38,25,37,91,1.1,68,65,26.47008609,155.56,61960000
1287,安徽,2016,3,Anhui,10.95,52.21,68.96,82,39,24,42,98,1,81,69,27.77502533,136.38,61960000
1288,安徽,2016,4,Anhui,17.15,134.19,80.62,94,40,19,36,79,0.9,98,48,29.69887183,137.03,61960000
1289,安徽,2016,5,Anhui,19.98,147.9,79.67,106,41,19,31,77,0.8,107,47,26.03751082,138.15,61960000
1290,安徽,2016,6,Anhui,24.08,204.41,84.71,85,42,19,29,52,0.7,99,33,24.74089716,126.47,61960000
1291,安徽,2016,7,Anhui,27.85,197.1,84.21,54,43,17,27,45,0.7,95,28,22.94648499,171.59,61960000
1292,安徽,2016,8,Anhui,28.14,69.37,77.62,29,44,19,27,51,0.8,116,29,24.32081032,214.2,61960000
1293,安徽,2016,9,Anhui,23.37,145.07,75.88,23,45,20,32,65,0.8,121,39,28.02770181,130,61960000
1294,安徽,2016,10,Anhui,17.46,7.44,87.69,49,46,17,34,59,0.8,64,38,30.16806855,38.35,61960000
1295,安徽,2016,11,Anhui,10.58,66.8,83.71,72,47,21,46,95,1,63,62,30.22335302,101.67,61960000
1296,安徽,2016,12,Anhui,6.48,63.68,79,80,48,24,56,126,1.3,59,92,26.96706957,121.88,61960000
1297,安徽,2017,1,Anhui,4.5,61.22,76.62,83,49,22,46,121,1.2,60,88,25.54945091,114.27,62550000
1298,安徽,2017,2,Anhui,5.79,35.67,71.32,39,50,22,43,113,1,84,82,27.43662374,118.55,62550000
1299,安徽,2017,3,Anhui,9.72,89.52,70.42,86,51,19,43,100,0.8,96,64,29.17533672,122.53,62550000
1300,安徽,2017,4,Anhui,17.13,104.85,70.31,110,52,17,37,96,0.9,120,53,31.83721047,199.98,62550000
1301,安徽,2017,5,Anhui,22.1,103.22,71.26,206,53,15,31,99,0.8,148,51,28.23127247,214.96,62550000
1302,安徽,2017,6,Anhui,24.38,159.59,78.28,202,54,14,26,71,0.7,145,42,24.85085334,144.58,62550000
1303,安徽,2017,7,Anhui,29.26,122.23,78.24,73,55,14,24,55,0.6,112,30,22.28082133,228.71,62550000
1304,安徽,2017,8,Anhui,27.05,247.44,84.48,41,56,14,24,52,0.7,109,28,24.15208589,160.13,62550000
1305,安徽,2017,9,Anhui,22.42,176.94,86.33,44,57,14,31,61,0.8,106,35,28.10981092,109.66,62550000
1306,安徽,2017,10,Anhui,15.91,118.12,82.54,63,58,17,40,77,0.8,94,46,30.66930149,115.91,62550000
1307,安徽,2017,11,Anhui,11.11,24.03,71.07,110,59,18,53,112,0.9,76,68,30.79842877,140.46,62550000
1308,安徽,2017,12,Anhui,4.62,16.64,67.96,170,60,20,58,130,1.1,58,92,27.43155161,144.51,62550000
1309,安徽,2018,1,Anhui,1.12,84.82,79.39,119,61,17,48,115,1.1,64,92,23.96920816,89.6,63240000
1310,安徽,2018,2,Anhui,4.11,45.58,70.41,41,62,16,39,101,0.9,78,68,25.31858744,130.86,63240000
1311,安徽,2018,3,Anhui,11.84,102.64,76.41,67,63,14,38,81,0.8,101,53,28.88145706,157.72,63240000
1312,安徽,2018,4,Anhui,17.23,NA,72.08,108,64,13,35,103,0.8,126,48,31.67741963,177.36,63240000
1313,安徽,2018,5,Anhui,21.71,214.29,80.96,188,65,11,28,75,0.7,123,41,28.86478872,132.44,63240000
1314,安徽,2018,6,Anhui,25.45,122.93,75.52,159,66,12,24,61,0.7,157,35,25.36878794,198.13,63240000
1315,安徽,2018,7,Anhui,28.46,182.66,81.46,99,67,10,21,46,0.6,113,24,22.94682379,214.69,63240000
1316,安徽,2018,8,Anhui,27.94,246.81,82.3,37,68,11,21,47,0.7,121,26,25.68029447,204.44,63240000
1317,安徽,2018,9,Anhui,23.06,79.26,79.34,68,69,12,29,62,0.7,124,32,28.58219644,157.93,63240000
1318,安徽,2018,10,Anhui,16.36,12.99,68.59,84,70,14,41,82,0.7,123,46,31.93264612,196.73,63240000
1319,安徽,2018,11,Anhui,11.26,76.84,82.26,168,71,11,44,93,1,77,65,29.99110937,116.56,63240000
1320,安徽,2018,12,Anhui,4.49,115.75,80.69,201,72,12,47,94,1,51,66,27.21673919,65.73,63240000
1321,安徽,2019,1,Anhui,2.8,55.3,82,138,73,8,53,98,1.08,44,87,23.93808156,96.3,63660000
1322,安徽,2019,2,Anhui,3.4,88,88,53,74,4,34,71,0.89,63,65,26.14017947,39.9,63660000
1323,安徽,2019,3,Anhui,11.5,12.9,71,100,75,7,49,88,0.74,95,55,29.0124461,176.3,63660000
1324,安徽,2019,4,Anhui,16.7,46.7,79,136,76,6,41,73,0.75,104,42,31.94766822,167.7,63660000
1325,安徽,2019,5,Anhui,21.5,47.9,69,239,77,5,39,69,0.65,138,30,28.89854375,214.7,63660000
1326,安徽,2019,6,Anhui,25.4,156.7,79,244,78,4,29,50,0.7,153,28,25.73069611,210.4,63660000
1327,安徽,2019,7,Anhui,28.3,20.8,80,111,79,4,26,51,0.62,131,26,23.49594032,236.2,63660000
1328,安徽,2019,8,Anhui,27.9,51.3,79,63,80,5,27,48,0.65,138,21,25.66576056,242.7,63660000
1329,安徽,2019,9,Anhui,23.2,11.9,77,84,81,6,39,66,0.73,137,30,30.09724818,196.2,63660000
1330,安徽,2019,10,Anhui,17.1,17.8,79,145,82,8,50,88,0.74,92,43,32.96952597,149.7,63660000
1331,安徽,2019,11,Anhui,11.7,48,73,348,83,8,54,84,0.68,72,41,31.56273814,171.5,63660000
1332,安徽,2019,12,Anhui,5.6,24.3,82,416,84,8,57,73,0.87,41,59,24.954674,146.9,63660000
1333,安徽,2020,1,Anhui,3.4,102.4,90,160,85,6,42,59,0.87,45,65,17.65955939,52.7,61050000
1334,安徽,2020,2,Anhui,7.4,44.5,80,10,86,6,23,44,0.59,75,36,20.77952595,133.7,61050000
1335,安徽,2020,3,Anhui,11.7,112,76,18,87,7,37,60,0.61,84,35,25.30323221,157.6,61050000
1336,安徽,2020,4,Anhui,15.4,19.8,71,22,88,9,47,71,0.59,111,32,31.01235162,224.3,61050000
1337,安徽,2020,5,Anhui,22.9,45.2,75,26,89,6,34,64,0.56,137,31,28.51966458,217.3,61050000
1338,安徽,2020,6,Anhui,25.4,344.1,87,29,90,5,26,38,0.54,100,19,29.60151672,125.5,61050000
1339,安徽,2020,7,Anhui,25.1,529.9,93,40,91,4,25,36,0.66,93,24,28.90082183,83.3,61050000
1340,安徽,2020,8,Anhui,28.9,90.7,85,48,92,5,22,44,0.55,109,18,27.70622328,229.1,61050000
1341,安徽,2020,9,Anhui,23.1,64.7,84,33,93,6,41,62,0.66,131,28,27.77596593,172.9,61050000
1342,安徽,2020,10,Anhui,16.3,63,85,41,94,8,50,66,0.68,89,34,28.98289474,136.8,61050000
1343,安徽,2020,11,Anhui,11.5,61.9,82,61,95,9,53,69,0.75,59,38,29.62783284,151,61050000
1344,安徽,2020,12,Anhui,3.5,19.4,74,69,96,10,62,85,0.95,41,73,28.92202534,133.8,61050000
1345,江蘇,2013,1,Jiangsu,1.72,11.57,74.35,142,1,51,61,160,1.7,35,119,18.89094072,146.7,79390000
1346,江蘇,2013,2,Jiangsu,4.32,63.16,78.57,40,2,28,30,106,1.2,77,81,28.89863945,96.34,79390000
1347,江蘇,2013,3,Jiangsu,9.5,36.28,64.35,116,3,36,41,122,1.1,85,68,40.55998558,196.9,79390000
1348,江蘇,2013,4,Jiangsu,14.39,32.17,58.48,196,4,35,40,117,1,111,62,41.75010992,246.76,79390000
1349,江蘇,2013,5,Jiangsu,20.45,127.45,75.57,233,5,26,33,101,1,111,60,35.16155652,177.71,79390000
1350,江蘇,2013,6,Jiangsu,23.86,115.03,78.7,160,6,22,29,105,0.9,116,68,30.39459499,152.21,79390000
1351,江蘇,2013,7,Jiangsu,30.16,144.39,73.65,57,7,23,28,76,0.8,110,38,29.22860384,240.34,79390000
1352,江蘇,2013,8,Jiangsu,29.82,74.67,73.39,31,8,25,26,77,0.8,116,39,32.82172651,271.04,79390000
1353,江蘇,2013,9,Jiangsu,23.03,103.09,78.26,39,9,23,30,75,0.9,95,45,38.38474683,180.51,79390000
1354,江蘇,2013,10,Jiangsu,17.5,68.32,72.61,56,10,27,38,101,0.9,96,59,42.68671525,212.05,79390000
1355,江蘇,2013,11,Jiangsu,10.87,22.64,68.61,125,11,40,51,151,1.2,59,90,43.1705308,170.57,79390000
1356,江蘇,2013,12,Jiangsu,3.64,8.71,65.87,228,12,60,64,214,1.7,42,152,39.00833969,163.93,79390000
1357,江蘇,2014,1,Jiangsu,4.3,15.51,69.74,206,13,43,49,159,1.4,49,109,33.73415425,169.12,79600000
1358,江蘇,2014,2,Jiangsu,3.83,87.35,79.13,75,14,28,33,98,1.1,70,76,35.43981289,96.07,79600000
1359,江蘇,2014,3,Jiangsu,10.8,49.87,67.87,155,15,34,43,127,1.1,86,76,39.32787185,192.16,79600000
1360,江蘇,2014,4,Jiangsu,15.51,92.67,75.04,237,16,26,37,99,1,105,61,43.12597747,182.57,79600000
1361,江蘇,2014,5,Jiangsu,21.83,66.15,63.7,441,17,31,39,142,1,144,71,37.3325869,248.53,79600000
1362,江蘇,2014,6,Jiangsu,23.78,112.36,78.65,334,18,23,32,107,0.9,136,71,32.41996931,135.97,79600000
1363,江蘇,2014,7,Jiangsu,26.84,198.44,82.48,121,19,19,27,86,0.9,121,54,28.70361586,168.13,79600000
1364,江蘇,2014,8,Jiangsu,25.19,193.82,86.35,68,20,19,28,70,0.9,107,45,31.53923672,126.53,79600000
1365,江蘇,2014,9,Jiangsu,22.49,134.93,85.26,48,21,20,28,63,0.8,100,37,38.98380789,117.1,79600000
1366,江蘇,2014,10,Jiangsu,17.95,43.27,75.96,128,22,24,37,93,0.8,106,51,42.38705668,217.31,79600000
1367,江蘇,2014,11,Jiangsu,11.72,66.4,75.26,223,23,31,47,114,1.1,72,69,43.56401171,140.24,79600000
1368,江蘇,2014,12,Jiangsu,3.32,3.88,60.74,320,24,45,49,132,1.2,50,76,38.33671105,201.57,79600000
1369,江蘇,2015,1,Jiangsu,3.85,25.49,69.74,373,25,36,50,138,1.3,53,93,34.77463782,131.21,79760000
1370,江蘇,2015,2,Jiangsu,5.21,35.2,70.35,162,26,24,34,109,1.1,74,71,35.22717536,132.24,79760000
1371,江蘇,2015,3,Jiangsu,9.63,64.74,72.17,227,27,24,38,96,1,88,57,38.01197985,166.75,79760000
1372,江蘇,2015,4,Jiangsu,14.63,81.47,70.91,332,28,27,40,97,1,121,54,41.63133246,196.72,79760000
1373,江蘇,2015,5,Jiangsu,20.18,93.26,73.83,571,29,22,34,83,0.8,130,45,37.65919275,190.03,79760000
1374,江蘇,2015,6,Jiangsu,23.98,203.83,77,451,30,19,31,78,0.8,123,44,32.57331605,135.21,79760000
1375,江蘇,2015,7,Jiangsu,26.24,133.27,82.65,184,31,17,27,63,0.7,114,39,29.08617521,158.01,79760000
1376,江蘇,2015,8,Jiangsu,26.75,171.93,81.7,83,32,19,26,63,0.8,125,36,32.58762873,208.69,79760000
1377,江蘇,2015,9,Jiangsu,22.79,89.39,79.57,88,33,20,29,60,0.8,126,34,38.53794523,195.03,79760000
1378,江蘇,2015,10,Jiangsu,17.78,44.76,74.3,174,34,25,43,99,0.9,116,55,42.00613708,204.77,79760000
1379,江蘇,2015,11,Jiangsu,11.04,130.33,83.26,263,35,22,41,85,1.1,62,56,41.16371509,79.87,79760000
1380,江蘇,2015,12,Jiangsu,5.24,26.78,74.96,359,36,30,52,133,1.3,50,91,36.02183907,131.39,79760000
1381,江蘇,2016,1,Jiangsu,1.94,36.46,70.74,251,37,29,46,114,1.2,60,78,32.89455198,NA,79990000
1382,江蘇,2016,2,Jiangsu,5.09,19.37,64.39,103,38,24,37,106,1.1,82,68,35.28140711,NA,79990000
1383,江蘇,2016,3,Jiangsu,10.07,29.56,66.13,189,39,25,44,110,1.1,92,65,38.83112373,NA,79990000
1384,江蘇,2016,4,Jiangsu,16.51,107.26,75.3,277,40,21,40,92,1,119,49,41.1359986,NA,79990000
1385,江蘇,2016,5,Jiangsu,19.91,127.22,74.22,336,41,18,32,83,0.9,126,44,35.97097484,160,79990000
1386,江蘇,2016,6,Jiangsu,24.1,217.7,81.35,269,42,15,27,60,0.8,119,35,31.45417242,134.08,79990000
1387,江蘇,2016,7,Jiangsu,28.37,213.35,81.78,90,43,15,24,58,0.8,120,34,30.86736396,183.67,79990000
1388,江蘇,2016,8,Jiangsu,28.49,69.61,76.7,63,44,16,21,47,0.7,126,24,34.800787,261.92,79990000
1389,江蘇,2016,9,Jiangsu,23.7,153.51,77.83,91,45,17,29,62,0.8,126,35,39.62658977,130.25,79990000
1390,江蘇,2016,10,Jiangsu,18,9.3,85.88,135,46,14,30,49,0.8,74,27,40.93353111,53.67,79990000
1391,江蘇,2016,11,Jiangsu,10.67,57.05,80.57,175,47,20,45,87,1,64,52,40.11827764,122.33,79990000
1392,江蘇,2016,12,Jiangsu,6.25,50.25,77.83,256,48,23,51,110,1.1,62,74,36.1816704,141.33,79990000
1393,江蘇,2017,1,Jiangsu,4.46,56.64,75.61,180,49,20,42,101,1.1,69,69,33.52971305,125.3,80290000
1394,江蘇,2017,2,Jiangsu,5.5,26.87,67.77,74,50,21,45,103,1.1,91,72,36.47948764,137.03,80290000
1395,江蘇,2017,3,Jiangsu,9.34,41.77,66.75,173,51,19,45,92,0.9,109,55,40.44619794,152.62,80290000
1396,江蘇,2017,4,Jiangsu,16.91,73.01,65.23,270,52,19,42,98,1,140,50,43.40486103,220.29,80290000
1397,江蘇,2017,5,Jiangsu,22.1,56.74,66.55,405,53,17,35,97,0.8,159,44,37.78105943,235.52,80290000
1398,江蘇,2017,6,Jiangsu,24.44,126.32,74.22,393,54,14,29,72,0.8,155,40,32.78499277,179.98,80290000
1399,江蘇,2017,7,Jiangsu,30.38,149.16,76.89,130,55,13,27,57,0.7,127,30,30.67148312,235.56,80290000
1400,江蘇,2017,8,Jiangsu,28.11,203.23,82.69,82,56,11,25,52,0.8,122,28,32.79892529,193.1,80290000
1401,江蘇,2017,9,Jiangsu,23.2,188.69,84.22,91,57,12,32,59,0.8,113,34,38.17501194,141.48,80290000
1402,江蘇,2017,10,Jiangsu,16.88,95.33,80.53,107,58,13,36,63,0.8,92,37,42.55633426,143.27,80290000
1403,江蘇,2017,11,Jiangsu,11.42,20.7,70.27,259,59,17,53,101,1,71,56,43.31163912,162.65,80290000
1404,江蘇,2017,12,Jiangsu,4.84,8.87,65.86,461,60,20,61,126,1.2,54,81,38.46110273,172.02,80290000
1405,江蘇,2018,1,Jiangsu,1.67,69.36,75.72,304,61,17,51,120,1.2,59,89,31.71592512,109.43,80510000
1406,江蘇,2018,2,Jiangsu,3.88,31.2,67.29,86,62,15,39,96,1,79,62,34.38410605,152.36,80510000
1407,江蘇,2018,3,Jiangsu,11.07,80.99,75.88,155,63,14,46,90,0.9,101,58,40.2820734,172.12,80510000
1408,江蘇,2018,4,Jiangsu,16.78,NA,67.94,330,64,14,43,113,0.8,137,55,45.00246495,195.73,80510000
1409,江蘇,2018,5,Jiangsu,21.16,160.85,78.74,575,65,11,33,80,0.8,134,45,39.21647447,154.46,80510000
1410,江蘇,2018,6,Jiangsu,25.37,72.83,73.7,536,66,11,27,64,0.7,165,38,32.81422048,218.18,80510000
1411,江蘇,2018,7,Jiangsu,28.74,214.63,83.38,167,67,9,22,48,0.6,121,26,30.11110223,232.96,80510000
1412,江蘇,2018,8,Jiangsu,28.72,204.17,84.12,108,68,8,19,42,0.6,119,23,32.99826478,235.66,80510000
1413,江蘇,2018,9,Jiangsu,24.07,88.82,79.23,102,69,11,31,55,0.7,128,30,40.89700623,177.89,80510000
1414,江蘇,2018,10,Jiangsu,16.95,13.12,68.28,233,70,12,43,74,0.7,122,43,44.81972447,216.49,80510000
1415,江蘇,2018,11,Jiangsu,11.88,80.55,84.12,572,71,11,49,92,1,81,65,44.43735484,118.12,80510000
1416,江蘇,2018,12,Jiangsu,5.23,93.17,77.77,823,72,12,48,90,0.9,52,56,37.12505681,90.96,80510000
1417,江蘇,2019,1,Jiangsu,4.1,51.5,75,516,73,11,55,108,1,46,74,32.02564108,92.5,80700000
1418,江蘇,2019,2,Jiangsu,4.4,90.4,84,170,74,8,36,82,0.88,68,60,34.67304163,40.2,80700000
1419,江蘇,2019,3,Jiangsu,11.8,37.6,66,348,75,14,51,97,0.93,93,54,38.73109629,168.5,80700000
1420,江蘇,2019,4,Jiangsu,16.8,51.5,73,432,76,12,42,74,0.74,109,41,42.64246957,160.5,80700000
1421,江蘇,2019,5,Jiangsu,21.8,41.1,60,725,77,13,38,69,0.71,143,31,37.32960627,186.3,80700000
1422,江蘇,2019,6,Jiangsu,25.3,109.2,75,596,78,10,29,52,0.75,161,29,32.77930388,164.5,80700000
1423,江蘇,2019,7,Jiangsu,28.3,63.9,81,205,79,8,30,46,0.72,139,25,30.2927018,159.6,80700000
1424,江蘇,2019,8,Jiangsu,28.6,123,77,118,80,8,25,38,0.65,137,19,34.28776917,211.8,80700000
1425,江蘇,2019,9,Jiangsu,24.3,51.4,75,164,81,8,36,47,0.71,136,24,41.27164241,175.4,80700000
1426,江蘇,2019,10,Jiangsu,18.9,1.4,70,295,82,9,47,82,0.79,103,37,45.94289442,133.9,80700000
1427,江蘇,2019,11,Jiangsu,13.4,41.7,67,862,83,9,54,85,0.82,82,37,44.23409567,161.9,80700000
1428,江蘇,2019,12,Jiangsu,7.3,59.1,78,1254,84,9,58,82,1.06,53,53,35.59850719,143.9,80700000
1429,江蘇,2020,1,Jiangsu,5.1,75.2,86,507,85,6,41,78,0.82,58,60,23.28274543,44.6,84770000
1430,江蘇,2020,2,Jiangsu,8.2,35.5,76,32,86,6,25,45,0.67,83,32,21.67039827,130.2,84770000
1431,江蘇,2020,3,Jiangsu,12.3,89.9,69,8,87,7,38,58,0.73,99,30,32.33595521,153.4,84770000
1432,江蘇,2020,4,Jiangsu,15.8,70.8,59,28,88,9,43,68,0.86,130,32,41.43340174,210.9,84770000
1433,江蘇,2020,5,Jiangsu,23,33.7,71,42,89,9,33,60,0.85,150,31,43.77552576,167.8,84770000
1434,江蘇,2020,6,Jiangsu,25.8,281.6,87,54,90,6,25,36,0.84,121,20,39.11373622,95.2,84770000
1435,江蘇,2020,7,Jiangsu,25.4,271.9,95,59,91,5,26,37,0.81,103,23,38.46130902,95.2,84770000
1436,江蘇,2020,8,Jiangsu,30.1,114.3,82,72,92,6,24,37,0.7,131,16,36.97181032,202.5,84770000
1437,江蘇,2020,9,Jiangsu,24.1,82.8,78,53,93,8,34,45,0.73,135,22,39.26982149,171.3,84770000
1438,江蘇,2020,10,Jiangsu,17.5,64.9,74,82,94,7,41,54,0.69,100,23,42.15911566,154.3,84770000
1439,江蘇,2020,11,Jiangsu,13.2,76.8,76,186,95,6,43,63,0.73,72,29,41.82648382,140.4,84770000
1440,江蘇,2020,12,Jiangsu,4.6,20.6,67,223,96,9,56,93,0.95,51,58,39.88286942,137.5,84770000
