X,name,year,month,province,meantemp,rain,humi,number,seq,SO2,NO2,PM10,CO,O3_8h,PM2.5,beta_cases,beta_smooth_2,beta_smooth_3,beta_smooth_4,beta_smooth_5,sunlight,population,,,,
1,海南,2013,1,Hainan,20.01,9.46,81.44,1,1,8,21,65,0.9,73,47,1.684878394,1.684878394,0.956826898,0.956826898,16.26102795,101.66,8950000,,,,
2,海南,2013,2,Hainan,22.53,19.53,83.89,0,2,5,16,40,0.8,67,24,0.228775401,0.956826898,16.26102795,16.26102795,22.68585377,126.02,8950000,,,,
3,海南,2013,3,Hainan,24.2,55.17,81.11,0,3,4,14,44,0.7,59,22,46.86943007,23.54910273,29.6861789,22.68585377,18.16742612,179.8,8950000,,,,
4,海南,2013,4,Hainan,26.09,77.21,82.56,2,4,5,16,41,0.8,51,21,41.96033122,44.41488064,29.64115893,22.28806305,26.56927809,159.36,8950000,,,,
5,海南,2013,5,Hainan,28.31,138.29,80.67,0,5,5,16,34,0.7,57,14,0.093715501,21.02702336,28.58272833,33.15440376,33.67905212,234.88,8950000,,,,
6,海南,2013,6,Hainan,28.4,174.37,79.22,0,6,6,15,31,0.7,50,14,43.69413826,21.89392688,26.5218331,30.38145763,24.38310732,229,8950000,,,,
7,海南,2013,7,Hainan,27.68,217.33,82.89,1,7,4,13,21,0.6,32,8,35.77764555,39.73589191,26.62049662,19.98880134,20.50534029,200,8950000,,,,
8,海南,2013,8,Hainan,27.84,203.04,82.89,0,8,5,14,29,0.6,35,11,0.389706053,18.0836758,19.57961589,25.60824648,33.26652021,206.54,8950000,,,,
9,海南,2013,9,Hainan,26.79,176.05,86.11,0,9,4,12,35,0.7,46,18,22.57149606,11.48060106,28.95360574,30.65961569,30.51177692,131.56,8950000,,,,
10,海南,2013,10,Hainan,25.21,155.03,79.89,0,10,10,17,77,0.9,106,49,63.89961511,43.23555558,38.79717767,29.19530977,23.59471743,161,8950000,,,,
11,海南,2013,11,Hainan,23.6,156.59,83.11,1,11,8,15,57,0.8,76,30,29.92042184,46.91001847,31.67079502,29.39597028,32.29717585,80.44,8950000,,,,
12,海南,2013,12,Hainan,18.87,102.09,75.11,0,12,15,23,91,1,77,64,1.192348105,15.55638497,25.00492269,34.7285958,27.8821154,132.2,8950000,,,,
13,海南,2014,1,Hainan,19.1,4.21,77,2,13,8,17,75,0.8,99,50,43.90199813,22.54717312,15.19684669,18.87774048,24.73612804,187.9,9030000,,,,
14,海南,2014,2,Hainan,19.6,18.66,85.11,0,14,3,14,34,0.8,52,19,0.496193827,22.19909598,30.85595675,23.44005459,18.89904662,119.6,9030000,,,,
15,海南,2014,3,Hainan,23.56,15.42,85.89,1,15,3,14,39,0.7,53,19,48.16967828,24.33293605,16.46696229,23.32572125,43.97068743,151.76,9030000,,,,
16,海南,2014,4,Hainan,26.54,93.49,84.67,0,16,3,11,34,0.6,52,18,0.735014753,24.45234652,58.48508173,43.98785975,35.45793848,164.78,9030000,,,,
17,海南,2014,5,Hainan,28.8,135.14,81.11,2,17,3,13,27,0.6,61,13,126.5505522,63.64278345,42.87460676,44.19837464,35.50882724,267,9030000,,,,
18,海南,2014,6,Hainan,29.24,147.62,81.44,1,18,4,16,29,0.6,60,13,1.338253391,63.94440277,42.87981438,32.34361448,36.03105843,236.5,9030000,,,,
19,海南,2014,7,Hainan,28.56,223.85,83.44,0,19,4,15,25,0.6,48,11,0.750637611,1.044445501,17.62324174,44.85506935,35.93814926,257.96,9030000,,,,
20,海南,2014,8,Hainan,28.33,176.57,82.89,1,20,4,15,25,0.6,43,10,50.78083423,25.76573592,17.26731359,13.28504854,16.63080296,224.94,9030000,,,,
21,海南,2014,9,Hainan,27.52,231.07,84.67,0,21,4,16,30,0.6,56,15,0.270468936,25.52565158,27.02170793,20.45394035,19.82389328,228.48,9030000,,,,
22,海南,2014,10,Hainan,26.13,128.08,81.44,0,22,5,16,54,0.7,102,30,30.01382063,15.14214478,15.86266485,24.59220719,31.32011693,200.16,9030000,,,,
23,海南,2014,11,Hainan,24.62,92.72,84.44,0,23,4,16,40,0.7,73,21,17.30370498,23.65876281,35.18309383,26.45493761,44.09954793,147.66,9030000,,,,
24,海南,2014,12,Hainan,19.94,80.1,83.22,0,24,5,15,49,0.8,80,29,58.23175589,37.76773044,63.40448337,55.05681768,44.42704192,60.76,9030000,,,,
25,海南,2015,1,Hainan,19.21,16.03,79.89,3,25,5,18,57,0.8,93,35,114.6779892,86.45487256,58.27256134,48.03034725,38.46800565,187.56,9110000,,,,
26,海南,2015,2,Hainan,21.34,4.69,82.56,4,26,3,9,51,0.7,75,34,1.907938893,58.29296406,38.93485579,43.75908082,46.28970293,120.98,9110000,,,,
27,海南,2015,3,Hainan,24.48,14.76,82.44,0,27,3,10,34,0.6,60,17,0.218639253,1.063289073,19.51292319,43.30418969,34.6788514,180.44,9110000,,,,
28,海南,2015,4,Hainan,25.64,71.88,79.56,1,28,3,13,37,0.7,71,19,56.41219141,28.31541533,18.93610963,14.67906695,21.00865225,216,9110000,,,,
29,海南,2015,5,Hainan,29.32,71.41,79.67,0,29,3,12,29,0.6,58,14,0.177498228,28.29484482,34.30556104,25.78383059,37.83850048,283.92,9110000,,,,
30,海南,2015,6,Hainan,29.52,138.6,78.56,0,30,3,12,25,0.5,52,10,46.32699347,23.25224585,44.18722392,47.24346579,39.01983162,281.32,9110000,,,,
31,海南,2015,7,Hainan,28.14,184.1,81.56,1,31,5,15,30,0.6,66,14,86.05718005,66.19208676,46.16982282,34.67174167,27.81202505,179.12,9110000,,,,
32,海南,2015,8,Hainan,28.79,75.18,81,1,32,4,14,28,0.6,65,13,6.125294944,46.0912375,30.85187785,34.72065675,36.88275388,271.82,9110000,,,,
33,海南,2015,9,Hainan,28.08,218.73,84,0,33,4,13,28,0.7,68,14,0.373158546,3.249226745,17.34319862,34.52169398,47.71304463,213.84,9110000,,,,
34,海南,2015,10,Hainan,25.92,201.45,82.44,0,34,5,17,47,0.7,103,29,45.53114237,22.95215046,48.79424938,38.12701077,31.19266162,191.34,9110000,,,,
35,海南,2015,11,Hainan,25.63,101.5,83.44,1,35,4,9,31,0.6,73,14,100.4784472,73.0047948,49.8216182,37.45950329,30.06875962,191.44,9110000,,,,
36,海南,2015,12,Hainan,21.94,57.97,84.56,2,36,4,15,35,0.8,79,19,3.455265013,51.96685612,34.81316573,37.49265989,40.62177275,102.54,9110000,,,,
37,海南,2016,1,Hainan,20.58,89.3,88.11,0,37,4,18,32,0.8,72,18,0.505784949,1.980524981,19.03309138,39.39443034,31.56990286,NA,9170000,,,,
38,海南,2016,2,Hainan,18.82,14.59,81.56,1,38,5,13,40,0.8,85,25,53.13822418,26.82200457,17.97193401,14.34276676,17.1346337,110.6,9170000,,,,
39,海南,2016,3,Hainan,22.24,22.19,82.33,0,39,4,16,38,0.7,81,20,0.271792903,26.70500854,27.23737285,20.55447587,21.32197173,152.2,9170000,,,,
40,海南,2016,4,Hainan,27.06,56.67,81.11,0,40,4,15,39,0.6,71,20,28.30210146,14.28694718,17.65528317,26.52601843,25.20199518,NA,9170000,,,,
41,海南,2016,5,Hainan,28.54,107.5,81.22,0,41,4,13,29,0.6,70,14,24.39195516,26.34702831,24.19998627,18.21793793,27.54150025,NA,9170000,,,,
42,海南,2016,6,Hainan,29.22,156.3,81.89,0,42,4,14,24,0.6,62,9,19.90590219,22.14892867,36.37786897,34.35892709,36.1843671,252,9170000,,,,
43,海南,2016,7,Hainan,28.97,152.58,81.67,0,43,3,12,26,0.5,51,10,64.83574956,42.37082587,42.74259296,38.15493351,30.56563947,267,9170000,,,,
44,海南,2016,8,Hainan,28.27,194.93,85.78,1,44,3,15,28,0.5,56,12,43.48612714,54.16093835,36.17678001,32.10906055,36.14728368,188,9170000,,,,
45,海南,2016,9,Hainan,27.71,226.4,86.11,0,45,5,14,31,0.6,67,15,0.208463326,21.84729523,31.99825555,40.20762905,47.75366742,152.22,9170000,,,,
46,海南,2016,10,Hainan,26.39,16.78,86.39,0,46,4,12,33,0.6,74,18,52.3001762,26.25431976,43.48215347,43.48314689,39.10548879,153,9170000,,,,
47,海南,2016,11,Hainan,24.21,139.84,86,2,47,3,11,30,0.6,70,14,77.93782089,65.11899854,50.61095116,38.0103292,31.54860012,112.16,9170000,,,,
48,海南,2016,12,Hainan,22.12,55,82.22,2,48,5,12,49,0.7,100,27,21.59485641,49.76633865,35.07812035,39.38363431,31.69698389,97.6,9170000,,,,
49,海南,2017,1,Hainan,20.4,53.28,86.85,1,49,4,11,38,0.6,89,22,5.701683763,13.64827009,9.415640794,26.54618582,43.94607029,96.18,9260000,,,,
50,海南,2017,2,Hainan,19.08,29.82,84.72,0,50,4,11,34,0.6,87,22,0.95038221,3.326032987,40.06589139,35.44813264,31.29001646,105.58,9260000,,,,
51,海南,2017,3,Hainan,23.38,80.78,83.62,2,51,4,13,42,0.6,78,22,113.5456082,57.2479952,43.05118071,33.71380647,33.52919588,124.52,9260000,,,,
52,海南,2017,4,Hainan,25.44,102.04,80.37,4,52,4,12,35,0.6,84,18,14.65755171,64.10157995,53.66463781,40.48607391,33.40117434,193.72,9260000,,,,
53,海南,2017,5,Hainan,27.34,282.08,82.93,2,53,4,11,27,0.6,76,13,32.79075352,23.72415262,17.50329377,41.51387238,33.3179391,196.28,9260000,,,,
54,海南,2017,6,Hainan,29.42,128.4,78.34,2,54,4,12,25,0.5,60,11,5.06157607,18.9261648,12.79551186,13.26102182,22.068117,250.48,9260000,,,,
55,海南,2017,7,Hainan,27.96,334.02,84.22,0,55,4,12,20,0.5,50,9,0.534205983,2.797891027,20.96409326,23.92075832,19.16767595,199.98,9260000,,,,
56,海南,2017,8,Hainan,28.82,152.44,80.34,1,56,4,12,23,0.6,53,10,57.29649772,28.91535185,19.32868338,15.76190656,23.11675224,237.44,9260000,,,,
57,海南,2017,9,Hainan,28.32,206.76,81.78,0,57,4,12,26,0.6,52,12,0.155346456,28.72592209,36.66265972,27.63054629,36.9640722,222.14,9260000,,,,
58,海南,2017,10,Hainan,25.22,329.04,81.62,0,58,6,12,38,0.6,94,23,52.536135,26.34574073,42.32988576,46.07153875,42.00284366,156.38,9260000,,,,
59,海南,2017,11,Hainan,22.36,220.1,86.9,3,59,4,13,38,0.7,86,22,74.29817583,63.41715542,50.8541247,38.17943014,32.08507226,81.08,9260000,,,,
60,海南,2017,12,Hainan,19.14,24.82,80.3,2,60,6,13,48,0.6,99,29,25.72806328,50.01311956,35.91129329,40.06750372,32.08390464,89.5,9260000,,,,
61,海南,2018,1,Hainan,18.68,36.96,86.24,7,61,4,14,36,0.6,70,19,7.707640755,16.71785202,11.1950708,26.97084706,46.29078636,91.78,9340000,,,,
62,海南,2018,2,Hainan,18.24,8.02,79.2,0,62,5,13,46,0.6,78,30,0.149508352,3.928574554,43.80923089,39.28893899,35.63972359,123.08,9340000,,,,
63,海南,2018,3,Hainan,22.6,38.54,78.1,2,63,4,12,36,0.6,74,18,123.5705436,61.86002596,48.25430464,38.11763867,34.86199195,228.7,9340000,,,,
64,海南,2018,4,Hainan,24.51,155.7,80.56,8,64,4,11,36,0.6,64,18,21.04286199,72.30670278,55.48427021,41.65057975,37.66820324,181.04,9340000,,,,
65,海南,2018,5,Hainan,28.5,107.26,77.14,6,65,4,12,24,0.5,60,12,21.83940506,21.44113353,21.54032143,47.04787697,39.41619864,286.54,9340000,,,,
66,海南,2018,6,Hainan,28.3,381.58,81.2,2,66,4,14,26,0.6,66,12,21.73869724,21.78905115,17.48919587,18.3776124,14.77087612,183.14,9340000,,,,
67,海南,2018,7,Hainan,27.82,362.62,83.48,1,67,4,12,22,0.6,53,9,8.889485305,15.31409127,10.32403786,13.20287966,21.21555991,173.88,9340000,,,,
68,海南,2018,8,Hainan,27.4,570.3,85.58,0,68,4,14,26,0.6,64,11,0.343931019,4.616708162,20.83323242,21.05959863,32.40574193,157.56,9340000,,,,
69,海南,2018,9,Hainan,27.32,122.38,83.32,0,69,5,12,30,0.6,78,16,53.26628094,26.80510598,43.8001757,35.0725031,30.84115779,196.58,9340000,,,,
70,海南,2018,10,Hainan,25.64,146.68,78.6,2,70,5,12,44,0.7,118,24,77.79031515,65.52829804,48.3241242,36.32907591,34.81968752,222.96,9340000,,,,
71,海南,2018,11,Hainan,24.04,41.44,82.66,1,71,4,12,34,0.6,86,18,13.91577652,45.85304584,40.16274189,43.43862665,40.52243165,144.54,9340000,,,,
72,海南,2018,12,Hainan,20.74,68.86,87.76,1,72,6,12,32,0.7,69,17,28.782134,21.34895526,23.85185406,37.33646933,34.99213995,99.68,9340000,,,,
73,海南,2019,1,Hainan,19.4,17.9,87,1,73,6,14,43,0.75,81,25,28.85765165,28.81989283,27.75153602,24.29259615,25.61828013,93.5,9450000,,,,
74,海南,2019,2,Hainan,23.4,21.1,84,2,74,5,9,27,0.48,55,14,25.61482242,27.23623704,28.46449672,28.54390604,24.36268021,157.9,9450000,,,,
75,海南,2019,3,Hainan,24.3,9.6,83,1,75,5,12,33,0.55,59,16,30.92101608,28.26791925,21.39120513,23.25781676,18.70689775,147.8,9450000,,,,
76,海南,2019,4,Hainan,28.1,39.7,77,2,76,4,13,28,0.47,72,14,7.637776902,19.27939649,13.02067156,16.16920928,39.27884365,214.5,9450000,,,,
77,海南,2019,5,Hainan,27.9,385,83,0,77,5,16,27,0.54,84,13,0.503221717,4.070499309,46.61945992,42.69484896,34.47352811,163.3,9450000,,,,
78,海南,2019,6,Hainan,30,198.6,77,2,78,5,14,23,0.48,71,10,131.7173811,66.11030143,44.60294919,35.36165612,28.37551759,209.7,9450000,,,,
79,海南,2019,7,Hainan,29.7,172.8,77,2,79,4,12,23,0.49,70,11,1.5882447,66.65281292,44.57886311,33.55995276,35.73126901,221.7,9450000,,,,
80,海南,2019,8,Hainan,26.4,523,83,0,80,5,15,23,0.57,61,11,0.430963489,1.009604094,15.47858072,44.53828083,35.77426844,170.8,9450000,,,,
81,海南,2019,9,Hainan,27.4,263.8,80,1,81,5,15,36,0.65,109,20,44.41653397,22.42374873,15.18857212,11.78849026,34.63927408,183.8,9450000,,,,
82,海南,2019,10,Hainan,26.6,144.8,77,0,82,5,9,36,0.65,106,21,0.718218885,22.56737643,57.05905408,42.90203143,34.76500042,175.6,9450000,,,,
83,海南,2019,11,Hainan,23.7,12.3,76,1,83,5,12,46,0.63,132,26,126.0424094,63.38031413,42.99250155,43.34850965,34.85636097,154,9450000,,,,
84,海南,2019,12,Hainan,20.6,10.1,76,1,84,6,13,39,0.7,110,22,2.216876375,64.12964288,43.04901732,32.46631771,36.17525899,125,9450000,,,,
85,海南,2020,1,Hainan,20.4,33.2,83,0,85,3,9,29,0.68,89,15,0.887766222,1.552321299,18.03855556,45.03951902,36.09423339,128.4,10120000,,,,
86,海南,2020,2,Hainan,20.8,11.9,83,1,86,3,5,29,0.52,84,14,51.01102409,25.94939516,17.4039604,13.60718939,15.66813333,91.4,10120000,,,,
87,海南,2020,3,Hainan,24.8,16.8,81,0,87,3,10,27,0.57,70,13,0.313090878,25.66205748,25.07867468,19.03094757,26.20165627,142.5,10120000,,,,
88,海南,2020,4,Hainan,24,82.6,82,0,88,4,10,31,0.64,89,15,23.91190908,12.11249998,26.36983034,32.53012878,45.88870171,113,10120000,,,,
89,海南,2020,5,Hainan,29.6,42.7,75,0,89,4,13,29,0.56,87,13,54.88449107,39.39820007,59.37313119,44.60812111,36.25256228,255.1,10120000,,,,
90,海南,2020,6,Hainan,30,105.6,76,3,90,3,10,20,0.44,60,8,99.32299341,77.10374224,52.34593716,45.23743014,36.27534624,220.3,10120000,,,,
91,海南,2020,7,Hainan,30,131.2,74,1,91,4,11,20,0.39,59,8,2.830326984,51.0766602,34.19344368,39.36620553,35.76850784,261.7,10120000,,,,
92,海南,2020,8,Hainan,28.4,214.5,83,0,92,3,13,20,0.46,49,9,0.42701065,1.628668817,8.211684901,30.98951203,35.03386008,177.3,10120000,,,,
93,海南,2020,9,Hainan,28.4,118.2,82,0,93,4,13,19,0.49,51,9,21.37771707,10.90236386,24.33866,18.96157674,32.65015426,158.9,10120000,,,,
94,海南,2020,10,Hainan,25.3,419.9,81,0,94,5,8,34,0.53,105,17,51.21125227,36.29448467,53.33114455,40.10511107,32.08408886,55.5,10120000,,,,
95,海南,2020,11,Hainan,23.4,28.1,79,1,95,6,12,43,0.5,116,22,87.40446431,69.30785829,46.20523886,39.99835841,39.99835841,82.8,10120000,,,,
96,海南,2020,12,Hainan,18.6,14.2,80,0,96,7,15,46,0.68,98,30,0,43.70223215,43.70223215,46.20523886,46.20523886,55.3,10120000,,,,
97,廣東,2013,1,Guangdong,13.63,6.84,71.86,176,1,28,63,106,1.5,49,78,3.987050507,3.987050507,15.39875877,15.39875877,22.64849786,123.91,106440000,,,,
98,廣東,2013,2,Guangdong,17.27,14.55,78.78,56,2,15,35,57,1.2,71,42,26.81046704,15.39875877,22.64849786,22.64849786,24.44048568,79.63,106440000,,,,
99,廣東,2013,3,Guangdong,19.55,156.45,79.03,141,3,22,46,73,1.2,84,47,37.14797602,31.97922153,31.25829741,24.44048568,24.75888271,115.9,106440000,,,,
100,廣東,2013,4,Guangdong,20.81,230.19,85.31,190,4,21,47,77,1.1,80,50,29.81644917,33.48221259,30.99896533,29.95184075,28.92166246,57.1,106440000,,,,
101,廣東,2013,5,Guangdong,25.28,196.36,86,171,5,18,34,49,0.9,79,29,26.03247079,27.92445998,26.88328975,29.44946131,28.97953321,103.48,106440000,,,,
102,廣東,2013,6,Guangdong,27.67,191.72,81.97,93,6,15,24,41,0.8,83,21,24.80094928,25.41671003,25.97774695,26.9374225,26.56970637,181.25,106440000,,,,
103,廣東,2013,7,Guangdong,27.72,189.34,82,81,7,15,24,36,0.8,73,19,27.09982078,25.95038503,25.6665373,25.75802067,26.82758721,194.71,106440000,,,,
104,廣東,2013,8,Guangdong,27.9,222.13,83.06,48,8,17,29,49,0.9,89,27,25.09884183,26.09933131,27.768172,27.02636632,28.0850558,177.88,106440000,,,,
105,廣東,2013,9,Guangdong,26.79,158.92,78.86,49,9,20,32,62,0.9,116,38,31.10585339,28.10234761,29.50816965,28.90608243,30.05787032,177.3,106440000,,,,
106,廣東,2013,10,Guangdong,23.69,7,65.92,69,10,27,40,108,1,155,71,32.31981373,31.71283356,32.69689634,30.79738271,32.21536877,217.67,106440000,,,,
107,廣東,2013,11,Guangdong,19.57,63.78,71.03,106,11,23,48,90,1.1,84,55,34.66502189,33.49241781,34.95738288,33.99450051,32.23261283,138.42,106440000,,,,
108,廣東,2013,12,Guangdong,12.65,131.27,63.61,254,12,36,57,117,1.4,63,85,37.88731303,36.27616746,32.57913234,32.51430269,30.74341381,181.39,106440000,,,,
109,廣東,2014,1,Guangdong,13.7,0.9,66.33,334,13,27,48,108,1.5,101,79,25.18506211,31.53618757,28.91074448,30.34931383,31.71750806,195.78,107240000,,,,
110,廣東,2014,2,Guangdong,13.42,42.01,78.56,108,14,16,29,56,1.3,71,41,23.6598583,24.42246021,28.67840179,30.9806296,30.49362702,82.6,107240000,,,,
111,廣東,2014,3,Guangdong,17.58,158.25,81.72,247,15,21,35,68,1.3,70,46,37.19028497,30.42507163,29.79858665,28.64520551,28.73236412,64.17,107240000,,,,
112,廣東,2014,4,Guangdong,22.7,130.46,82.11,247,16,19,29,61,1.3,90,41,28.54561667,32.86795082,31.60563339,29.61918962,28.464151,88.12,107240000,,,,
113,廣東,2014,5,Guangdong,25.24,166.52,87.22,287,17,15,25,43,1,71,26,29.08099855,28.81330761,27.15687058,29.66522418,28.9624535,109.56,107240000,,,,
114,廣東,2014,6,Guangdong,28.26,203.19,81.97,161,18,14,21,45,0.9,89,26,23.84399653,26.46249754,26.35878862,26.90549563,26.88989061,167.9,107240000,,,,
115,廣東,2014,7,Guangdong,29.26,162.09,78.5,107,19,14,19,43,0.9,93,25,26.15137078,24.99768365,25.60761262,26.4759591,27.41900799,248.79,107240000,,,,
116,廣東,2014,8,Guangdong,28.36,172.82,80.89,74,20,15,19,38,0.9,88,22,26.82747055,26.48942066,28.05668163,27.00351035,28.21657514,223.07,107240000,,,,
117,廣東,2014,9,Guangdong,28.06,112.5,77.92,75,21,16,20,48,1,104,30,31.19120355,29.00933705,30.36250281,29.3097198,29.94066746,224.38,107240000,,,,
118,廣東,2014,10,Guangdong,24.69,19.14,68.67,109,22,21,28,82,1.1,140,55,33.06883431,32.13001893,32.24149865,30.88799163,32.34465176,224.44,107240000,,,,
119,廣東,2014,11,Guangdong,20.56,43.13,77.78,150,23,20,31,68,1.2,91,46,32.46445809,32.7666462,34.5681949,33.72394707,32.95070402,131.98,107240000,,,,
120,廣東,2014,12,Guangdong,13.39,48.27,66.94,269,24,23,38,75,1.2,74,49,38.1712923,35.3178752,33.49782742,33.39057914,31.03063125,127.01,107240000,,,,
121,廣東,2015,1,Guangdong,14.13,63.17,72.75,582,25,20,42,82,1.2,88,55,29.85773186,34.01451208,29.87328795,30.52108049,31.72173514,170.76,108490000,,,,
122,廣東,2015,2,Guangdong,16.54,25.4,76.47,193,26,13,30,74,1.1,84,52,21.59083968,25.72428577,29.32430844,31.5360544,31.45794273,96.66,108490000,,,,
123,廣東,2015,3,Guangdong,18.75,35.98,84.33,280,27,12,29,50,1,64,33,36.52435377,29.05759672,29.75356316,29.77960534,28.91246301,61.61,108490000,,,,
124,廣東,2015,4,Guangdong,22.39,88.82,77.31,430,28,13,26,52,0.9,94,32,31.14549604,33.8349249,31.03791449,28.67614579,27.81218243,155.67,108490000,,,,
125,廣東,2015,5,Guangdong,26.22,169.15,87.19,325,29,10,21,36,0.9,72,21,25.44389368,28.29469486,26.98190624,29.36751812,28.69871346,116.82,108490000,,,,
126,廣東,2015,6,Guangdong,28.87,154.13,81.19,173,30,10,16,31,0.7,70,16,24.35632899,24.90011134,25.27457249,26.74230338,27.05992221,228.74,108490000,,,,
127,廣東,2015,7,Guangdong,28.29,219.78,80.53,109,31,10,17,39,0.8,86,23,26.0234948,25.1899119,26.23674045,26.03852876,27.12010216,181.69,108490000,,,,
128,廣東,2015,8,Guangdong,28.47,173.9,79.5,81,32,13,21,47,0.9,101,28,28.33039756,27.17694618,28.60009605,27.53915429,28.51049685,212.22,108490000,,,,
129,廣東,2015,9,Guangdong,27.23,149.39,80.94,91,33,11,20,50,0.9,108,32,31.44639579,29.88839668,30.72422015,29.54903881,30.34958065,175.98,108490000,,,,
130,廣東,2015,10,Guangdong,24.3,113.29,76.64,112,34,15,27,65,0.9,109,42,32.39586709,31.92113144,32.46467029,31.43110211,32.01594296,175.4,108490000,,,,
131,廣東,2015,11,Guangdong,21.54,47.87,79.14,167,35,14,28,56,1,82,35,33.55174799,32.97380754,33.43430714,32.9373293,31.4870319,140.76,108490000,,,,
132,廣東,2015,12,Guangdong,15.33,146.35,79.64,245,36,13,30,51,1.1,54,33,34.35530635,33.95352717,31.1976322,31.49719092,29.94557618,81.4,108490000,,,,
133,廣東,2016,1,Guangdong,13.44,226.61,82.86,290,37,11,32,48,1.1,53,32,25.68584227,30.02057431,27.92675528,29.33300346,31.43913408,NA,109990000,,,,
134,廣東,2016,2,Guangdong,12.94,45.54,75.39,90,38,9,23,50,0.9,69,34,23.73911722,24.71247974,29.76287202,30.9109806,30.61398269,93.5,109990000,,,,
135,廣東,2016,3,Guangdong,16.64,179.72,83.75,215,39,12,37,60,1,75,40,39.86365658,31.8013869,31.00958828,29.67865178,29.5932684,72.9,109990000,,,,
136,廣東,2016,4,Guangdong,23.44,208.25,87.56,266,40,11,28,48,0.9,72,32,29.42599105,34.64482381,32.84712751,30.57012494,30.23774427,50.66,109990000,,,,
137,廣東,2016,5,Guangdong,26.06,196.68,83.39,246,41,10,21,44,0.8,94,27,29.25173491,29.33886298,29.19531585,31.86240103,30.69111557,142.74,109990000,,,,
138,廣東,2016,6,Guangdong,28.51,251.47,83.69,220,42,10,20,33,0.8,81,18,28.90822159,29.07997825,28.05531008,28.39798032,28.17921296,188.07,109990000,,,,
139,廣東,2016,7,Guangdong,29.13,168.39,80.69,169,43,11,19,39,0.7,90,21,26.00597374,27.45709767,27.40611295,27.86751844,28.76958844,224.16,109990000,,,,
140,廣東,2016,8,Guangdong,28.02,298.87,85.39,97,44,11,22,44,0.8,103,27,27.30414353,26.65505864,28.5626619,28.64905182,29.08113866,138.92,109990000,,,,
141,廣東,2016,9,Guangdong,27.19,146.11,80.75,126,45,11,23,48,0.9,105,30,32.37786843,29.84100598,30.16383266,29.12436793,31.03153599,135.06,109990000,,,,
142,廣東,2016,10,Guangdong,25.34,5.69,81.64,123,46,11,22,45,0.9,85,28,30.80948602,31.59367723,33.94918756,32.28792655,33.04494672,130.77,109990000,,,,
143,廣東,2016,11,Guangdong,19.59,119.19,82.03,228,47,12,33,58,1,81,37,38.66020822,34.73484712,35.18090721,34.48014751,32.62069245,110.35,109990000,,,,
144,廣東,2016,12,Guangdong,16.92,13.03,72.42,529,48,14,43,76,1.1,92,50,36.07302738,37.3666178,33.30536927,32.68139846,32.06767123,157.73,109990000,,,,
145,廣東,2017,1,Guangdong,16.17,20.41,79.77,472,49,10,34,68,1.1,87,49,25.18287222,30.6279498,30.28955397,32.38221754,34.09427598,121.18,111690000,,,,
146,廣東,2017,2,Guangdong,15.34,37.47,75.22,254,50,11,30,57,0.9,95,40,29.61276232,27.39781727,31.91271477,32.95279292,32.4533976,113.82,111690000,,,,
147,廣東,2017,3,Guangdong,18.1,117.59,83.9,755,51,11,38,63,1,75,37,40.94250977,35.27763605,33.6703628,31.54849016,31.23109093,58.2,111690000,,,,
148,廣東,2017,4,Guangdong,22.14,125.98,81.62,981,52,11,31,55,0.9,94,33,30.45581631,35.69916304,33.7866067,32.74314561,31.38673634,120.62,111690000,,,,
149,廣東,2017,5,Guangdong,25.43,200.92,82.69,1000,53,11,27,51,0.8,114,31,29.96149403,30.20865517,28.79280321,31.83022985,30.251636,131.24,111690000,,,,
150,廣東,2017,6,Guangdong,28.05,350.35,86.05,735,54,9,19,32,0.7,69,17,25.9610993,27.96129666,26.61995131,27.57891756,27.13422479,156.21,111690000,,,,
151,廣東,2017,7,Guangdong,28.19,310.46,84.75,364,55,10,22,34,0.8,78,19,23.93726061,24.94917996,25.08460455,26.30382692,26.63149792,187.5,111690000,,,,
152,廣東,2017,8,Guangdong,28.94,205.8,81.79,198,56,10,21,38,0.7,93,21,25.35545373,24.64635717,25.74496542,25.79899889,27.81067271,220.23,111690000,,,,
153,廣東,2017,9,Guangdong,28.38,142.28,81.75,132,57,12,26,48,0.8,112,29,27.94218193,26.64881783,29.71833455,28.27306607,30.75961553,202.94,111690000,,,,
154,廣東,2017,10,Guangdong,24.31,108.69,74.01,162,58,12,26,53,0.9,112,33,35.857368,31.89977497,34.83512111,32.46520426,33.69155455,197.78,111690000,,,,
155,廣東,2017,11,Guangdong,19.83,52.08,78.88,438,59,13,33,61,0.9,83,40,40.7058134,38.2815907,38.38671236,35.77557975,33.58469205,82.6,111690000,,,,
156,廣東,2017,12,Guangdong,15.33,4.08,64.96,1015,60,17,42,77,1,97,52,38.59695568,39.65138454,34.7079701,34.99531958,31.89471757,156.23,111690000,,,,
157,廣東,2018,1,Guangdong,13.91,109.19,76.99,1295,61,13,43,68,1,80,48,24.82114123,31.70904845,27.63680215,30.90405496,33.02113688,103.05,113460000,,,,
158,廣東,2018,2,Guangdong,14.45,17.62,71.12,241,62,10,26,60,0.8,89,44,19.49230954,22.15672539,28.60097178,31.09996776,31.47624634,100.48,113460000,,,,
159,廣東,2018,3,Guangdong,19.68,50.26,77.08,455,63,11,32,56,0.8,109,36,41.48946457,30.49088706,31.32104493,29.69606901,29.36414319,156.2,113460000,,,,
160,廣東,2018,4,Guangdong,22.4,NA,79.3,834,64,11,28,63,0.8,100,35,32.98136068,37.23541263,34.16908839,30.49989368,29.86187946,92.7,113460000,,,,
161,廣東,2018,5,Guangdong,27.62,104.85,79.67,713,65,9,21,40,0.7,103,22,28.03643993,30.50890031,29.44254106,32.45427194,31.00648494,214.09,113460000,,,,
162,廣東,2018,6,Guangdong,27.6,394.91,83.87,516,66,9,20,36,0.7,99,20,27.30982257,27.67313125,26.85386648,28.38574003,27.92242685,145.57,113460000,,,,
163,廣東,2018,7,Guangdong,28.56,230.17,83.04,314,67,9,19,35,0.7,84,18,25.21533695,26.26257976,26.19811121,26.65769339,27.39812633,196.85,113460000,,,,
164,廣東,2018,8,Guangdong,27.9,386.7,86.33,167,68,9,22,38,0.8,101,22,26.06917412,25.64225553,27.21478972,27.23854793,28.78500664,138.95,113460000,,,,
165,廣東,2018,9,Guangdong,27.08,206.25,82.15,146,69,10,22,44,0.8,109,25,30.3598581,28.21451611,30.46662456,29.15380265,30.67685994,175.43,113460000,,,,
166,廣東,2018,10,Guangdong,22.98,66.42,75.01,173,70,13,31,59,0.8,127,36,34.97084146,32.66534978,34.03326288,32.04224069,31.81434027,173.63,113460000,,,,
167,廣東,2018,11,Guangdong,20.66,64.32,81.4,368,71,12,35,59,0.9,92,37,36.76908907,35.86996526,34.21422305,33.25063181,31.80284911,121.03,113460000,,,,
168,廣東,2018,12,Guangdong,15.97,21.72,80.76,416,72,10,33,52,0.9,61,33,30.90273863,33.83591385,31.22784866,32.16359686,30.91641098,83.53,113460000,,,,
169,廣東,2019,1,Guangdong,15,2,78,353,73,7,54,69,1.19,64,48,26.01171829,28.45722846,27.61404145,29.90280336,31.62880429,100.1,115210000,,,,
170,廣東,2019,2,Guangdong,18,164.6,86,147,74,5,35,42,0.95,52,26,25.92766744,25.96969286,30.15739792,30.3437331,30.58683507,32.1,115210000,,,,
171,廣東,2019,3,Guangdong,19.4,180.7,89,261,75,6,52,52,0.88,69,29,38.53280804,32.23023774,32.0065728,30.50785917,30.17831115,57.1,115210000,,,,
172,廣東,2019,4,Guangdong,23.4,412.8,90,369,76,6,47,42,0.81,73,24,31.55924293,35.04602549,32.98405668,31.21995937,30.88215609,43.6,115210000,,,,
173,廣東,2019,5,Guangdong,24.8,349.6,86,309,77,6,39,37,0.74,92,21,28.86011906,30.20968099,29.983435,32.12077826,30.84086311,61.9,115210000,,,,
174,廣東,2019,6,Guangdong,28,459.5,84,267,78,5,34,30,0.68,101,16,29.530943,29.19553103,28.03742153,28.91787688,28.5760952,114.3,115210000,,,,
175,廣東,2019,7,Guangdong,28.7,260.5,84,189,79,6,32,36,0.65,98,19,25.72120252,27.62607276,27.487038,27.83030826,29.31619759,136.1,115210000,,,,
176,廣東,2019,8,Guangdong,28.3,479.9,86,96,80,6,36,41,0.73,130,23,27.20896846,26.46508549,29.39664197,29.43021723,30.70499813,186.4,115210000,,,,
177,廣東,2019,9,Guangdong,26.7,104.6,79,134,81,7,41,54,0.75,153,30,35.25975492,31.23436169,32.75761504,30.99851191,32.93814994,258.3,115210000,,,,
178,廣東,2019,10,Guangdong,24.1,39.5,78,191,82,8,42,66,0.83,154,39,35.80412175,35.53193833,37.25352624,34.7423868,35.79257368,222.1,115210000,,,,
179,廣東,2019,11,Guangdong,19.5,NA,72,462,83,9,57,84,0.83,142,42,40.69670206,38.2504119,38.83138167,37.93847498,33.67118217,269.5,115210000,,,,
180,廣東,2019,12,Guangdong,16,5.6,69,1115,84,10,68,85,0.98,86,42,39.99332119,40.34501162,32.43067805,33.27403898,28.33293994,177,115210000,,,,
181,廣東,2020,1,Guangdong,15.8,22.4,76,880,85,6,44,53,0.93,80,29,16.60201091,28.29766605,21.72129197,26.46514449,29.56436098,118.7,126240000,,,,
182,廣東,2020,2,Guangdong,16.1,124.9,82,24,86,5,30,35,0.73,81,24,8.568543816,12.58527736,22.37726055,26.78127571,27.0139376,98.2,126240000,,,,
183,廣東,2020,3,Guangdong,20,151.6,84,44,87,6,39,39,0.73,66,21,41.96122694,25.26488538,26.15811863,23.7690917,25.36223855,52.1,126240000,,,,
184,廣東,2020,4,Guangdong,20,125.7,81,42,88,8,48,53,0.81,109,27,27.94458513,34.95290604,33.88021267,27.55229546,28.35184266,125.6,126240000,,,,
185,廣東,2020,5,Guangdong,27.1,545.5,84,40,89,6,33,37,0.71,114,18,31.73482594,29.83970554,30.40981417,33.29766737,33.23303091,95.7,126240000,,,,
186,廣東,2020,6,Guangdong,28.2,262.7,84,43,90,6,28,26,0.63,85,12,31.55003145,31.6424287,32.0864475,31.05098191,31.14090248,133.4,126240000,,,,
187,廣東,2020,7,Guangdong,30.3,67.5,74,47,91,6,24,28,0.58,110,12,32.97448511,32.26225828,32.0083671,31.93998181,31.53213943,207.1,126240000,,,,
188,廣東,2020,8,Guangdong,28.4,226.5,83,59,92,7,31,33,0.64,122,18,31.50058475,32.23753493,31.45861325,31.4814678,32.37618193,187.8,126240000,,,,
189,廣東,2020,9,Guangdong,27,345,88,46,93,7,39,38,0.81,108,21,29.90076989,30.70067732,32.45213103,32.58271955,33.22585929,119.5,126240000,,,,
190,廣東,2020,10,Guangdong,23.4,12.2,75,66,94,8,33,50,0.78,113,28,35.95503845,32.92790417,33.8847422,33.28870284,34.72051425,160.3,126240000,,,,
191,廣東,2020,11,Guangdong,21.2,4.4,73,103,95,9,44,62,0.83,114,32,35.79841828,35.87672836,37.40040553,35.52549662,35.52549662,195.8,126240000,,,,
192,廣東,2020,12,Guangdong,14.6,1.9,69,206,96,9,45,63,0.91,78,35,40.44775987,38.12308907,38.12308907,37.40040553,37.40040553,147.5,126240000,,,,
193,廣西,2013,1,Guangxi,11.67,28.48,79.21,22,1,26,51,131,1.7,33,103,4.384562703,4.384562703,12.48883697,12.48883697,16.13670735,28.72,47190000,,,,
194,廣西,2013,2,Guangxi,15.66,25.6,83.92,16,2,11,26,52,1.2,54,39,20.59311124,12.48883697,16.13670735,16.13670735,18.33553012,49.66,47190000,,,,
195,廣西,2013,3,Guangxi,20.49,95.38,75.75,17,3,16,32,91,1.1,84,57,23.43244811,22.01277968,22.98585259,18.33553012,18.63736003,110.04,47190000,,,,
196,廣西,2013,4,Guangxi,21.7,132.98,80.08,22,4,15,31,74,1.1,73,48,24.93199843,24.18222327,22.73637541,22.20055937,22.19973115,83.81,47190000,,,,
197,廣西,2013,5,Guangxi,25.8,188.59,80.83,24,5,11,29,57,1.1,87,33,19.84467969,22.38833906,22.32436546,22.60138612,22.56121336,127.95,47190000,,,,
198,廣西,2013,6,Guangxi,27.58,183.02,77.17,12,6,12,24,50,0.9,91,27,22.19641826,21.02054898,21.4805401,22.34340468,20.69158306,161.21,47190000,,,,
199,廣西,2013,7,Guangxi,27.99,159.67,78.21,28,7,10,19,39,0.9,68,21,22.40052234,22.2984703,19.56041239,19.63147921,21.58764331,186.11,47190000,,,,
200,廣西,2013,8,Guangxi,28,239.27,78.58,5,8,11,30,56,0.8,82,31,14.08429657,18.24240945,21.9657062,22.02338421,22.14038346,181.54,47190000,,,,
201,廣西,2013,9,Guangxi,25.74,140.95,77.75,11,9,17,37,78,1,96,47,29.41229969,21.74829813,22.03499223,22.12637476,23.63209494,149.19,47190000,,,,
202,廣西,2013,10,Guangxi,22.66,28.75,68.33,11,10,30,49,136,1.2,128,87,22.60838044,26.01034007,27.2252186,23.93998809,24.58167964,161.45,47190000,,,,
203,廣西,2013,11,Guangxi,19.15,144.7,72.17,23,11,26,50,109,1.3,80,69,29.65497567,26.13167806,26.47060065,27.20602541,24.92632637,111.86,47190000,,,,
204,廣西,2013,12,Guangxi,12.07,104.01,67.04,49,12,40,53,150,1.4,55,105,27.14844585,28.40171076,24.20365057,23.80483304,22.69163677,157.23,47190000,,,,
205,廣西,2014,1,Guangxi,13.18,6.16,70.79,40,13,37,46,154,1.6,116,117,15.80753019,21.47798802,20.39827591,22.71245085,24.82042848,138.42,47540000,,,,
206,廣西,2014,2,Guangxi,12.48,37.95,78.5,8,14,17,25,70,1.2,81,53,18.23885171,17.02319095,22.43290696,23.61179168,22.41137998,50.91,47540000,,,,
207,廣西,2014,3,Guangxi,16.78,84.08,85.71,44,15,20,27,78,1.2,62,51,33.25233899,25.74559535,23.03364128,21.22711351,21.61794147,31.89,47540000,,,,
208,廣西,2014,4,Guangxi,22.72,146.17,83.92,26,16,19,24,69,1.2,78,41,17.60973315,25.43103607,24.68110848,23.07054429,22.6213941,46.79,47540000,,,,
209,廣西,2014,5,Guangxi,25.9,172.52,80.33,25,17,18,23,72,1.2,96,39,23.18125331,20.39549323,20.53859326,23.71702969,23.39741205,127.35,47540000,,,,
210,廣西,2014,6,Guangxi,27.87,237.96,82.21,19,18,15,20,63,1.1,101,37,20.82479332,22.00302331,22.04166269,20.93368031,20.86271599,121.91,47540000,,,,
211,廣西,2014,7,Guangxi,28.34,219.93,80.92,17,19,17,19,51,0.9,82,25,22.11894145,21.47186739,21.17419783,21.6759617,22.38502017,194.71,47540000,,,,
212,廣西,2014,8,Guangxi,27.47,202.94,82.29,13,20,15,20,50,0.9,89,25,20.57885872,21.34890008,22.63968473,22.18596188,23.25622466,173.59,47540000,,,,
213,廣西,2014,9,Guangxi,27.28,134.98,78.25,12,21,18,22,61,1,102,35,25.22125403,22.90005638,24.44579618,23.8640825,24.1998177,196.6,47540000,,,,
214,廣西,2014,10,Guangxi,24.2,75.18,73.08,27,22,25,32,112,1.2,142,75,27.53727579,26.37926491,26.10042945,24.72003677,25.64019735,187.2,47540000,,,,
215,廣西,2014,11,Guangxi,19.06,88.74,80.17,32,23,24,29,83,1.2,82,55,25.54275852,26.54001716,27.46695799,26.905532,25.57191586,79.69,47540000,,,,
216,廣西,2014,12,Guangxi,12.7,45.32,68.21,81,24,32,38,102,1.2,88,68,29.32083967,27.4317991,25.03368316,25.65958132,24.15357069,115.44,47540000,,,,
217,廣西,2015,1,Guangxi,13.64,57.6,77.12,84,25,25,33,106,1.4,73,74,20.23745129,24.77914548,22.56260637,23.30764441,23.3954988,104.71,47960000,,,,
218,廣西,2015,2,Guangxi,15.86,31.56,79.46,39,26,16,26,96,1.4,65,72,18.12952816,19.18348973,20.70463193,22.85868387,23.43583048,71.17,47960000,,,,
219,廣西,2015,3,Guangxi,18.08,41.32,84.88,31,27,15,20,61,1.2,55,42,23.74691635,20.93822225,22.54028715,21.96457819,21.9163104,42.91,47960000,,,,
220,廣西,2015,4,Guangxi,22.9,44.18,72.17,47,28,19,20,72,1.1,100,44,25.74441694,24.74566665,23.73819084,22.33602517,22.0151494,149.42,47960000,,,,
221,廣西,2015,5,Guangxi,26.85,194.07,81.71,46,29,15,16,50,1,85,28,21.72323924,23.73382809,22.73310084,22.98655472,22.57541478,125.82,47960000,,,,
222,廣西,2015,6,Guangxi,28.33,198.03,81.54,33,30,13,13,39,0.8,75,20,20.73164633,21.22744279,21.1285802,22.28253938,22.16115759,155.16,47960000,,,,
223,廣西,2015,7,Guangxi,27.42,216.91,80.25,24,31,14,14,46,0.9,85,28,20.93085501,20.83125067,21.11271058,21.26534275,21.81673407,136.25,47960000,,,,
224,廣西,2015,8,Guangxi,27.76,191.5,80.79,18,32,17,16,55,0.9,91,32,21.6756304,21.30324271,22.20959493,21.84010778,22.53948363,164.78,47960000,,,,
225,廣西,2015,9,Guangxi,26.24,212.14,84.79,18,33,16,16,50,1,80,31,24.02229938,22.84896489,23.6783056,22.99144295,23.6959673,112.24,47960000,,,,
226,廣西,2015,10,Guangxi,23.39,120.57,78.12,23,34,22,24,73,1,102,45,25.33698701,24.6796432,25.29111703,24.38724538,24.49647898,164.5,47960000,,,,
227,廣西,2015,11,Guangxi,19.95,159.28,85.04,33,35,19,21,47,1.2,60,30,26.5140647,25.92552586,25.5948217,25.20169112,23.47552047,75.98,47960000,,,,
228,廣西,2015,12,Guangxi,13.5,123.38,81.71,50,36,17,23,52,1.1,50,34,24.93341338,25.72373904,22.67277198,23.33882574,22.77207893,45.37,47960000,,,,
229,廣西,2016,1,Guangxi,12.26,137.44,83.62,30,37,16,25,57,1.2,51,39,16.57083785,20.75212561,20.66978097,22.13085191,24.25383582,NA,48380000,,,,
230,廣西,2016,2,Guangxi,12.47,20.03,70.62,10,38,17,23,73,1,78,51,20.50509169,18.53796477,23.27390034,23.6887786,23.77435128,97.26,48380000,,,,
231,廣西,2016,3,Guangxi,17.2,56.68,80.92,33,39,17,27,69,1,71,46,32.74577149,26.62543159,25.78916839,23.48458575,23.76613921,52.26,48380000,,,,
232,廣西,2016,4,Guangxi,23.62,133.09,82.08,44,40,15,20,58,1,80,36,24.11664198,28.43120674,27.25158884,25.56496455,24.76660437,72.67,48380000,,,,
233,廣西,2016,5,Guangxi,25.73,181.15,79.88,58,41,13,18,51,0.9,83,30,24.89235305,24.50449752,23.52738622,25.83198254,24.62894956,128.89,48380000,,,,
234,廣西,2016,6,Guangxi,28.32,240.1,79.96,50,42,13,14,35,0.8,76,19,21.57316363,23.23275834,22.09411143,22.59974407,22.25057233,175.7,48380000,,,,
235,廣西,2016,7,Guangxi,28.82,144.27,79.25,34,43,13,14,38,0.8,71,21,19.81681763,20.69499063,20.74795554,21.78405492,22.88618868,183.79,48380000,,,,
236,廣西,2016,8,Guangxi,28.1,246.12,80.92,19,44,13,15,43,0.8,87,26,20.85388538,20.3353515,22.65514223,22.38464758,23.22749185,161.99,48380000,,,,
237,廣西,2016,9,Guangxi,26.83,144.02,76.29,25,45,15,18,58,0.8,102,39,27.2947237,24.07430454,24.915826,23.64107391,24.40003539,140.31,48380000,,,,
238,廣西,2016,10,Guangxi,24.72,3.46,73.66,42,46,15,18,55,0.8,90,36,26.59886892,26.94679631,27.10982464,25.54583983,25.84453919,153.1,48380000,,,,
239,廣西,2016,11,Guangxi,18.56,93.98,80.29,60,47,15,22,55,0.9,65,34,27.43588131,27.01737512,27.02469562,27.09220264,25.38587146,95.99,48380000,,,,
240,廣西,2016,12,Guangxi,15.94,23.64,71.79,120,48,19,33,90,1.1,87,61,27.03933663,27.23760897,24.34525489,24.90865839,24.43406214,130.37,48380000,,,,
241,廣西,2017,1,Guangxi,14.51,71.63,79.2,85,49,16,27,90,1.2,76,68,18.56054671,22.79994167,22.71185348,23.89286044,24.50132267,70.13,48850000,,,,
242,廣西,2017,2,Guangxi,14.71,24.81,71.46,44,50,15,24,75,1,82,55,22.5356771,20.54811191,22.6771318,23.76768301,23.40070147,64.78,48850000,,,,
243,廣西,2017,3,Guangxi,16.53,143.99,83.56,87,51,14,24,58,1,58,38,26.93517158,24.73542434,23.80120801,22.49104268,23.19819828,38.18,48850000,,,,
244,廣西,2017,4,Guangxi,21.87,83.57,76.65,62,52,14,22,60,0.9,87,37,21.93277533,24.43397346,24.96492253,24.35761117,23.46967911,102.59,48850000,,,,
245,廣西,2017,5,Guangxi,24.84,204.13,77.45,92,53,14,22,53,0.9,100,32,26.02682068,23.97979801,22.62584895,23.70317961,22.68749182,157.4,48850000,,,,
246,廣西,2017,6,Guangxi,26.91,375.2,84.84,65,54,12,18,38,0.8,71,20,19.91795084,22.97238576,21.52317073,21.62557188,21.06929706,103.17,48850000,,,,
247,廣西,2017,7,Guangxi,27.46,321.85,83.64,35,55,11,17,41,0.8,74,23,18.62474067,19.27134575,19.1289631,20.85342749,21.83058322,155.42,48850000,,,,
248,廣西,2017,8,Guangxi,27.72,331.29,83.36,15,56,11,17,39,0.8,74,20,18.84419779,18.73446923,21.06938152,20.78152385,22.42752689,162.71,48850000,,,,
249,廣西,2017,9,Guangxi,27.61,133.6,81.53,14,57,14,20,50,0.9,92,28,25.7392061,22.29170195,24.53164765,23.0549209,24.41137541,182.58,48850000,,,,
250,廣西,2017,10,Guangxi,22.78,98.14,75.92,26,58,14,21,58,1,102,36,29.01153906,27.37537258,28.19597953,25.8580341,26.553927,161.79,48850000,,,,
251,廣西,2017,11,Guangxi,17.76,68.38,79.48,52,59,15,27,70,1,77,47,29.83719343,29.42436625,29.39541037,28.48135931,26.4144758,73.94,48850000,,,,
252,廣西,2017,12,Guangxi,13.28,31.69,69.35,122,60,18,34,89,1.1,84,62,29.33749863,29.58734603,25.77387795,26.58329323,24.88020485,102.97,48850000,,,,
253,廣西,2018,1,Guangxi,12.02,66.54,78.43,109,61,16,32,84,1.2,69,58,18.14694178,23.74222021,21.85076392,23.8473713,25.58601897,41.41,49260000,,,,
254,廣西,2018,2,Guangxi,13.4,11.16,68.68,28,62,14,24,86,1,82,61,18.06785134,18.10739656,22.9184676,24.52322536,24.53979085,60.8,49260000,,,,
255,廣西,2018,3,Guangxi,19.16,93.55,78.22,66,63,15,26,69,1,90,44,32.54060968,25.30423051,25.07150462,23.34036391,23.07369588,117.72,49260000,,,,
256,廣西,2018,4,Guangxi,21.81,NA,77.27,99,64,15,23,74,0.9,90,39,24.60605283,28.57333126,26.3845621,24.30538441,24.01302058,95.79,49260000,,,,
257,廣西,2018,5,Guangxi,26.72,176.77,79.41,86,65,12,17,43,0.8,86,23,22.00702379,23.30653831,23.15221397,25.49931289,25.15035386,172.27,49260000,,,,
258,廣西,2018,6,Guangxi,26.93,270.37,81.58,64,66,10,16,40,0.9,88,22,22.84356527,22.42529453,22.86836893,23.3027899,22.96169474,136.88,49260000,,,,
259,廣西,2018,7,Guangxi,27.94,248.07,82.13,69,67,11,16,38,0.8,77,20,23.75451772,23.2990415,22.73179902,22.55060521,22.39133238,176.51,49260000,,,,
260,廣西,2018,8,Guangxi,27.53,248.69,83.42,49,68,12,17,44,0.9,89,25,21.59731407,22.6759159,22.36869094,22.48740953,23.23512546,163.61,49260000,,,,
261,廣西,2018,9,Guangxi,26.1,179.99,80.07,40,69,12,18,49,0.8,92,28,21.75424104,21.67577756,23.19251477,23.33301551,24.81814921,163.74,49260000,,,,
262,廣西,2018,10,Guangxi,21.08,92.56,78.66,32,70,14,24,61,1,100,35,26.2259892,23.99011512,26.24630475,25.08405708,24.32175553,122.67,49260000,,,,
263,廣西,2018,11,Guangxi,18.16,41.62,80.35,96,71,15,29,66,1,79,40,30.75868402,28.49233661,26.08574084,25.00286589,23.95033417,125.99,49260000,,,,
264,廣西,2018,12,Guangxi,13,52.05,83.99,82,72,12,25,51,1.1,46,34,21.27254931,26.01561666,23.92381354,24.49935746,23.95233468,51.45,49260000,,,,
265,廣西,2019,1,Guangxi,12.4,40.3,84, ,73,9,36,56,1.19,39,37,19.7402073,20.5063783,20.92566673,23.38392106,24.64386661,29.8,49600000,,,,
266,廣西,2019,2,Guangxi,14.1,57.9,88,26,74,8,23,45,1.08,36,31,21.76424359,20.75222545,23.72936658,23.11516226,23.21184208,50,49600000,,,,
267,廣西,2019,3,Guangxi,17.9,112.1,87,52,75,8,34,52,0.92,45,31,29.68364883,25.72394621,25.0154846,23.69666527,24.21654073,56,49600000,,,,
268,廣西,2019,4,Guangxi,23.8,95.9,86,57,76,7,24,47,0.78,65,25,23.59856137,26.6411051,26.52608425,25.33562409,24.99156476,105.7,49600000,,,,
269,廣西,2019,5,Guangxi,24.8,126.7,83,64,77,8,25,48,0.75,71,25,26.29604254,24.94730196,24.50331046,25.79839505,24.37153324,119.9,49600000,,,,
270,廣西,2019,6,Guangxi,27.9,289,85,81,78,6,20,34,0.68,77,16,23.61532745,24.955685,22.85848534,23.04350434,22.84232724,145.1,49600000,,,,
271,廣西,2019,7,Guangxi,28.1,235.2,86,40,79,6,20,34,0.72,75,17,18.66408601,21.13970673,21.43901077,22.65326871,23.81666513,156.7,49600000,,,,
272,廣西,2019,8,Guangxi,28.6,210.6,82,25,80,8,24,43,0.7,98,23,22.03761885,20.35085243,23.05731854,23.19682077,24.80097285,194.3,49600000,,,,
273,廣西,2019,9,Guangxi,27.5,12.9,69,29,81,11,32,64,0.78,126,36,28.47025077,25.25393481,27.24181693,25.0973842,25.7783541,243.9,49600000,,,,
274,廣西,2019,10,Guangxi,23.8,31.4,75,78,82,10,29,56,0.83,89,31,31.21758118,29.84391598,29.39668855,27.55692113,27.69182839,155.3,49600000,,,,
275,廣西,2019,11,Guangxi,20,7,67,128,83,13,41,81,0.88,95,47,28.50223371,29.85990744,29.31709077,29.10538077,26.20157736,155.9,49600000,,,,
276,廣西,2019,12,Guangxi,15.8,3.6,64,263,84,14,43,75,0.95,65,44,28.23145744,28.36684557,23.77335161,25.634409,22.81201844,150.7,49600000,,,,
277,廣西,2020,1,Guangxi,15.4,40.8,78,138,85,9,24,48,0.84,62,32,14.58636368,21.40891056,18.11342577,20.71062775,22.00594835,71.5,50190000,,,,
278,廣西,2020,2,Guangxi,16.5,58.5,79,14,86,7,17,46,0.76,68,35,11.52245619,13.05440993,17.7653502,20.38187701,21.95611603,62.6,50190000,,,,
279,廣西,2020,3,Guangxi,19,182.2,86,11,87,7,24,41,0.79,50,26,27.18723075,19.35484347,22.32091968,20.38728068,21.13648093,41.5,50190000,,,,
280,廣西,2020,4,Guangxi,19.7,104.9,79,20,88,10,31,52,0.8,76,29,28.2530721,27.72015142,26.52452826,22.77401024,23.10601472,87.9,50190000,,,,
281,廣西,2020,5,Guangxi,27.4,155.3,79,23,89,7,22,45,0.75,106,24,24.13328192,26.19317701,25.60679556,26.00190435,25.58824109,201.4,50190000,,,,
282,廣西,2020,6,Guangxi,28.5,119.8,83,21,90,5,17,31,0.61,75,14,24.43403265,24.28365729,24.16696754,25.18849368,24.81510589,168.5,50190000,,,,
283,廣西,2020,7,Guangxi,29.2,39.4,80,23,91,6,17,33,0.6,82,16,23.93358806,24.18381035,23.89639181,23.95561433,24.37345268,218.5,50190000,,,,
284,廣西,2020,8,Guangxi,27.6,177.3,84,17,92,7,21,32,0.55,77,16,23.32155471,23.62757138,24.43331628,24.43349537,24.34626096,169.8,50190000,,,,
285,廣西,2020,9,Guangxi,26.6,103.4,84,22,93,8,21,36,0.68,80,20,26.04480608,24.68318039,24.45456136,24.32431803,25.07332192,123.1,50190000,,,,
286,廣西,2020,10,Guangxi,22.1,88.8,75,20,94,10,25,46,0.67,79,24,23.99732329,25.02106468,26.03715561,25.35825538,25.83175881,106.6,50190000,,,,
287,廣西,2020,11,Guangxi,20.2,1,71,27,95,12,35,69,0.83,82,37,28.06933747,26.03333038,26.59747776,26.45930984,26.45930984,123.6,50190000,,,,
288,廣西,2020,12,Guangxi,13.4,1.6,67,44,96,10,35,73,0.96,71,44,27.72577252,27.89755499,27.89755499,26.59747776,26.59747776,117.6,50190000,,,,
289,雲南,2013,1,Yunnan,10.01,7.95,64.81,80,1,38,63,130,2,35,67,4.248853126,4.248853126,13.76699523,13.76699523,19.69305113,213.99,46870000,,,,
290,雲南,2013,2,Yunnan,14.69,9.55,55.03,47,2,37,31,60,1.5,88,36,23.28513734,13.76699523,19.69305113,19.69305113,21.867288,232.06,46870000,,,,
291,雲南,2013,3,Yunnan,16.61,22.63,54.84,96,3,34,39,99,1.7,110,55,31.54516291,27.41515013,27.74009963,21.867288,22.12043579,241.54,46870000,,,,
292,雲南,2013,4,Yunnan,18.75,40.47,57.56,222,4,29,44,100,1.7,115,53,28.38999862,29.96758077,27.68939616,26.58833146,25.83454224,220.31,46870000,,,,
293,雲南,2013,5,Yunnan,20.65,118.22,69.06,224,5,20,34,60,1,99,27,23.13302695,25.76151279,24.78080366,26.47189347,24.94421611,194.29,46870000,,,,
294,雲南,2013,6,Yunnan,22.64,120.84,69.66,193,6,21,33,54,0.9,96,27,22.81938539,22.97620617,21.59530634,23.29397941,22.73130957,189.88,46870000,,,,
295,雲南,2013,7,Yunnan,22.12,142.06,79.69,118,7,15,27,42,0.8,52,20,18.83350668,20.82644603,20.71117409,21.31663731,22.66331697,115.27,46870000,,,,
296,雲南,2013,8,Yunnan,21.48,190.8,79.44,49,8,22,33,54,0.8,67,30,20.4806302,19.65706844,22.45472416,22.54588947,22.96328921,157.83,46870000,,,,
297,雲南,2013,9,Yunnan,20.08,115.98,79.03,72,9,24,38,72,0.9,80,40,28.05003561,24.26533291,24.38785132,22.99926516,23.42538493,135.81,46870000,,,,
298,雲南,2013,10,Yunnan,16.65,104.86,78,82,10,24,43,76,1.2,70,41,24.63288815,26.34146188,25.93759592,24.57335449,24.43007774,137.94,46870000,,,,
299,雲南,2013,11,Yunnan,13.94,5.6,71.66,91,11,27,44,94,1.2,51,41,25.12986401,24.88137608,24.53990763,25.41743962,24.42780832,211.04,46870000,,,,
300,雲南,2013,12,Yunnan,8.97,43.72,72.66,91,12,27,43,97,1.7,32,58,23.85697073,24.49341737,23.15203928,23.5222515,23.67295162,180.21,46870000,,,,
301,雲南,2014,1,Yunnan,9.9,5.99,65.34,66,13,31,30,82,1.9,77,46,20.4692831,22.16312692,22.86733531,23.43296749,24.8689484,231.76,47140000,,,,
302,雲南,2014,2,Yunnan,12.33,20.1,59.31,40,14,23,27,56,1.2,82,31,24.27575211,22.3725176,25.11930242,24.8037195,25.02710349,216.33,47140000,,,,
303,雲南,2014,3,Yunnan,15.99,27.09,56.56,95,15,30,33,85,1.6,96,45,30.61287206,27.44431208,26.93642121,25.31963668,25.59431096,244.41,47140000,,,,
304,雲南,2014,4,Yunnan,19.68,25.21,54.97,112,16,29,32,94,1.9,122,52,25.92063945,28.26675576,27.7421732,26.87556793,25.65471631,248.26,47140000,,,,
305,雲南,2014,5,Yunnan,21.87,61.71,61.78,179,17,18,22,55,1.4,107,29,26.69300809,26.30682377,24.46165247,25.99945737,25.23095312,234.5,47140000,,,,
306,雲南,2014,6,Yunnan,22.7,164.18,74.34,124,18,14,19,38,1.3,81,22,20.77130985,23.73215897,23.2070847,23.88547339,23.62392099,144.78,47140000,,,,
307,雲南,2014,7,Yunnan,22.12,215.41,81.22,83,19,19,21,43,1.1,69,23,22.15693616,21.46412301,21.83531914,23.04974138,23.62051523,135.94,47140000,,,,
308,雲南,2014,8,Yunnan,21.46,180.05,81.53,63,20,22,21,41,0.9,67,23,22.57771141,22.36732378,23.54608606,22.85239201,23.94755968,115.16,47140000,,,,
309,雲南,2014,9,Yunnan,21.13,122.65,79.19,57,21,21,21,42,0.9,64,23,25.90361062,24.24066101,25.60318413,24.74162214,24.65436847,173.44,47140000,,,,
310,雲南,2014,10,Yunnan,17.65,47.84,75.75,97,22,22,23,62,1.1,68,36,28.32823035,27.11592049,26.17906492,25.27872654,25.38443045,188.18,47140000,,,,
311,雲南,2014,11,Yunnan,14.16,30.32,73.81,103,23,23,26,56,1.1,53,26,24.30535378,26.31679207,26.14694341,26.08611021,25.15423181,194.46,47140000,,,,
312,雲南,2014,12,Yunnan,10.31,7.37,71.22,107,24,25,31,71,1.4,57,40,25.8072461,25.05629994,23.84643935,24.9668871,24.70875251,188.25,47140000,,,,
313,雲南,2015,1,Yunnan,10.07,88.95,72.19,102,25,20,21,63,1.1,69,37,21.42671818,23.61698214,23.63672614,23.80388305,25.88175941,185.16,47420000,,,,
314,雲南,2015,2,Yunnan,12.21,8.6,62.25,50,26,16,17,59,1,86,37,23.67621415,22.55146616,26.43206572,26.27586082,26.30038244,218.51,47420000,,,,
315,雲南,2015,3,Yunnan,17.04,27.52,55.09,161,27,16,21,70,0.9,105,44,34.19326484,28.93473949,28.08931598,26.42366653,26.59203776,256.5,47420000,,,,
316,雲南,2015,4,Yunnan,18.03,62.42,64.97,219,28,15,16,53,0.7,96,30,26.39846896,30.2958669,29.28575215,27.88336765,26.88588242,194.59,47420000,,,,
317,雲南,2015,5,Yunnan,22.11,57.48,61.5,334,29,16,15,54,0.7,105,29,27.26552265,26.83199581,25.5199777,27.68829948,26.38054329,244.46,47420000,,,,
318,雲南,2015,6,Yunnan,23.29,103.1,70.44,285,30,11,11,32,0.6,73,17,22.89594148,25.08073207,23.77032756,24.42736291,23.44798536,174.43,47420000,,,,
319,雲南,2015,7,Yunnan,21.48,167.08,77.31,201,31,15,15,37,0.6,79,21,21.14951853,22.02273001,21.19197839,22.71036446,23.13231099,120.88,47420000,,,,
320,雲南,2015,8,Yunnan,21.14,202.18,83.03,91,32,15,14,32,0.7,60,18,19.53047516,20.33999684,21.8333636,22.09900807,23.19284998,94.18,47420000,,,,
321,雲南,2015,9,Yunnan,21.1,127,81.41,68,33,13,13,32,0.7,55,18,24.8200971,22.17528613,23.97292996,23.2670771,23.84069324,119.64,47420000,,,,
322,雲南,2015,10,Yunnan,17.37,114.88,77.69,90,34,16,16,42,0.8,68,24,27.56821762,26.19415736,26.17449084,24.51348692,24.84967227,174,47420000,,,,
323,雲南,2015,11,Yunnan,14.41,36.36,74.09,110,35,16,17,44,0.9,61,23,26.13515778,26.8516877,26.63259637,26.17947155,25.19057388,199.43,47420000,,,,
324,雲南,2015,12,Yunnan,10.49,33.48,75.88,123,36,15,19,50,0.9,61,29,26.1944137,26.16478574,24.52151822,25.28319307,24.79482469,151.91,47420000,,,,
325,雲南,2016,1,Yunnan,9.09,24.43,69.34,110,37,16,20,51,0.9,71,30,21.23498317,23.71469844,23.42358268,24.10147645,26.11666267,NA,47710000,,,,
326,雲南,2016,2,Yunnan,10.92,31.4,68.81,49,38,13,15,54,0.9,82,37,22.84135117,22.03816717,26.08458062,26.11203889,26.05036263,134.59,47710000,,,,
327,雲南,2016,3,Yunnan,15.71,21.31,60.59,133,39,14,19,64,0.9,104,37,34.17740752,28.50937934,27.60747209,26.01434986,26.19596937,199.15,47710000,,,,
328,雲南,2016,4,Yunnan,18.66,75.08,64.66,187,40,13,18,61,0.8,105,32,25.80365758,29.99053255,28.9678375,27.43621591,27.01528311,158.46,47710000,,,,
329,雲南,2016,5,Yunnan,20.59,114.46,69.31,209,41,12,14,45,0.7,94,24,26.92244739,26.36305248,26.01921896,28.0587661,26.27206825,168.01,47710000,,,,
330,雲南,2016,6,Yunnan,22.02,168.58,78.16,258,42,11,11,29,0.6,65,16,25.33155191,26.12699965,23.79309205,24.29573343,24.00960557,113.2,47710000,,,,
331,雲南,2016,7,Yunnan,21.87,206.79,81.62,144,43,11,11,27,0.6,50,14,19.12527684,22.22841437,22.44064096,23.56109257,24.78406089,97.12,47710000,,,,
332,雲南,2016,8,Yunnan,22.18,176.29,80.59,69,44,15,14,34,0.7,76,19,22.86509413,20.99518549,23.88876839,24.24946427,24.34610438,NA,47710000,,,,
333,雲南,2016,9,Yunnan,20.5,137.76,81.62,114,45,14,15,38,0.7,67,22,29.67593419,26.27051416,25.75789772,24.0997425,24.7102448,96.42,47710000,,,,
334,雲南,2016,10,Yunnan,18.92,2.77,79.19,121,46,14,16,38,0.9,66,21,24.73266483,27.20429951,27.18695101,26.10648679,26.28196729,143.29,47710000,,,,
335,雲南,2016,11,Yunnan,14.37,64.83,76.62,128,47,14,19,41,0.9,65,21,27.15225403,25.94245943,26.2896027,27.13618557,25.66307525,166.72,47710000,,,,
336,雲南,2016,12,Yunnan,11.54,5.05,74.47,179,48,15,23,54,1,67,29,26.98388925,27.06807164,24.63559241,24.65986051,24.22396938,NA,47710000,,,,
337,雲南,2017,1,Yunnan,10.7,26.1,68.14,119,49,14,19,46,0.9,74,27,19.77063395,23.3772616,23.07830935,24.09679552,25.80596592,194.04,48010000,,,,
338,雲南,2017,2,Yunnan,11.74,23.05,65.06,52,50,13,20,54,0.9,95,34,22.48040484,21.12551939,24.96456211,25.46939389,26.2707502,172.06,48010000,,,,
339,雲南,2017,3,Yunnan,14.19,57.67,65.22,103,51,13,22,61,0.9,110,36,32.64264753,27.56152618,28.19974261,26.09246544,26.50139363,162.18,48010000,,,,
340,雲南,2017,4,Yunnan,17.04,94.55,69.45,179,52,12,19,56,0.8,109,33,29.47617545,31.05941149,30.0853098,28.18408356,27.49324604,161.72,48010000,,,,
341,雲南,2017,5,Yunnan,19.64,74.71,68.18,284,53,13,18,50,0.8,110,27,28.13710641,28.80664093,27.44772595,28.74645634,27.19335892,196.45,48010000,,,,
342,雲南,2017,6,Yunnan,21.84,140.39,74.8,280,54,11,15,33,0.7,79,15,24.72989599,26.4335012,24.61599054,25.83103677,24.79931876,140.57,48010000,,,,
343,雲南,2017,7,Yunnan,21,276.94,82.99,201,55,12,16,36,0.7,66,17,20.98096923,22.85543261,22.12777065,23.63010459,24.59999346,103.4,48010000,,,,
344,雲南,2017,8,Yunnan,21.52,233.37,82.66,82,56,13,16,33,0.8,64,15,20.67244674,20.82670798,23.37765497,23.71571523,24.51252569,121.16,48010000,,,,
345,雲南,2017,9,Yunnan,21.07,127.34,81.47,96,57,12,15,34,0.8,60,15,28.47954894,24.57599784,25.6172544,24.45818311,25.24389848,132.57,48010000,,,,
346,雲南,2017,10,Yunnan,17.87,101.06,82,124,58,11,18,36,0.8,62,18,27.69976753,28.08965824,28.18869214,26.30963079,26.37812572,137.19,48010000,,,,
347,雲南,2017,11,Yunnan,13.44,31.41,75.09,171,59,14,24,50,0.9,71,25,28.38675996,28.04326374,27.57954431,27.80454547,26.230953,184.83,48010000,,,,
348,雲南,2017,12,Yunnan,10.39,8.51,72.31,213,60,15,26,60,0.9,70,31,26.65210544,27.5194327,24.99181618,25.66880402,25.10341082,188.98,48010000,,,,
349,雲南,2018,1,Yunnan,9.6,27,68.48,149,61,12,22,52,0.9,73,27,19.93658314,23.29434429,23.14350887,24.45432164,26.63420261,192.41,48300000,,,,
350,雲南,2018,2,Yunnan,11.27,9.2,62.53,58,62,12,18,60,0.9,97,35,22.84183803,21.38921059,26.04404922,26.19606328,26.6468879,189.1,48300000,,,,
351,雲南,2018,3,Yunnan,14.83,44.29,62.29,159,63,12,22,70,0.9,120,40,35.35372649,29.09778226,28.88191696,26.64558351,27.00104488,223.15,48300000,,,,
352,雲南,2018,4,Yunnan,17.75,NA,63.2,254,64,11,19,68,0.8,122,35,28.45018637,31.90195643,30.74226774,28.76716031,27.992552,200.69,48300000,,,,
353,雲南,2018,5,Yunnan,20.21,109.1,69.77,377,65,10,16,48,0.6,101,22,28.42289036,28.43653837,27.25573183,29.2802305,27.66082092,181.19,48300000,,,,
354,雲南,2018,6,Yunnan,21.08,211.62,81.33,377,66,9,14,33,0.6,72,14,24.89411877,26.65850456,24.83339725,25.73759453,24.71484903,98.53,48300000,,,,
355,雲南,2018,7,Yunnan,21.91,220.06,81.72,257,67,10,14,29,0.7,68,13,21.18318262,23.03865069,22.2337228,23.78101469,24.64852547,114,48300000,,,,
356,雲南,2018,8,Yunnan,21.26,249,83.18,109,68,12,16,37,0.8,80,19,20.62386701,20.90352482,23.30853942,23.70493425,24.67902231,115.13,48300000,,,,
357,雲南,2018,9,Yunnan,20.24,99.67,83.01,107,69,10,14,34,0.8,65,18,28.11856861,24.37121781,25.77260338,24.62524819,25.08174049,111.92,48300000,,,,
358,雲南,2018,10,Yunnan,16.14,94.53,80.29,157,70,10,16,39,0.7,68,21,28.57537452,28.34697157,27.86721761,26.05637996,26.13142738,129.41,48300000,,,,
359,雲南,2018,11,Yunnan,12.88,6.34,71.34,179,71,13,21,54,0.8,79,27,26.90770969,27.74154211,27.30490042,27.50831747,25.94476904,223.36,48300000,,,,
360,雲南,2018,12,Yunnan,10.9,44.33,71.84,202,72,11,21,50,0.9,67,25,26.43161704,26.66966337,24.34330068,25.40131914,24.8911964,181.58,48300000,,,,
361,雲南,2019,1,Yunnan,9.9,31.7,70,131,73,13,35,43,1,68,23,19.69057532,23.06109618,22.99096593,23.97015187,26.38839927,235.1,48580000,,,,
362,雲南,2019,2,Yunnan,12.9,5.7,52,49,74,14,25,42,0.73,86,26,22.85070542,21.27064037,26.20088988,26.25857167,26.68662141,256.9,48580000,,,,
363,雲南,2019,3,Yunnan,14.6,4.5,53,134,75,14,34,61,0.74,105,36,36.06138889,29.45604716,29.10363823,26.7503725,26.97215818,269.4,48580000,,,,
364,雲南,2019,4,Yunnan,19,7.1,50,220,76,14,35,65,0.72,130,40,28.39882038,32.23010463,30.77317005,28.79255389,28.21853723,265,48580000,,,,
365,雲南,2019,5,Yunnan,22.3,20.1,51,282,77,11,26,56,0.62,132,31,27.85930088,28.12906063,27.39353061,29.56049518,27.89817971,257.6,48580000,,,,
366,雲南,2019,6,Yunnan,22.2,94.1,69,298,78,9,24,28,0.57,88,15,25.92247057,26.89088573,25.01022976,25.85737742,25.1080153,160,48580000,,,,
367,雲南,2019,7,Yunnan,20.8,279.5,83,210,79,8,24,26,0.56,69,14,21.24891784,23.5856942,23.09398507,24.28531402,25.48778663,78.2,48580000,,,,
368,雲南,2019,8,Yunnan,21.3,120.7,76,91,80,11,30,38,0.58,111,22,22.11056681,21.67974232,24.55238723,24.89490807,25.41034022,183.2,48580000,,,,
369,雲南,2019,9,Yunnan,18.4,186.1,75,128,81,9,30,35,0.59,83,22,30.29767705,26.20412193,26.6267709,25.28230763,25.72211837,128,48580000,,,,
370,雲南,2019,10,Yunnan,17,74.2,76,160,82,10,31,36,0.68,74,20,27.47206885,28.88487295,28.41703573,26.8404185,26.52361872,155.8,48580000,,,,
371,雲南,2019,11,Yunnan,14,7.5,73,188,83,12,35,51,0.78,64,28,27.4813613,27.47671507,26.73661658,27.6268817,26.11892888,173.9,48580000,,,,
372,雲南,2019,12,Yunnan,7.9,9,69,187,84,12,40,65,0.93,62,36,25.25641959,26.36889044,24.27496617,25.07424184,24.16132865,230.2,48580000,,,,
373,雲南,2020,1,Yunnan,9.9,61.5,63,110,85,10,26,36,0.7,72,23,20.08711763,22.67176861,21.95107104,23.3336436,23.8765917,241,47220000,,,,
374,雲南,2020,2,Yunnan,11,24.2,64,40,86,8,14,40,0.65,97,33,20.5096759,20.29839676,22.2150592,22.9753993,23.59559276,252,47220000,,,,
375,雲南,2020,3,Yunnan,16,5.3,49,37,87,9,30,60,0.7,115,38,26.04838407,23.27902998,24.21147553,23.18038606,24.48641608,324.4,47220000,,,,
376,雲南,2020,4,Yunnan,16.1,45.3,58,30,88,9,30,58,0.73,113,36,26.07636662,26.06237535,27.27842896,25.5862407,26.14036589,290.4,47220000,,,,
377,雲南,2020,5,Yunnan,20.6,22.9,56,45,89,10,26,45,0.64,114,23,29.71053619,27.89345141,28.04792316,27.54803839,27.61446914,333,47220000,,,,
378,雲南,2020,6,Yunnan,22.5,122.8,66,53,90,9,19,30,0.64,79,14,28.35686667,29.03370143,28.64919834,28.00599041,27.57531513,313.7,47220000,,,,
379,雲南,2020,7,Yunnan,20.6,379.8,81,76,91,8,21,27,0.52,60,12,27.88019216,28.11852942,27.36322427,27.95005225,28.1965731,276.1,47220000,,,,
380,雲南,2020,8,Yunnan,20.8,258,83,63,92,7,21,29,0.5,67,13,25.85261399,26.86640307,27.63848754,27.81808232,27.62402416,284.3,47220000,,,,
381,雲南,2020,9,Yunnan,19.4,95.4,86,88,93,8,23,31,0.64,60,15,29.18265647,27.51763523,27.29435398,27.44081353,27.80955186,246.3,47220000,,,,
382,雲南,2020,10,Yunnan,16.5,26.9,78,92,94,8,26,38,0.67,61,19,26.84779149,28.01522398,28.43831772,27.79189179,27.77452095,245,47220000,,,,
383,雲南,2020,11,Yunnan,13.5,6.6,70,118,95,12,35,58,0.81,73,30,29.28450521,28.06614835,27.9457781,28.25499769,28.25499769,245.3,47220000,,,,
384,雲南,2020,12,Yunnan,10.7,8.7,69,152,96,10,33,52,0.84,56,29,27.70503761,28.49477141,28.49477141,27.9457781,27.9457781,229.8,47220000,,,,
385,福建,2013,1,Fujian,9.72,13.47,76.5,19,1,15,50,72,1,43,48,4.144278784,4.144278784,16.66907673,16.66907673,23.55445206,112.82,37740000,,,,
386,福建,2013,2,Fujian,12.96,68.96,82.79,8,2,10,39,59,0.9,64,39,29.19387467,16.66907673,23.55445206,23.55445206,24.72324695,56.21,37740000,,,,
387,福建,2013,3,Fujian,15.66,115.83,76,23,3,16,48,77,0.9,72,44,37.32520272,33.2595387,31.58290301,24.72324695,25.38854192,140.51,37740000,,,,
388,福建,2013,4,Fujian,17.66,162.63,78,29,4,17,49,87,1,76,48,28.22963163,32.77741717,31.20151872,30.69960771,29.87528605,90.42,37740000,,,,
389,福建,2013,5,Fujian,22.92,249.27,82.36,26,5,13,42,57,0.7,70,30,28.04972182,28.13967672,27.61911762,30.04563889,29.10275351,99.46,37740000,,,,
390,福建,2013,6,Fujian,25.82,204.35,82.32,24,6,13,41,51,0.7,83,26,26.57799941,27.31386061,26.65297774,27.04714121,27.82454891,128.34,37740000,,,,
391,福建,2013,7,Fujian,27.68,126.7,74.75,15,7,14,37,48,0.6,76,20,25.33121198,25.95460569,27.61446369,27.72327822,27.09853676,247.35,37740000,,,,
392,福建,2013,8,Fujian,27.83,179.51,76.18,16,8,14,37,50,0.8,77,22,30.93417969,28.13269584,26.95498753,26.8607405,26.74863962,211.06,37740000,,,,
393,福建,2013,9,Fujian,25.59,70.61,73.07,16,9,11,31,47,0.6,81,23,24.59957091,27.7668753,27.27799557,26.79129967,29.43651312,178.41,37740000,,,,
394,福建,2013,10,Fujian,20.85,26.73,66.54,7,10,13,35,64,0.6,99,33,26.3002361,25.4499035,30.30572464,30.4628384,30.83567841,215.35,37740000,,,,
395,福建,2013,11,Fujian,15.94,79.26,74.68,22,11,16,46,72,0.8,78,36,40.01736692,33.15880151,32.88154716,30.8110531,30.12400641,139.47,37740000,,,,
396,福建,2013,12,Fujian,9.5,105.31,69.71,35,12,21,49,82,0.8,66,55,32.32703846,36.17220269,33.24007502,31.50511529,30.02331728,153.31,37740000,,,,
397,福建,2014,1,Fujian,9.74,7.02,69.04,50,13,19,48,93,0.9,73,58,27.37581969,29.85142907,27.93299447,30.95408758,31.74117861,181.17,38060000,,,,
398,福建,2014,2,Fujian,10.43,98.35,79.39,21,14,10,34,47,0.8,63,29,24.09612526,25.73597247,28.78716256,29.67213154,29.34621496,84.53,38060000,,,,
399,福建,2014,3,Fujian,13.96,138.52,80.39,39,15,15,46,83,0.9,79,42,34.88954274,29.492834,29.00940556,28.60100909,28.67076503,90.86,38060000,,,,
400,福建,2014,4,Fujian,19.39,139,78.71,40,16,13,37,74,0.9,91,37,28.04254867,31.46604571,30.6272934,28.99450136,28.57245861,113.09,38060000,,,,
401,福建,2014,5,Fujian,22.02,263.6,84.64,43,17,9,34,70,1,86,38,28.94978878,28.49616873,27.95887502,29.69154195,28.30975653,62.84,38060000,,,,
402,福建,2014,6,Fujian,25.84,232.67,82.07,35,18,8,22,56,0.7,77,27,26.8842876,27.91703819,26.20556374,26.66480997,26.17358708,122.65,38060000,,,,
403,福建,2014,7,Fujian,28.37,182.47,77.54,24,19,10,20,52,0.7,73,24,22.78261484,24.83345122,24.62519931,25.70634668,27.34735023,240.84,38060000,,,,
404,福建,2014,8,Fujian,27.32,180.66,81.54,9,20,11,28,62,0.7,91,30,24.2086955,23.49565517,26.96755825,26.94674059,27.2466606,190.66,38060000,,,,
405,福建,2014,9,Fujian,26.69,80.08,78.89,16,21,8,21,54,0.6,88,26,33.91136442,29.06002996,28.85546685,27.33725385,28.73016605,182.52,38060000,,,,
406,福建,2014,10,Fujian,21.46,8.41,70.07,15,22,10,23,65,0.6,103,34,28.44634063,31.17885253,32.21983997,30.21705385,31.58363623,222.44,38060000,,,,
407,福建,2014,11,Fujian,17.49,41.55,78.71,24,23,10,32,61,0.7,77,34,34.30181485,31.37407774,33.26604041,33.42737141,33.08775129,102.4,38060000,,,,
408,福建,2014,12,Fujian,9.99,33.22,67.29,46,24,12,37,67,0.7,69,39,37.04996574,35.6758903,34.36035047,32.88184801,30.76311388,138.77,38060000,,,,
409,福建,2015,1,Fujian,10.14,50.66,72.79,108,25,20,36,76,1.1,70,50,31.72927082,34.38961828,30.35580465,31.3423072,31.45355394,136.09,38390000,,,,
410,福建,2015,2,Fujian,11.96,43.56,76.86,53,26,12,25,62,1,72,42,22.28817738,27.0087241,28.63866303,30.74148871,31.35179518,90.49,38390000,,,,
411,福建,2015,3,Fujian,14.52,122.45,81.71,50,27,11,26,52,0.9,72,31,31.89854088,27.09335913,29.32657979,29.92725255,29.49213534,81.61,38390000,,,,
412,福建,2015,4,Fujian,19.1,103.35,74.86,90,28,13,28,61,0.9,89,34,33.7930211,32.84578099,31.14774283,28.93285147,28.05251037,136.68,38390000,,,,
413,福建,2015,5,Fujian,22.59,203.34,85.75,101,29,9,26,52,0.9,79,28,27.75166652,30.77234381,28.69194453,29.49359362,28.41852699,72.84,38390000,,,,
414,福建,2015,6,Fujian,26.71,166.42,83.18,65,30,8,20,45,0.7,73,21,24.53114597,26.14140624,25.46702432,27.54852351,27.06517564,149.55,38390000,,,,
415,福建,2015,7,Fujian,26.66,193.55,81.86,38,31,9,19,40,0.7,69,20,24.11826047,24.32470322,24.5937302,25.38321428,26.491599,149.76,38390000,,,,
416,福建,2015,8,Fujian,26.43,229.31,82.32,22,32,9,20,39,0.7,72,20,25.13178417,24.62502232,26.72506084,26.17658212,27.17296399,159.59,38390000,,,,
417,福建,2015,9,Fujian,24.36,209.91,82.75,21,33,9,20,44,0.8,85,24,30.92513789,28.02846103,29.07180451,27.8334185,28.10129718,122.95,38390000,,,,
418,福建,2015,10,Fujian,21.58,72.81,78.39,31,34,11,23,50,0.8,83,28,31.15849146,31.04181468,30.41881375,29.09705636,30.59729775,145.45,38390000,,,,
419,福建,2015,11,Fujian,18.41,98.28,83.46,29,35,11,27,45,0.8,60,25,29.1728119,30.16565168,32.30985556,31.96367615,30.97509754,92.28,38390000,,,,
420,福建,2015,12,Fujian,12.59,180.65,82.43,50,36,11,30,48,0.9,48,27,36.59826333,32.88553762,30.93061946,30.98758746,29.81399266,56.31,38390000,,,,
421,福建,2016,1,Fujian,10.03,203.68,83.25,79,37,11,32,51,1,47,33,27.02078314,31.80952323,29.57955331,29.47786796,31.28805401,NA,38740000,,,,
422,福建,2016,2,Fujian,9.93,69.19,75.82,31,38,9,20,55,0.8,70,34,25.11961347,26.07019831,30.22306494,31.81686454,30.70479852,99.71,38740000,,,,
423,福建,2016,3,Fujian,13.06,191.42,79.89,85,39,10,34,61,1,78,39,38.52879821,31.82420584,29.96831537,29.23143231,28.78062804,90.59,38740000,,,,
424,福建,2016,4,Fujian,19.88,237.57,87.04,82,40,10,31,54,1,79,31,26.25653444,32.39266632,30.5875812,29.22058927,28.65984387,50.94,38740000,,,,
425,福建,2016,5,Fujian,23.4,183.11,83.32,64,41,9,22,49,0.8,83,26,26.97741095,26.61697269,26.55026923,29.54490147,29.29370534,111.88,38740000,,,,
426,福建,2016,6,Fujian,26.52,257.4,84.11,47,42,8,20,39,0.8,72,19,26.41686229,26.69713662,27.22773135,26.98493213,26.8044841,134.18,38740000,,,,
427,福建,2016,7,Fujian,27.9,165.29,79.25,39,43,10,19,43,0.7,82,21,28.28892082,27.35289156,26.9294917,26.94147151,26.92102287,212.19,38740000,,,,
428,福建,2016,8,Fujian,27.44,191.88,80.18,34,44,10,20,42,0.7,84,21,26.08269199,27.18580641,27.07028037,26.90692585,28.25893261,174.3,38740000,,,,
429,福建,2016,9,Fujian,25.23,260.6,80.75,20,45,9,19,40,0.7,86,22,26.83922829,26.46096014,28.86295998,28.71945019,29.20185658,111.94,38740000,,,,
430,福建,2016,10,Fujian,23.26,4.23,84.21,31,46,8,22,38,0.7,65,19,33.66695967,30.25309398,30.54589003,29.43009052,30.23735584,69.59,38740000,,,,
431,福建,2016,11,Fujian,17.04,154.11,83.54,38,47,11,30,50,0.8,63,27,31.13148213,32.3992209,32.75495297,31.2760218,30.91798886,73.88,38740000,,,,
432,福建,2016,12,Fujian,13.34,25.36,76.5,59,48,13,35,63,0.9,66,35,33.46641713,32.29894963,31.36125211,31.937679,31.56824816,123.65,38740000,,,,
433,福建,2017,1,Fujian,12.31,40.4,79.72,74,49,12,30,56,0.9,67,37,29.48585706,31.4761371,31.01426633,31.04357028,31.59345318,96.48,39110000,,,,
434,福建,2017,2,Fujian,11.55,50.48,72.76,69,50,10,29,50,0.8,87,34,30.09052479,29.78819093,31.12312222,31.70894595,31.71416242,120.45,39110000,,,,
435,福建,2017,3,Fujian,13.59,213.36,82.34,112,51,11,37,56,0.8,87,33,33.79298481,31.9417548,31.87284596,31.27609874,31.56436763,61.61,39110000,,,,
436,福建,2017,4,Fujian,18.79,154.42,77.38,149,52,11,32,58,0.8,105,31,31.73502829,32.76400655,32.74848543,32.08399527,30.8171848,141.48,39110000,,,,
437,福建,2017,5,Fujian,22.88,113.02,76.69,218,53,9,24,46,0.8,108,24,32.71744318,32.22623574,30.06747147,30.99884981,28.88490399,152.69,39110000,,,,
438,福建,2017,6,Fujian,24.62,474.06,88.85,218,54,7,20,31,0.7,74,16,25.74994295,29.23369306,26.29883561,27.65788378,27.38830541,88.42,39110000,,,,
439,福建,2017,7,Fujian,28.18,151.59,75.94,79,55,9,19,39,0.6,88,18,20.42912071,23.08953183,24.16301853,26.30162469,27.0664546,256.36,39110000,,,,
440,福建,2017,8,Fujian,28.14,147.41,78.88,43,56,8,20,43,0.7,101,22,26.30999193,23.36955632,25.62162896,25.65370746,26.87310618,235.77,39110000,,,,
441,福建,2017,9,Fujian,27.19,65.05,76.06,44,57,9,20,46,0.7,112,24,30.12577424,28.21788309,29.39548908,27.15389699,28.23132779,217.01,39110000,,,,
442,福建,2017,10,Fujian,22.11,29.56,70.66,51,58,9,21,46,0.7,102,24,31.75070106,30.93823765,31.47250877,30.18187956,30.91257572,180.99,39110000,,,,
443,福建,2017,11,Fujian,16.92,63.9,78.36,78,59,11,29,50,0.7,80,29,32.541051,32.14587603,32.70903748,32.06322167,31.01982358,76.22,39110000,,,,
444,福建,2017,12,Fujian,11.04,12.46,69.21,103,60,12,33,60,0.8,83,37,33.83536038,33.18820569,31.0742142,31.24333592,29.47049474,148.44,39110000,,,,
445,福建,2018,1,Fujian,10.06,144.91,76.96,155,61,11,32,48,0.8,69,30,26.84623121,30.3407958,27.68690721,28.90044316,31.09954747,98.74,39410000,,,,
446,福建,2018,2,Fujian,10.08,34.49,72.89,46,62,10,23,57,0.7,87,38,22.37913003,24.61268062,29.70710865,30.73917158,30.73330366,111.28,39410000,,,,
447,福建,2018,3,Fujian,15.61,104.97,74.94,107,63,10,30,53,0.8,98,32,39.8959647,31.13754736,30.99497558,29.95778948,29.50105858,162.61,39410000,,,,
448,福建,2018,4,Fujian,19.84,118.6,75.06,163,64,10,28,70,0.8,114,37,30.709832,35.30289835,32.75997721,30.16476542,29.38327729,127.42,39410000,,,,
449,福建,2018,5,Fujian,24.97,160.26,78.63,156,65,9,22,50,0.7,117,26,27.67413494,29.19198347,28.21376391,31.13431411,30.86509271,173.54,39410000,,,,
450,福建,2018,6,Fujian,25.45,238.62,81.64,107,66,8,18,37,0.7,103,19,26.2573248,26.96572987,27.90655562,28.60737471,28.05441783,131.31,39410000,,,,
451,福建,2018,7,Fujian,27.95,114.2,76.95,97,67,9,18,40,0.6,89,19,29.78820711,28.02276596,27.29604074,27.39056429,27.3070957,223.63,39410000,,,,
452,福建,2018,8,Fujian,27.42,253.55,80.69,90,68,8,19,37,0.7,95,19,25.84259029,27.8153987,27.53467291,27.21533588,29.1002325,183.86,39410000,,,,
453,福建,2018,9,Fujian,25.68,107.85,77.48,46,69,8,19,40,0.7,101,20,26.97322133,26.40790581,29.81854352,29.81095942,29.75928141,186.34,39410000,,,,
454,福建,2018,10,Fujian,19.68,71.22,73.54,96,70,10,25,51,0.7,120,28,36.63981894,31.80652014,31.05520322,29.75204999,30.23060778,154.84,39410000,,,,
455,福建,2018,11,Fujian,17.03,128.82,83.27,112,71,9,28,42,0.8,72,24,29.55256939,33.09619417,32.77907576,31.32761216,29.99190724,89.16,39410000,,,,
456,福建,2018,12,Fujian,12.5,40.33,82.21,136,72,9,30,45,0.8,59,26,32.14483896,30.84870417,28.7821653,30.74657871,29.47276367,71.06,39410000,,,,
457,福建,2019,1,Fujian,12.5,5.3,77,131,73,5,33,48,0.8,66,30,24.64908756,28.39696326,27.05714334,27.68099985,29.65746372,92.8,39730000,,,,
458,福建,2019,2,Fujian,12.4,90.8,85,47,74,4,21,34,0.68,64,24,24.3775035,24.51329553,28.86330341,29.6836873,29.5837677,28.9,39730000,,,,
459,福建,2019,3,Fujian,15.1,185.5,79,99,75,5,28,47,0.65,97,28,37.56331918,30.97041134,30.37497067,28.94349989,28.98693653,100.2,39730000,,,,
460,福建,2019,4,Fujian,20.1,176.8,79,117,76,5,27,54,0.73,99,29,29.18408932,33.37370425,31.96936387,30.07139878,29.22581918,99.6,39730000,,,,
461,福建,2019,5,Fujian,22,121.3,72,116,77,5,22,48,0.63,103,25,29.16068312,29.17238622,28.06275775,30.43789811,29.36249704,99.2,39730000,,,,
462,福建,2019,6,Fujian,25.8,327.4,84,90,78,4,19,35,0.62,93,20,25.84350081,27.50209196,26.68835891,27.31229151,27.85146171,109.5,39730000,,,,
463,福建,2019,7,Fujian,29,283.1,78,51,79,4,17,37,0.55,86,18,25.0608928,25.45219681,26.97084537,27.5183048,28.26005144,168.6,39730000,,,,
464,福建,2019,8,Fujian,29.2,78,72,44,80,4,13,32,0.6,86,17,30.00814249,27.53451765,28.76535775,28.03489352,28.98172056,174.6,39730000,,,,
465,福建,2019,9,Fujian,27.3,11.3,62,55,81,4,14,36,0.68,111,18,31.22703797,30.61759023,31.3347364,29.7662755,31.00484268,219.7,39730000,,,,
466,福建,2019,10,Fujian,23.1,28.5,65,65,82,5,17,49,0.72,122,27,32.76902875,31.99803336,33.3183927,32.49083014,32.11553917,166.9,39730000,,,,
467,福建,2019,11,Fujian,18.6,0.1,61,130,83,6,22,48,0.6,102,24,35.95911137,34.36407006,33.11417179,32.64238834,30.46758494,177,39730000,,,,
468,福建,2019,12,Fujian,14.4,38.1,70,177,84,5,33,46,0.65,75,28,30.61437526,33.28674331,29.447286,30.27772169,27.48155353,136.3,39730000,,,,
469,福建,2020,1,Fujian,13.4,28.2,74,116,85,5,23,37,0.74,72,28,21.76837136,26.19137331,22.89320918,26.15968473,25.97411845,116.5,41610000,,,,
470,福建,2020,2,Fujian,13.6,65.2,74,22,86,4,14,32,0.68,90,23,16.29688091,19.03262614,21.09903521,23.47787023,25.67547357,125.7,41610000,,,,
471,福建,2020,3,Fujian,15.7,262.8,80,9,87,5,26,35,0.71,84,24,25.23185337,20.76436714,25.33154041,24.44074814,26.75871547,82,41610000,,,,
472,福建,2020,4,Fujian,17.8,63.9,66,11,88,5,27,48,0.65,118,27,34.46588693,29.84887015,31.90944168,28.00630149,28.18227574,165.5,41610000,,,,
473,福建,2020,5,Fujian,24.7,262.6,81,23,89,4,24,41,0.69,108,21,36.03058475,35.24823584,33.12754814,31.15362445,30.29307766,134.5,41610000,,,,
474,福建,2020,6,Fujian,28.8,224.1,79,29,90,4,21,38,0.56,98,16,28.88617273,32.45837874,30.589216,31.55838373,31.24865394,185.5,41610000,,,,
475,福建,2020,7,Fujian,30.7,81.7,70,20,91,5,18,42,0.58,88,16,26.85089052,27.86853163,28.582266,30.44434569,29.96884952,217.5,41610000,,,,
476,福建,2020,8,Fujian,30.1,80,70,20,92,5,16,34,0.72,73,14,30.00973475,28.43031264,28.30916338,28.45341572,29.22286358,195.3,41610000,,,,
477,福建,2020,9,Fujian,26,119.4,78,18,93,4,19,35,0.78,102,18,28.06686487,29.03829981,30.12575156,29.3070363,31.09169505,112.4,41610000,,,,
478,福建,2020,10,Fujian,22.3,5.6,64,18,94,5,16,38,0.68,101,17,32.30065505,30.18375996,32.86594999,32.15189618,31.27976093,152.6,41610000,,,,
479,福建,2020,11,Fujian,20.5,0.5,67,40,95,5,20,41,0.69,83,20,38.23033006,35.26549256,32.77406835,31.59726748,31.59726748,120.5,41610000,,,,
480,福建,2020,12,Fujian,13.9,16.5,72,57,96,5,24,36,0.66,68,23,27.79121994,33.010775,33.010775,32.77406835,32.77406835,54.4,41610000,,,,
481,貴州,2013,1,Guizhou,5.49,12.65,80.26,40,1,85,41,116,1.1,36,85,3.512421941,3.512421941,12.03861539,12.03861539,17.10525595,53.31,35020000,,,,
482,貴州,2013,2,Guizhou,9.77,16.71,79.71,18,2,37,24,59,1,47,44,20.56480885,12.03861539,17.10525595,17.10525595,18.77263678,77.49,35020000,,,,
483,貴州,2013,3,Guizhou,15,66.58,71.17,36,3,32,36,109,0.9,80,73,27.23853707,23.90167296,23.85937506,18.77263678,19.44901561,130.91,35020000,,,,
484,貴州,2013,4,Guizhou,16.25,100.18,77.31,57,4,20,31,79,0.8,65,52,23.77477927,25.50665817,24.38928243,23.43316403,22.86972761,101.68,35020000,,,,
485,貴州,2013,5,Guizhou,20.31,174.4,78.31,62,5,16,31,63,0.7,76,42,22.15453094,22.96465511,22.18176404,23.4459573,22.43758923,126.71,35020000,,,,
486,貴州,2013,6,Guizhou,23.64,158.2,75.8,58,6,16,31,57,0.7,85,35,20.6159819,21.38525642,20.39154326,21.23735227,20.8539402,170.86,35020000,,,,
487,貴州,2013,7,Guizhou,25.82,42.59,71.29,36,7,10,21,36,0.5,54,16,18.40411695,19.51004943,19.44679693,20.12373043,20.88933658,181.52,35020000,,,,
488,貴州,2013,8,Guizhou,24.66,130.91,74.83,22,8,13,27,54,0.6,65,29,19.32029193,18.86220444,20.55872335,20.57303799,21.8659944,166.85,35020000,,,,
489,貴州,2013,9,Guizhou,20.49,105.84,78.66,21,9,18,31,66,0.7,82,44,23.95176117,21.63602655,23.43662439,22.17849753,22.04486423,130.76,35020000,,,,
490,貴州,2013,10,Guizhou,15.79,60.61,78.43,42,10,22,41,91,0.9,77,67,27.03782007,25.49479062,24.16663743,22.95505106,22.46766438,108.87,35020000,,,,
491,貴州,2013,11,Guizhou,12.86,42.09,80.69,53,11,28,34,69,0.9,51,47,21.51033106,24.27407556,23.0220896,23.25450749,22.31279248,69.21,35020000,,,,
492,貴州,2013,12,Guizhou,6.29,35.23,75.57,37,12,61,44,119,1,45,94,20.51811766,21.01422436,20.19146039,21.90305031,21.40685636,63.81,35020000,,,,
493,貴州,2014,1,Guizhou,7.25,12.53,73.23,31,13,69,47,136,1.2,65,103,18.54593244,19.53202505,19.49537689,19.99911543,22.14514902,112.71,35080000,,,,
494,貴州,2014,2,Guizhou,5.98,33.25,80.17,12,14,34,26,69,0.9,57,55,19.42208057,18.9840065,22.89909879,22.30385351,22.53396562,51.17,35080000,,,,
495,貴州,2014,3,Guizhou,12.02,78.72,80.14,34,15,30,33,86,0.9,70,53,30.72928337,25.07568197,24.53525933,23.0379276,23.34332926,80.18,35080000,,,,
496,貴州,2014,4,Guizhou,17.34,85.48,80.51,50,16,17,29,84,0.7,75,48,23.45441404,27.0918487,26.24954443,24.54267846,24.00634496,93.46,35080000,,,,
497,貴州,2014,5,Guizhou,19.42,152.54,80.23,65,17,16,32,90,0.7,73,51,24.56493588,24.00967496,23.29345362,25.15241106,23.70166708,83.13,35080000,,,,
498,貴州,2014,6,Guizhou,22.19,187.2,85.29,76,18,12,28,69,0.7,68,44,21.86101094,23.21297341,21.44154601,21.94476301,21.44505387,50.65,35080000,,,,
499,貴州,2014,7,Guizhou,24.22,218.16,81.86,44,19,11,24,56,0.5,71,30,17.8986912,19.87985107,19.73530649,20.94271383,21.59492439,159.71,35080000,,,,
500,貴州,2014,8,Guizhou,23.64,167.96,79.46,24,20,10,23,60,0.5,78,32,19.44621732,18.67245426,20.51622505,20.85242152,21.81458723,155.72,35080000,,,,
501,貴州,2014,9,Guizhou,22.45,131.53,79.71,24,21,11,23,59,0.6,73,35,24.20376663,21.82499198,23.10441133,21.8029813,22.36360636,140.08,35080000,,,,
502,貴州,2014,10,Guizhou,18.13,88.41,79.57,38,22,14,32,92,0.7,80,60,25.66325005,24.93350834,24.82437442,23.47983515,23.65390646,130.71,35080000,,,,
503,貴州,2014,11,Guizhou,11.73,68.59,85.89,51,23,18,29,65,0.7,40,39,24.60610658,25.13467831,24.87318279,24.70582875,23.73795307,35.41,35080000,,,,
504,貴州,2014,12,Guizhou,6.58,13.02,75.06,70,24,45,40,112,0.9,55,70,24.35019174,24.47814916,22.94091622,23.62149968,23.26333426,64.54,35080000,,,,
505,貴州,2015,1,Guizhou,7.41,33.68,80.44,62,25,36,30,82,1.2,56,55,19.86645034,22.10832104,22.01577156,22.66335531,23.42599868,53.54,35300000,,,,
506,貴州,2015,2,Guizhou,9.14,22.76,78.38,38,26,28,22,63,1.1,65,41,21.83067259,20.84856146,22.72456503,23.13097171,23.28899123,72.09,35300000,,,,
507,貴州,2015,3,Guizhou,12.81,32.88,79.29,70,27,26,21,57,0.8,73,35,26.47657215,24.15362237,24.07610468,23.0236911,23.52357906,85.39,35300000,,,,
508,貴州,2015,4,Guizhou,17.56,65.55,70.74,74,28,23,22,60,0.7,90,32,23.92106931,25.19882073,25.30692413,24.43786124,23.56448772,137.28,35300000,,,,
509,貴州,2015,5,Guizhou,20.99,186.08,79.18,129,29,17,19,49,0.7,79,27,25.52313092,24.72210011,23.17173128,23.9979415,22.83636252,119.69,35300000,,,,
510,貴州,2015,6,Guizhou,23.44,186.07,82.21,99,30,14,16,35,0.6,67,18,20.07099362,22.79706227,21.26139038,21.92631011,21.53414764,98.84,35300000,,,,
511,貴州,2015,7,Guizhou,23.11,155.28,78.57,62,31,15,21,51,0.6,90,27,18.19004659,19.13052011,19.40884599,20.93741722,22.16666935,122.88,35300000,,,,
512,貴州,2015,8,Guizhou,22.7,191.31,81.97,27,32,14,21,45,0.6,77,24,19.96549776,19.07777218,21.7464074,21.32755395,21.82132972,122.29,35300000,,,,
513,貴州,2015,9,Guizhou,20.85,130.27,85.82,47,33,15,20,42,0.6,67,25,27.08367784,23.5245878,23.6152028,22.25891375,22.78263037,56.12,35300000,,,,
514,貴州,2015,10,Guizhou,17.59,107.27,81,52,34,17,24,59,0.7,80,33,23.7964328,25.44005532,25.25253584,23.93077632,23.38721623,122.79,35300000,,,,
515,貴州,2015,11,Guizhou,13.77,51.6,83.68,76,35,19,21,45,0.8,52,26,24.87749686,24.33696483,23.29563518,24.24264584,23.51706412,81.69,35300000,,,,
516,貴州,2015,12,Guizhou,7.12,59.13,84.09,64,36,28,24,55,0.8,49,35,21.21297587,23.04523636,22.23506998,22.62541069,22.52439,36.14,35300000,,,,
517,貴州,2016,1,Guizhou,5.7,31.26,83.79,50,37,22,23,56,1,50,36,20.61473721,20.91385654,21.31600677,22.20637929,23.38919817,NA,35550000,,,,
518,貴州,2016,2,Guizhou,7.31,14.68,70.97,34,38,23,22,65,0.9,74,46,22.12030723,21.36752222,23.61850604,23.01712349,23.278268,81.94,35550000,,,,
519,貴州,2016,3,Guizhou,12.3,69.77,78.26,57,39,19,25,63,0.8,75,39,28.12047366,25.12039045,24.85454231,23.79459103,23.72138971,68.71,35550000,,,,
520,貴州,2016,4,Guizhou,17.45,146.13,81.56,87,40,14,24,51,0.8,73,27,24.32284603,26.22165984,25.2906347,24.49805283,23.91213909,81.59,35550000,,,,
521,貴州,2016,5,Guizhou,20.12,174.38,79.47,81,41,12,19,53,0.7,85,27,23.42858441,23.87571522,23.10663819,24.36009706,23.09256335,NA,35550000,,,,
522,貴州,2016,6,Guizhou,23.49,217.74,80.21,91,42,11,17,40,0.6,76,20,21.56848413,22.49853427,21.00649901,21.83558577,22.24809476,111.48,35550000,,,,
523,貴州,2016,7,Guizhou,25.42,166.42,77.56,38,43,10,17,34,0.6,74,16,18.02242851,19.79545632,21.16301445,21.72940694,22.39634406,171.09,35550000,,,,
524,貴州,2016,8,Guizhou,24.13,188.69,81.12,36,44,14,21,43,0.7,86,23,23.89813072,20.96027961,22.32821725,22.13828397,22.90747942,145.63,35550000,,,,
525,貴州,2016,9,Guizhou,21.29,62.76,77.06,39,45,16,23,60,0.7,97,35,25.06409252,24.48111162,24.98216149,23.24222824,23.41325617,80.29,35550000,,,,
526,貴州,2016,10,Guizhou,18.01,3.23,80.63,64,46,14,21,51,0.7,64,28,25.98426122,25.52417687,25.04857387,24.76096308,24.36311298,83.79,35550000,,,,
527,貴州,2016,11,Guizhou,12.32,58.72,83.38,66,47,18,24,53,0.9,49,30,24.09736787,25.04081455,24.28444722,24.47935854,23.46394177,71.59,35550000,,,,
528,貴州,2016,12,Guizhou,8.87,20.51,80.18,82,48,26,31,81,1.1,51,50,22.77171257,23.43454022,22.0904517,23.06390408,23.62258962,66.41,35550000,,,,
529,貴州,2017,1,Guizhou,8.24,18.61,80.74,42,49,19,24,67,1.1,50,45,19.40227465,21.08699361,22.67710633,23.03217172,23.79143309,34.89,35800000,,,,
530,貴州,2017,2,Guizhou,8.51,27.58,75.9,47,50,19,22,58,1,63,38,25.85733178,22.62980321,24.02936167,23.71494939,24.22496322,56.3,35800000,,,,
531,貴州,2017,3,Guizhou,10.91,51.21,80.46,69,51,20,25,52,0.8,64,30,26.82847857,26.34290517,26.31694297,24.58827589,24.2473428,44.38,35800000,,,,
532,貴州,2017,4,Guizhou,17.55,63.1,72.19,112,52,13,22,57,0.8,92,28,26.26501856,26.54674856,25.32570252,25.45860983,24.70719395,114.69,35800000,,,,
533,貴州,2017,5,Guizhou,20.11,100.22,72.55,117,53,10,21,46,0.6,97,23,22.88361042,24.57431449,23.61671981,24.4196595,23.56231993,147.45,35800000,,,,
534,貴州,2017,6,Guizhou,21.62,329.63,84.19,95,54,8,19,33,0.7,71,17,21.70153044,22.29257043,21.57270085,22.74578028,22.70237272,69.9,35800000,,,,
535,貴州,2017,7,Guizhou,24.68,134.16,76.92,64,55,8,17,39,0.6,74,17,20.13296168,20.91724606,21.45441154,21.81171126,22.53895284,178.44,35800000,,,,
536,貴州,2017,8,Guizhou,24.83,171.81,79.08,42,56,9,16,39,0.6,76,17,22.52874248,21.33085208,22.70320778,22.45278845,22.81533315,175.59,35800000,,,,
537,貴州,2017,9,Guizhou,22.62,146.86,81.5,57,57,11,16,43,0.7,72,22,25.44791918,23.98833083,24.08072454,23.09378382,23.56938677,109.42,35800000,,,,
538,貴州,2017,10,Guizhou,17.14,76.7,82.99,55,58,13,18,42,0.7,63,25,24.26551194,24.85671556,25.06174323,24.42849304,23.9209491,80.98,35800000,,,,
539,貴州,2017,11,Guizhou,12.36,11.68,77.83,80,59,19,27,71,0.9,65,41,25.47179857,24.86865525,23.87602795,24.26900076,23.29006577,87.15,35800000,,,,
540,貴州,2017,12,Guizhou,7.54,11.16,75.91,64,60,28,33,83,1,63,49,21.89077334,23.68128596,22.24563257,22.75060241,21.99133503,74.43,35800000,,,,
541,貴州,2018,1,Guizhou,5.62,37.82,81.05,47,61,20,25,59,1.1,51,37,19.37432579,20.63254957,20.07312155,21.4227908,22.92522374,41.79,36000000,,,,
542,貴州,2018,2,Guizhou,7.67,7.01,72.45,17,62,18,22,77,1,76,48,18.9542655,19.16429565,22.42118225,22.28858003,23.46871355,60.8,36000000,,,,
543,貴州,2018,3,Guizhou,14.4,74.54,75.09,26,63,13,24,64,0.8,87,37,28.93495547,23.94461049,25.35948954,23.8631986,24.21433365,116.06,36000000,,,,
544,貴州,2018,4,Guizhou,17.91,NA,73.73,44,64,10,20,65,0.7,101,32,28.18924764,28.56210155,27.58102564,25.42433561,24.69140822,129.71,36000000,,,,
545,貴州,2018,5,Guizhou,21.59,175.48,77.5,75,65,9,17,49,0.6,96,24,25.61887383,26.90406073,25.18927337,26.12569389,25.0480165,129.77,36000000,,,,
546,貴州,2018,6,Guizhou,22.5,192.02,82.02,55,66,9,18,36,0.6,86,18,21.75969864,23.68928623,22.70529313,24.07628175,23.16032421,94.35,36000000,,,,
547,貴州,2018,7,Guizhou,25.5,111.07,76.63,46,67,7,15,33,0.6,80,16,20.73730691,21.24850278,20.66449987,21.90309336,23.25009223,181.86,36000000,,,,
548,貴州,2018,8,Guizhou,24.21,156.45,79.78,19,68,10,17,39,0.7,92,21,19.49649405,20.11690048,22.95729623,22.65789683,23.2662633,172.72,36000000,,,,
549,貴州,2018,9,Guizhou,21.11,144.42,82.73,27,69,10,16,34,0.7,76,19,28.63808773,24.06729089,24.61143698,23.64290446,24.2080212,97.64,36000000,,,,
550,貴州,2018,10,Guizhou,15.15,62.59,84.87,40,70,15,22,45,0.7,71,25,25.69972915,27.16890844,26.93543502,25.07569978,25.23170696,44.34,36000000,,,,
551,貴州,2018,11,Guizhou,11.77,36.69,82.31,47,71,15,25,51,0.8,64,30,26.46848817,26.08410866,26.00798434,26.66551019,25.23612974,97.57,36000000,,,,
552,貴州,2018,12,Guizhou,6.68,36.14,82.66,75,72,19,24,52,1,46,33,25.85573571,26.16211194,23.9476106,24.38564024,23.94002742,43.81,36000000,,,,
553,貴州,2019,1,Guizhou,4.4,56.8,91,48,73,16,24,51,0.93,38,34,19.51860792,22.68717181,22.51063993,23.50010199,24.52543921,8.8,36230000,,,,
554,貴州,2019,2,Guizhou,5,30,90,29,74,11,15,37,0.71,50,24,22.15757616,20.83809204,23.43432406,24.03967697,24.79071278,35.3,36230000,,,,
555,貴州,2019,3,Guizhou,11.3,45.8,79,39,75,14,25,60,0.65,82,36,28.62678811,25.39218214,26.19307342,24.52445705,24.18283894,86.4,36230000,,,,
556,貴州,2019,4,Guizhou,17.3,99.7,79,75,76,7,21,52,0.62,102,29,27.794856,28.21082206,26.4126702,25.34889669,24.63489571,135.2,36230000,,,,
557,貴州,2019,5,Guizhou,17.7,254,84,73,77,6,19,42,0.59,83,22,22.81636649,25.30561125,24.1300381,25.2542256,24.08775041,73.8,36230000,,,,
558,貴州,2019,6,Guizhou,22,249.2,83,55,78,7,19,34,0.62,81,17,21.77889181,22.29762915,21.33903598,22.95299099,22.94415449,84.8,36230000,,,,
559,貴州,2019,7,Guizhou,22.7,206.9,84,32,79,6,18,32,0.59,69,16,19.42184966,20.60037073,21.36984998,21.73147911,23.57724569,118.6,36230000,,,,
560,貴州,2019,8,Guizhou,24.3,33.7,73,18,80,7,21,46,0.6,106,23,22.90880848,21.16532907,24.43032338,23.76746549,24.46635964,218.6,36230000,,,,
561,貴州,2019,9,Guizhou,20.7,130.1,74,35,81,7,21,51,0.51,99,26,30.96031201,26.93456025,27.04368559,25.1382266,25.2188789,176.2,36230000,,,,
562,貴州,2019,10,Guizhou,16.3,117.2,84,61,82,7,20,40,0.55,69,23,27.26193626,29.11112414,27.92124546,26.66813621,25.99615563,102.4,36230000,,,,
563,貴州,2019,11,Guizhou,10.9,20.3,84,74,83,9,23,51,0.57,58,29,25.5414881,26.40171218,25.37055256,26.76799242,25.2529236,62.9,36230000,,,,
564,貴州,2019,12,Guizhou,7.2,10.4,80,76,84,19,29,68,0.76,57,41,23.30823332,24.42486071,22.6807899,23.82607649,22.87389291,112.3,36230000,,,,
565,貴州,2020,1,Guizhou,6.2,77.8,88,43,85,14,17,39,0.8,50,27,19.1926483,21.25044081,20.52201339,21.77688207,22.18845294,62.9,38580000,,,,
566,貴州,2020,2,Guizhou,8.9,39.5,84,19,86,14,11,46,0.67,70,33,19.06515857,19.12890343,20.69751442,21.35019414,22.12767355,63.3,38580000,,,,
567,貴州,2020,3,Guizhou,12.4,22.7,80,13,87,11,18,53,0.62,81,31,23.8347364,21.44994748,22.71249538,21.83253361,22.19365918,106.1,38580000,,,,
568,貴州,2020,4,Guizhou,13.4,77.7,78,16,88,9,22,52,0.64,88,28,25.23759118,24.53616379,24.23682967,22.9439119,23.99281358,111.2,38580000,,,,
569,貴州,2020,5,Guizhou,20.9,197.8,75,13,89,8,19,46,0.62,105,24,23.63816144,24.43787631,25.68805765,25.22472733,25.4851095,177.1,38580000,,,,
570,貴州,2020,6,Guizhou,22.5,208.5,83,18,90,7,18,34,0.62,71,16,28.18842032,25.91329088,26.11773997,25.89770277,25.3294839,108.7,38580000,,,,
571,貴州,2020,7,Guizhou,23.7,290.7,81,26,91,7,15,30,0.57,66,13,26.52663815,27.35752923,25.92388895,25.35245708,25.0408833,146.4,38580000,,,,
572,貴州,2020,8,Guizhou,23.8,48,75,25,92,7,16,30,0.56,75,13,23.05660839,24.79162327,24.45927825,25.39156377,25.62272051,190.2,38580000,,,,
573,貴州,2020,9,Guizhou,18.8,286.6,90,19,93,6,16,26,0.67,63,13,23.79458821,23.4255983,24.46618136,24.98129555,24.95075482,53.5,38580000,,,,
574,貴州,2020,10,Guizhou,14.2,96.1,84,24,94,8,17,41,0.62,70,21,26.54734746,25.17096784,25.05684252,24.55678399,25.5628063,102.5,38580000,,,,
575,貴州,2020,11,Guizhou,11.1,18,78,25,95,11,24,50,0.71,64,25,24.82859189,25.68796968,26.98761163,26.18935578,26.18935578,133.7,38580000,,,,
576,貴州,2020,12,Guizhou,3.3,17.1,86,34,96,16,23,51,0.8,46,34,29.58689554,27.20774372,27.20774372,26.98761163,26.98761163,30.9,38580000,,,,
577,湖南,2013,1,Hunan,5.79,27.95,75.31,15,1,53,77,173,2.2,22,176,4.948217713,4.948217713,16.46134149,16.46134149,21.40700572,72.3,66910000,,,,
578,湖南,2013,2,Hunan,7.81,52.01,83.11,13,2,23,35,81,1.6,37,88,27.97446526,16.46134149,21.40700572,21.40700572,23.47085092,28.68,66910000,,,,
579,湖南,2013,3,Hunan,14.46,145.7,71.71,24,3,35,50,125,1.3,74,92,31.29833419,29.63639972,29.64506199,23.47085092,24.31586507,110.58,66910000,,,,
580,湖南,2013,4,Hunan,17.1,169.41,74.17,36,4,33,51,103,1.2,72,68,29.66238652,30.48036035,29.55221413,29.15777691,28.33909957,106.4,66910000,,,,
581,湖南,2013,5,Hunan,22.43,200.46,76.49,51,5,25,40,82,1.2,97,54,27.69592168,28.6791541,27.47423281,28.43025815,27.4133266,126.06,66910000,,,,
582,湖南,2013,6,Hunan,26.28,154.59,76.09,43,6,21,33,64,0.8,95,38,25.06439022,26.38015595,25.36863742,26.4420747,25.62784412,183.29,66910000,,,,
583,湖南,2013,7,Hunan,30.11,27.17,63.2,37,7,26,28,56,0.7,101,27,23.34560036,24.20499529,23.59363747,24.61920852,24.93542298,308.07,66910000,,,,
584,湖南,2013,8,Hunan,29.26,118.41,66.83,18,8,24,27,58,0.8,100,34,22.37092181,22.85826109,23.97226767,24.24529831,24.88172879,223.41,66910000,,,,
585,湖南,2013,9,Hunan,22.92,140.27,77.91,19,9,23,34,80,1,94,59,26.20028083,24.28560132,25.33288446,24.83606344,26.8928935,136.9,66910000,,,,
586,湖南,2013,10,Hunan,18.83,23.81,69.69,15,10,37,49,144,1.3,115,134,27.42745075,26.81386579,29.58264844,27.77971678,27.5894449,145.76,66910000,,,,
587,湖南,2013,11,Hunan,13.68,102.55,75.83,40,11,31,58,100,1.3,51,94,35.12021373,31.27383224,29.79200729,28.89407567,27.52043917,121.11,66910000,,,,
588,湖南,2013,12,Hunan,7.4,43.89,65.49,56,12,54,65,157,1.7,20,128,26.82835738,30.97428556,27.9914881,27.85047876,27.36925075,127.85,66910000,,,,
589,湖南,2014,1,Hunan,8.29,24.03,65.63,41,13,50,51,204,1.8,58,155,22.02589317,24.42712528,24.76619642,27.35470075,28.29612245,130.51,67370000,,,,
590,湖南,2014,2,Hunan,5.85,97.28,81.66,23,14,27,28,102,1.5,43,77,25.44433872,23.73511595,26.51068038,26.59009963,27.08201417,39.95,67370000,,,,
591,湖南,2014,3,Hunan,12.81,130.07,81.31,48,15,33,32,111,1.2,57,65,32.06180926,28.75307399,28.8519401,27.14542837,28.01717711,66.18,67370000,,,,
592,湖南,2014,4,Hunan,17.92,121.82,81.03,56,16,29,32,91,1.1,78,56,29.04967233,30.5557408,30.87188455,29.51499809,28.05447866,72.45,67370000,,,,
593,湖南,2014,5,Hunan,21.44,217.12,80.51,121,17,31,28,106,1.2,73,59,31.50417205,30.27692219,27.58874844,28.70701365,27.29437264,94.17,67370000,,,,
594,湖南,2014,6,Hunan,24.97,158.6,83.6,94,18,25,24,99,1.3,87,66,22.21240095,26.8582865,25.1201272,26.10251349,25.44209853,69.77,67370000,,,,
595,湖南,2014,7,Hunan,27.69,187.58,79.11,49,19,21,21,72,1.1,81,43,21.64380861,21.92810478,22.21888276,24.54020508,25.17224695,196.79,67370000,,,,
596,湖南,2014,8,Hunan,26.07,154.63,80.83,29,20,19,20,70,1.2,77,42,22.80043871,22.22212366,24.04822058,23.58926567,25.56365351,146.23,67370000,,,,
597,湖南,2014,9,Hunan,24.34,65.94,79.57,24,21,20,25,75,1.2,73,46,27.70041443,25.25042657,27.98735266,26.40146665,27.09971542,128.78,67370000,,,,
598,湖南,2014,10,Hunan,20.35,88.92,71.74,48,22,26,36,123,1.4,88,79,33.46120486,30.58080964,30.35144327,28.46369213,28.93874684,170.13,67370000,,,,
599,湖南,2014,11,Hunan,13.35,117.36,79.43,84,23,29,36,95,1.3,42,61,29.89271052,31.67695769,31.39762702,30.47332387,29.30803384,63.34,67370000,,,,
600,湖南,2014,12,Hunan,7.45,22.41,64.46,118,24,37,44,114,1.4,43,68,30.83896567,30.3658381,28.45951663,29.70993869,27.75092651,121.49,67370000,,,,
601,湖南,2015,1,Hunan,7.94,31.97,75.26,169,25,44,43,146,1.7,53,97,24.6468737,27.74291969,25.13357238,26.32335692,27.36118971,69.55,67830000,,,,
602,湖南,2015,2,Hunan,8.99,79.16,79.4,55,26,26,31,117,1.6,64,78,19.91487778,22.28087574,25.35809078,26.7283095,27.12214449,67.95,67830000,,,,
603,湖南,2015,3,Hunan,12.45,91.34,84.23,79,27,23,29,84,1.3,58,52,31.51252087,25.71369932,26.70829436,26.1929392,26.40408869,52.57,67830000,,,,
604,湖南,2015,4,Hunan,17.81,109.31,77.06,102,28,26,27,80,1.1,92,47,28.69748444,30.10500265,29.15289732,26.84339243,25.97736301,118.42,67830000,,,,
605,湖南,2015,5,Hunan,22.54,203.93,83.94,135,29,23,22,85,1.1,94,54,27.24868665,27.97308555,26.15313881,27.49298432,26.53940474,91.74,67830000,,,,
606,湖南,2015,6,Hunan,25.94,209.95,82.49,87,30,21,16,55,0.9,83,31,22.51324532,24.88096599,24.16233946,25.2961257,24.36109412,128.76,67830000,,,,
607,湖南,2015,7,Hunan,25.94,172.52,81.66,55,31,20,17,59,0.9,96,35,22.7250864,22.61916586,21.95309984,23.27699654,24.41421393,138.68,67830000,,,,
608,湖南,2015,8,Hunan,26.6,137.15,78.77,27,32,19,18,61,0.9,107,36,20.6209678,21.6730271,24.10304589,23.70559575,25.84582032,189.1,67830000,,,,
609,湖南,2015,9,Hunan,23.86,113.2,81.11,19,33,19,20,77,1,111,46,28.96308348,24.79202564,27.99692329,26.67896407,27.03939162,106.39,67830000,,,,
610,湖南,2015,10,Hunan,19.5,97.26,76.94,57,34,24,31,97,1,111,58,34.40671859,31.68490104,30.61696797,28.11796793,28.64392539,154.47,67830000,,,,
611,湖南,2015,11,Hunan,12.52,158.94,89,65,35,19,27,59,1.1,43,37,28.48110183,31.44391021,31.21185856,30.64966479,28.55779735,35.32,67830000,,,,
612,湖南,2015,12,Hunan,7.53,105.83,83.06,127,36,22,33,97,1.1,45,64,30.74775525,29.61442854,26.47306155,28.45647581,27.57106125,45.81,68220000,,,,
613,湖南,2016,1,Hunan,5.54,84.83,84.11,79,37,22,33,102,1.2,49,71,20.19032758,25.46904141,24.98916195,25.86214692,27.0790237,NA,68220000,,,,
614,湖南,2016,2,Hunan,8.55,43.01,69.57,37,38,20,27,100,1.1,81,63,24.02940301,22.10986529,25.38875381,26.72850417,27.11211829,116.55,68220000,,,,
615,湖南,2016,3,Hunan,12.75,147,80.31,62,39,24,33,97,1.1,85,60,31.94653085,27.98796693,28.20750288,26.20320905,26.65050193,83.1,68220000,,,,
616,湖南,2016,4,Hunan,18.66,235.08,87.34,81,40,21,25,64,1,85,39,28.64657477,30.29655281,29.67759302,28.26554551,27.48861609,62.98,68220000,,,,
617,湖南,2016,5,Hunan,20.87,207.13,84.17,107,41,18,22,63,0.9,98,36,28.43967343,28.5431241,27.15571553,28.35341936,26.99341053,97.73,68220000,,,,
618,湖南,2016,6,Hunan,25.86,173.63,81.09,93,42,16,17,50,0.9,96,27,24.38089838,26.41028591,24.79131568,25.75513045,25.26088157,139.99,68220000,,,,
619,湖南,2016,7,Hunan,28.65,194.92,78.77,54,43,15,17,49,0.9,88,26,21.55337522,22.9671368,23.07271988,24.41445827,25.5952628,191.77,68220000,,,,
620,湖南,2016,8,Hunan,27.71,148.84,79.8,28,44,15,18,59,1,107,34,23.28388603,22.41863063,25.05191406,24.88416014,26.02605835,172.34,68220000,,,,
621,湖南,2016,9,Hunan,24.32,82.12,75.23,33,45,19,24,84,1,129,50,30.31848093,26.80118348,28.06533938,26.43734834,26.86472006,125.24,68220000,,,,
622,湖南,2016,10,Hunan,18.89,2.92,82.75,54,46,15,23,63,1,74,38,30.59365117,30.45606605,29.82877968,28.19255626,27.98244081,53.64,68220000,,,,
623,湖南,2016,11,Hunan,12.43,106.28,87.54,70,47,18,28,78,1.1,52,48,28.57420693,29.58392905,28.7699457,29.15707951,28.26999066,58.77,68220000,,,,
624,湖南,2016,12,Hunan,8.96,54.09,81.23,79,48,24,41,120,1.4,59,78,27.14197899,27.85809296,26.81260707,27.7578681,27.76535256,98.86,68220000,,,,
625,湖南,2017,1,Hunan,8,52.5,79.07,66,49,20,33,132,1.4,60,92,24.72163529,25.93180714,26.55296824,27.05827791,27.97059973,53.26,68600000,,,,
626,湖南,2017,2,Hunan,8.5,69.22,77.15,57,50,17,28,89,1.2,74,59,27.79529043,26.25846286,28.04560424,27.81969793,28.48089572,65.61,68600000,,,,
627,湖南,2017,3,Hunan,11.27,220.01,84.91,97,51,15,30,72,1,70,43,31.619887,29.70758872,30.1802881,28.8156249,29.22437392,42.51,68600000,,,,
628,湖南,2017,4,Hunan,18.13,138.93,77.58,145,52,16,26,68,1,101,37,31.12568686,31.37278693,31.20164796,30.35005858,29.04529415,122.06,68600000,,,,
629,湖南,2017,5,Hunan,22.48,159.73,76.35,270,53,11,23,69,0.9,119,35,30.85937003,30.99252845,28.60376445,29.35779508,27.6623002,164.98,68600000,,,,
630,湖南,2017,6,Hunan,24,425.88,89.03,238,54,10,17,41,1,88,23,23.82623644,27.34280324,25.18864238,26.6729035,26.16523574,64.48,68600000,,,,
631,湖南,2017,7,Hunan,28.98,125.61,76.08,122,55,12,16,44,1,94,23,20.88032065,22.35327855,22.9470406,24.92512295,25.37701659,241.93,68600000,,,,
632,湖南,2017,8,Hunan,28.42,182.38,79.58,64,56,12,16,44,1,94,24,24.13456469,22.50744267,24.06649216,24.00642823,24.45161567,193.72,68600000,,,,
633,湖南,2017,9,Hunan,24.89,91.4,82.69,72,57,13,20,61,1,113,36,27.18459114,25.65957792,25.85050708,24.60796047,26.24707876,122.21,68600000,,,,
634,湖南,2017,10,Hunan,17.78,52.35,83.9,55,58,11,24,64,1,86,39,26.2323654,26.70847827,28.74016948,27.58876828,27.89478529,81.2,68600000,,,,
635,湖南,2017,11,Hunan,12.95,66.2,79.47,94,59,16,39,101,1.1,70,66,32.80355189,29.51795865,29.38492354,28.83484044,27.33068204,76.43,68600000,,,,
636,湖南,2017,12,Hunan,8.19,23.72,70.44,143,60,20,47,119,1.2,64,79,29.11885332,30.96120261,27.74548456,27.36720477,26.25703329,114.21,68600000,,,,
637,湖南,2018,1,Hunan,4.16,70.4,83.86,109,61,15,35,93,1.2,54,67,21.31404847,25.21645089,24.08308305,26.26320026,28.20412575,52.31,68990000,,,,
638,湖南,2018,2,Hunan,8.13,31.42,70,38,62,13,31,106,1.1,78,67,21.81634737,21.56519792,26.36607452,27.05426922,28.27147629,87.28,68990000,,,,
639,湖南,2018,3,Hunan,14.13,112.1,81.21,73,63,12,31,69,1,83,41,35.96782771,28.89208754,30.30815988,28.05963203,27.97445368,111.07,68990000,,,,
640,湖南,2018,4,Hunan,19.17,NA,76.53,167,64,13,26,84,1,100,38,33.14030457,34.55406614,32.24729086,29.63955499,28.72310546,118.95,68990000,,,,
641,湖南,2018,5,Hunan,24.03,197.8,81.27,242,65,11,18,63,0.9,102,31,27.6337403,30.38702244,28.61045074,30.44979498,29.14794328,131.46,68990000,,,,
642,湖南,2018,6,Hunan,25.95,94.72,79.73,180,66,11,18,46,0.9,109,25,25.05730735,26.34552383,25.54386137,27.44297217,26.34619473,160.89,68990000,,,,
643,湖南,2018,7,Hunan,29.1,141.12,78.06,156,67,11,16,42,0.9,97,22,23.94053647,24.49892191,23.6523096,24.64766727,25.84712359,225.35,68990000,,,,
644,湖南,2018,8,Hunan,28.07,163.17,79.79,69,68,10,17,45,1,112,24,21.95908497,22.94981072,25.51485676,25.40046941,26.66001158,200.99,68990000,,,,
645,湖南,2018,9,Hunan,24.33,117.53,79.99,81,69,11,20,54,1,110,30,30.64494885,26.30201691,28.10073803,27.06068764,28.04773229,136.32,68990000,,,,
646,湖南,2018,10,Hunan,17.71,105.75,76.32,130,70,12,31,68,1,112,40,31.69818027,31.17156456,31.44634668,29.07453125,28.55239901,138.12,68990000,,,,
647,湖南,2018,11,Hunan,12.78,141.55,84.51,236,71,11,33,65,1.1,69,43,31.99591091,31.84704559,30.05265375,30.20072753,28.07004336,101.48,68990000,,,,
648,湖南,2018,12,Hunan,6.23,87.44,86.07,296,72,10,33,88,1.2,44,62,26.46387008,29.22989049,26.00236257,27.42631699,26.91047117,28.39,68990000,,,,
649,湖南,2019,1,Hunan,4.3,85.1,85,146,73,6,41,60,1.21,40,98,19.54730672,23.0055884,23.61942155,25.71354389,27.66401434,27.3,69180000,,,,
650,湖南,2019,2,Hunan,4.5,106.8,90,65,74,5,23,51,0.98,46,53,24.84708786,22.19719729,26.62009691,26.5810402,27.33586193,17.9,69180000,,,,
651,湖南,2019,3,Hunan,12.6,152.2,82,147,75,7,42,64,0.9,76,48,35.46589614,30.156492,30.22271096,27.5538599,27.60168452,81.6,69180000,,,,
652,湖南,2019,4,Hunan,17.6,117.8,83,239,76,7,32,50,0.84,93,38,30.35514888,32.91052251,31.204676,29.61527897,28.40162481,88.9,69180000,,,,
653,湖南,2019,5,Hunan,20.8,190.2,80,317,77,7,32,63,0.74,113,36,27.79298299,29.07406593,27.23171335,29.29025904,27.8264308,93.4,69180000,,,,
654,湖南,2019,6,Hunan,25.3,196.8,86,220,78,6,23,37,0.74,113,23,23.54700817,25.66999558,24.43703634,25.91656447,25.40834005,108.2,69180000,,,,
655,湖南,2019,7,Hunan,28,139.7,81,133,79,6,18,36,0.7,116,21,21.97111785,22.75906301,22.9645228,24.17163785,25.91496641,194.2,69180000,,,,
656,湖南,2019,8,Hunan,29.4,57.1,72,63,80,7,22,50,0.75,145,28,23.37544238,22.67328011,26.07828029,25.44546226,27.32771424,245.5,69180000,,,,
657,湖南,2019,9,Hunan,25.5,3.2,63,91,81,9,31,66,0.83,166,39,32.88828066,28.13186152,30.37348172,28.27289075,29.30712298,244,69180000,,,,
658,湖南,2019,10,Hunan,18.7,65.9,77,196,82,8,38,62,0.86,100,44,34.85672213,33.8725014,33.7296849,31.14112427,30.03014421,122.5,69180000,,,,
659,湖南,2019,11,Hunan,14,37.9,70,465,83,9,44,76,0.86,87,60,33.4440519,34.15038701,31.29566601,31.69381967,28.35260721,138.9,69180000,,,,
660,湖南,2019,12,Hunan,8.4,65.6,74,542,84,9,51,75,1.12,50,78,25.58622399,29.51513794,24.67267775,27.21868885,24.99060935,121.6,69180000,,,,
661,湖南,2020,1,Hunan,5.1,166.5,86,184,85,5,28,46,1.08,49,56,14.98775737,20.28699068,18.8840909,22.52408115,23.45846301,55.9,66450000,,,,
662,湖南,2020,2,Hunan,10,135.3,80,24,86,5,17,37,0.86,70,41,16.07829135,15.53302436,19.42067972,20.96206578,21.93502787,77,66450000,,,,
663,湖南,2020,3,Hunan,13.3,168.9,83,27,87,6,26,45,0.86,75,41,27.19599042,21.63714089,23.03371932,21.02222884,24.27966445,69.5,66450000,,,,
664,湖南,2020,4,Hunan,17,107,68,14,88,8,37,60,0.79,126,46,25.8268762,26.51143331,30.11075784,26.60264122,26.33334606,162.7,66450000,,,,
665,湖南,2020,5,Hunan,22.9,194.1,79,47,89,7,28,53,0.77,121,35,37.30940691,31.56814156,29.46414951,28.89710974,28.61330594,121.9,66450000,,,,
666,湖南,2020,6,Hunan,26.3,183.2,86,47,90,6,19,29,0.7,87,19,25.25616541,31.28278616,30.01455435,28.96763482,28.36058165,88.2,66450000,,,,
667,湖南,2020,7,Hunan,27.6,160.7,84,46,91,6,19,35,0.67,102,22,27.47809074,26.36712807,26.22220838,28.99400802,28.7850607,119.7,66450000,,,,
668,湖南,2020,8,Hunan,29.4,68.6,70,41,92,6,18,33,0.6,117,19,25.932369,26.70522987,27.11991039,26.65397414,27.43113841,290.6,66450000,,,,
669,湖南,2020,9,Hunan,22,195.5,87,38,93,6,24,35,0.7,96,27,27.94927142,26.94082021,28.14047863,27.97488166,28.45215113,47.6,66450000,,,,
670,湖南,2020,10,Hunan,16.8,79.3,81,53,94,7,29,56,0.77,90,48,30.53979548,29.24453345,29.61676531,28.69566623,29.93684584,87.5,66450000,,,,
671,湖南,2020,11,Hunan,13.5,24.9,75,73,95,8,35,61,0.85,75,49,30.36122902,30.45051225,31.93419626,30.93796505,30.93796505,106.1,66450000,,,,
672,湖南,2020,12,Hunan,6.1,37,71,134,96,9,45,79,1.04,46,92,34.90156428,32.63139665,32.63139665,31.93419626,31.93419626,65.8,66450000,,,,
673,江西,2013,1,Jiangxi,6.21,25.33,80.92,3,1,76,65,188,1.7,44,130,6.33918126,6.33918126,11.17212049,11.17212049,14.89672545,92.76,45220000,,,,
674,江西,2013,2,Jiangxi,9.79,85.84,87.35,3,2,34,35,102,1.3,46,75,16.00505973,11.17212049,14.89672545,14.89672545,20.1822481,40.86,45220000,,,,
675,江西,2013,3,Jiangxi,14.75,174.88,78.46,1,3,40,44,137,1.3,82,83,22.34593535,19.17549754,24.79660372,20.1822481,20.64610177,125.27,45220000,,,,
676,江西,2013,4,Jiangxi,17.51,197,78.42,4,4,44,42,122,1.3,93,70,36.03881607,29.19237571,26.96208928,24.22283189,24.52787027,103.4,45220000,,,,
677,江西,2013,5,Jiangxi,23.35,219.21,81.15,5,5,31,32,87,1.4,113,55,22.50151642,29.27016625,28.09611875,26.6585729,27.00782914,132.45,45220000,,,,
678,江西,2013,6,Jiangxi,26.34,185.82,81.42,4,6,26,26,68,1.3,103,42,25.74802376,24.12477009,25.55146476,28.17330259,27.30344178,151.78,45220000,,,,
679,江西,2013,7,Jiangxi,29.56,81.05,69.81,8,7,32,24,76,1.2,110,42,28.4048541,27.07643893,25.99229213,25.11959821,25.61268148,272.75,45220000,,,,
680,江西,2013,8,Jiangxi,29.7,108.43,69.81,7,8,33,25,84,1,100,40,23.82399854,26.11442632,26.60462241,26.39047275,25.7434431,229.98,45220000,,,,
681,江西,2013,9,Jiangxi,24.92,47.78,74.65,10,9,32,33,85,1.1,97,46,27.58501459,25.70450656,24.85477922,25.74229794,26.29569902,162.87,45220000,,,,
682,江西,2013,10,Jiangxi,19.81,23.87,66.15,10,10,45,45,132,1.1,102,79,23.15532452,25.37016955,26.41654749,25.76841025,26.58367628,185.64,45220000,,,,
683,江西,2013,11,Jiangxi,14.29,92.37,74,10,11,46,54,138,1.3,64,77,28.50930337,25.83231395,27.16978943,27.27359572,25.31411496,157.18,45220000,,,,
684,江西,2013,12,Jiangxi,7,83.04,66.92,28,12,58,60,161,1.4,40,120,29.84474039,29.17702188,25.27674523,24.74639005,23.81528366,167.38,45220000,,,,
685,江西,2014,1,Jiangxi,7.97,18.47,67.08,15,13,46,47,149,1.3,38,98,17.47619193,23.66046616,22.4705968,23.98027344,25.02885544,162.18,45420000,,,,
686,江西,2014,2,Jiangxi,7.62,121.1,81.73,6,14,21,25,55,0.9,34,37,20.09085809,18.78352501,22.26341115,24.15874346,24.61273474,64.76,45420000,,,,
687,江西,2014,3,Jiangxi,13.29,208.71,82.62,7,15,26,31,77,0.9,50,40,29.22318343,24.65702076,25.24758046,23.30473332,22.57200653,86.64,45420000,,,,
688,江西,2014,4,Jiangxi,19.32,137.64,80.46,13,16,21,32,69,1,61,36,26.42869985,27.82594164,25.09766087,23.84596017,24.981814,105.23,45420000,,,,
689,江西,2014,5,Jiangxi,22.35,281.09,81.42,7,17,26,30,103,0.9,70,51,19.64109933,23.03489959,25.19834283,26.20455298,26.24189946,108.19,45420000,,,,
690,江西,2014,6,Jiangxi,25.94,200.81,81.77,7,18,25,25,83,1.1,106,50,29.52522931,24.58316432,25.18587133,25.49657846,24.55081738,117.86,45420000,,,,
691,江西,2014,7,Jiangxi,28.41,160.05,79.65,16,19,23,23,65,0.9,86,34,26.39128536,27.95825734,25.56142924,24.08134676,23.03920723,210.82,45420000,,,,
692,江西,2014,8,Jiangxi,26.95,162.56,83.08,7,20,20,23,67,0.8,90,32,20.76777305,23.57952921,22.0099025,23.88873421,22.71880344,163.69,45420000,,,,
693,江西,2014,9,Jiangxi,26.17,60.07,79.5,7,21,25,26,81,0.8,98,43,18.8706491,19.81921107,19.22583417,21.01719697,25.70065246,169.58,45420000,,,,
694,江西,2014,10,Jiangxi,20.98,25.52,69.58,1,22,36,36,114,0.9,113,65,18.03908038,18.45486474,27.11473463,25.52799423,25.05176895,217.19,45420000,,,,
695,江西,2014,11,Jiangxi,14.7,89.2,79.19,10,23,39,37,92,1,52,53,44.43447441,31.23677739,28.54014087,26.12276793,25.16375665,88.24,45420000,,,,
696,江西,2014,12,Jiangxi,7.17,23.47,64.12,12,24,52,41,65,0.9,46,42,23.14686783,33.79067112,29.63635125,26.73703353,24.84955114,159.56,45420000,,,,
697,江西,2015,1,Jiangxi,8.19,43.72,73.38,11,25,48,43,104,1.3,52,68,21.32771153,22.23728968,20.59140031,26.55216884,27.59225634,112.32,45660000,,,,
698,江西,2015,2,Jiangxi,9.66,116.16,78.27,3,26,24,28,82,1.2,60,56,17.29962158,19.31366656,23.45997982,23.38170182,24.0464693,82.99,45660000,,,,
699,江西,2015,3,Jiangxi,12.97,179.14,83.92,4,27,25,25,57,1,56,35,31.75260634,24.52611396,25.25258906,24.27136967,23.91257666,69.32,45660000,,,,
700,江西,2015,4,Jiangxi,18.47,134.29,75.35,8,28,32,25,73,1,87,43,26.70553924,29.22907279,26.97851673,24.55879294,24.71826853,131.33,45660000,,,,
701,江西,2015,5,Jiangxi,23.17,260.73,84.27,5,29,28,19,74,1,93,47,22.47740459,24.59147192,24.84637158,26.57293027,26.00230364,88.26,45660000,,,,
702,江西,2015,6,Jiangxi,26.62,192.34,82.04,6,30,25,15,50,0.9,75,30,25.35617091,23.91678775,23.85112421,24.56472797,24.39324916,143.42,45660000,,,,
703,江西,2015,7,Jiangxi,26.62,198.31,81.19,4,31,21,14,53,0.9,80,32,23.71979713,24.53798402,24.26110065,23.81517664,23.28899101,142.82,45660000,,,,
704,江西,2015,8,Jiangxi,27.09,172.3,79.08,5,32,25,15,60,0.8,92,36,23.70733392,23.71356552,22.87045984,23.49188761,25.77256796,178.62,45660000,,,,
705,江西,2015,9,Jiangxi,24.04,131.78,81.04,2,33,27,18,61,0.8,95,39,21.18424849,22.4457912,26.59562393,25.87666723,25.34585619,134.73,45660000,,,,
706,江西,2015,10,Jiangxi,20.28,103.17,76.92,5,34,33,26,80,0.9,94,50,34.89528938,28.03976893,26.43404997,25.75237096,27.11028138,161.93,45660000,,,,
707,江西,2015,11,Jiangxi,14.35,205.26,88.19,7,35,25,27,54,1.1,38,36,23.22261204,29.05895071,30.21994151,27.96101825,23.05810821,51.31,45660000,,,,
708,江西,2015,12,Jiangxi,8.56,155.29,82.5,6,36,27,32,81,1.1,39,54,32.5419231,27.88226757,19.73700106,23.52657314,18.8698188,57,45660000,,,,
709,江西,2016,1,Jiangxi,6.63,149.55,84.35,4,37,24,32,82,1.1,43,54,3.446468043,17.99419557,12.07706419,14.86345115,35.57457947,NA,45920000,,,,
710,江西,2016,2,Jiangxi,8.54,71.87,72.38,0,38,22,23,93,1,82,59,0.242801418,1.84463473,40.70278741,38.66257133,33.6341591,128.28,45920000,,,,
711,江西,2016,3,Jiangxi,12.84,141.86,77.27,6,39,31,33,90,1,89,57,118.4190928,59.33094709,44.06080146,33.90721811,32.37331732,88.29,45920000,,,,
712,江西,2016,4,Jiangxi,19.41,267.65,86.38,7,40,25,23,59,1,86,37,13.5205102,65.96980148,52.72577238,39.60502964,36.49060552,57.32,45920000,,,,
713,江西,2016,5,Jiangxi,22.31,237.85,83.46,6,41,24,20,61,1,94,37,26.23771418,19.87911219,21.26371114,45.55255654,40.94152692,106.11,45920000,,,,
714,江西,2016,6,Jiangxi,26.55,287.59,81.12,4,42,23,15,51,1,98,30,24.03290902,25.1353116,24.25601054,21.57213546,22.64663906,154.52,45920000,,,,
715,江西,2016,7,Jiangxi,29.05,193.85,76.96,5,43,21,15,51,1,88,29,22.49740843,23.26515872,24.49165698,24.92817128,21.01092194,196.59,45920000,,,,
716,江西,2016,8,Jiangxi,28.79,97.12,75.15,2,44,19,15,56,1,102,32,26.94465349,24.72103096,18.26132883,19.70422388,15.86908743,202.37,45920000,,,,
717,江西,2016,9,Jiangxi,24.71,161.43,77.35,2,45,25,20,72,1.1,110,43,5.341924585,16.14328904,10.93837323,13.82813203,33.7061598,123.18,45920000,,,,
718,江西,2016,10,Jiangxi,21.12,2.77,85.19,0,46,20,21,62,1,66,38,0.52854163,2.935233108,39.6962457,36.50834765,32.0832474,48.72,45920000,,,,
719,江西,2016,11,Jiangxi,13.92,140.43,87.08,5,47,24,31,77,1,49,48,113.2182709,56.87340626,42.70988631,33.36789588,32.4707773,70.78,45920000,,,,
720,江西,2016,12,Jiangxi,10.02,38.61,78.81,5,48,32,41,116,1.2,63,76,14.38284641,63.80055865,52.1611401,39.25299048,36.13299298,128.33,45920000,,,,
721,江西,2017,1,Jiangxi,8.98,51.04,78.64,7,49,25,33,112,1.2,65,79,28.88230301,21.63257471,22.30605079,45.03410582,42.66767008,89.55,46220000,,,,
722,江西,2017,2,Jiangxi,9.42,51.16,73.75,4,50,22,29,92,1.1,84,63,23.65300295,26.26765298,28.57907771,25.03001988,25.06478141,92.98,46220000,,,,
723,江西,2017,3,Jiangxi,11.78,290.86,83.69,11,51,21,31,71,1,74,45,33.20192716,28.42746506,27.35291921,27.73526516,27.56467622,56.67,46220000,,,,
724,江西,2017,4,Jiangxi,18.65,159.23,75.99,11,52,26,27,77,0.9,109,43,25.20382751,29.20287734,28.42935838,27.23526952,25.50904919,145.74,46220000,,,,
725,江西,2017,5,Jiangxi,23.12,142.01,74.98,15,53,25,24,78,0.9,129,46,26.88232046,26.04307399,23.56343861,25.97306075,24.85052011,171.31,46220000,,,,
726,江西,2017,6,Jiangxi,24.18,468.6,89.21,8,54,18,18,45,0.9,80,28,18.60416787,22.74324416,21.94894863,22.76266835,24.75293852,59.99,46220000,,,,
727,江西,2017,7,Jiangxi,29.17,157.38,74.88,3,55,18,17,53,0.8,87,28,20.36035757,19.48226272,23.8928482,24.64021627,20.31331341,235.46,46220000,,,,
728,江西,2017,8,Jiangxi,28.59,215.29,79.89,4,56,18,16,48,0.8,90,26,32.71401917,26.53718837,18.69335957,18.67106164,15.11981148,217.48,46220000,,,,
729,江西,2017,9,Jiangxi,26.09,75.08,79.91,1,57,20,19,62,0.9,107,37,3.005701961,17.85986057,12.21151065,14.24872238,34.1605817,166.24,46220000,,,,
730,江西,2017,10,Jiangxi,19.43,68.95,79.09,0,58,21,24,66,0.9,94,41,0.914810832,1.960256396,39.24284392,37.61063773,33.50456258,136.75,46220000,,,,
731,江西,2017,11,Jiangxi,13.86,107.27,80.67,7,59,27,37,92,1.1,67,61,113.808019,57.3614149,43.93436393,33.70219844,33.32031142,79.41,46220000,,,,
732,江西,2017,12,Jiangxi,8.02,32.18,71.81,8,60,31,42,106,1.1,63,70,17.080262,65.44414048,54.22701476,40.89896378,35.89135123,135.32,46220000,,,,
733,江西,2018,1,Jiangxi,5.68,95.32,81.12,23,61,24,37,88,1.2,47,60,31.79276333,24.43651267,21.57797546,44.63548633,41.15353624,70.85,46480000,,,,
734,江西,2018,2,Jiangxi,7.96,44.37,71.4,6,62,16,27,87,1,76,57,15.86090103,23.82683218,24.95980008,22.98991556,24.26520511,116.02,46480000,,,,
735,江西,2018,3,Jiangxi,14.48,137.64,79.1,6,63,20,31,71,1,83,42,27.22573588,21.54331846,24.15100007,26.06144089,26.62398047,134.26,46480000,,,,
736,江西,2018,4,Jiangxi,19.3,NA,76.36,6,64,20,26,84,0.9,102,42,29.3663633,28.29604959,28.48874599,25.33178475,24.04337705,113.88,46480000,,,,
737,江西,2018,5,Jiangxi,24.76,204.37,79.92,16,65,17,18,58,0.9,108,32,28.8741388,29.12025105,25.71008277,26.08899605,26.07893809,141.29,46480000,,,,
738,江西,2018,6,Jiangxi,25.64,242.04,81.28,6,66,13,16,47,0.8,106,27,18.88974623,23.88194251,24.60086376,25.79223865,24.44149055,143.07,46480000,,,,
739,江西,2018,7,Jiangxi,28.99,168.48,76.99,6,67,15,15,46,0.8,94,23,26.03870626,22.46422625,21.32231689,23.21027237,24.33226581,237.4,46480000,,,,
740,江西,2018,8,Jiangxi,28.17,165.36,79.12,3,68,14,14,47,0.8,113,24,19.03849818,22.53860222,24.63248134,23.19679756,25.73162696,208.59,46480000,,,,
741,江西,2018,9,Jiangxi,25.49,98.58,76.67,2,69,17,17,56,0.9,119,29,28.82023959,23.92936888,27.90989411,27.44209715,26.65761758,168.47,46480000,,,,
742,江西,2018,10,Jiangxi,18.15,85.63,73.19,8,70,20,28,71,0.9,117,39,35.87094455,32.34559207,29.40362782,26.81234541,27.1679956,164.01,46480000,,,,
743,江西,2018,11,Jiangxi,13.83,136.83,85.21,8,71,18,32,63,1,62,38,23.51969931,29.69532193,29.32708007,29.20036995,28.24639083,98.51,46480000,,,,
744,江西,2018,12,Jiangxi,7.7,108.34,87.43,8,72,15,32,63,1.1,39,42,28.59059635,26.05514783,25.51359,28.10292864,26.46629417,35.53,46480000,,,,
745,江西,2019,1,Jiangxi,6.2,112.4,80,11,73,8,41,94,1.32,48,56,24.43047435,26.51053535,24.31360899,24.11513157,25.8418235,62.7,46660000,,,,
746,江西,2019,2,Jiangxi,6,197.1,88,4,74,4,24,48,0.93,44,33,19.91975628,22.17511532,25.69960729,26.42235455,27.21445475,8.2,46660000,,,,
747,江西,2019,3,Jiangxi,13.3,247.9,81,6,75,8,38,71,0.83,81,34,32.74859123,26.33417376,27.68373435,26.87041935,26.91437036,85.9,46660000,,,,
748,江西,2019,4,Jiangxi,18.9,224.5,83,12,76,10,33,58,0.87,86,27,30.38285553,31.56572338,30.07387372,27.53534436,26.79909018,110.7,46660000,,,,
749,江西,2019,5,Jiangxi,23.1,95.3,71,15,77,9,32,81,0.71,119,32,27.09017439,28.73651496,27.10903446,28.51892365,26.85151489,104.5,46660000,,,,
750,江西,2019,6,Jiangxi,26.7,329.9,79,14,78,8,25,46,0.6,106,22,23.85407345,25.47212392,23.70870923,25.37724581,25.03462335,120.8,46660000,,,,
751,江西,2019,7,Jiangxi,28.8,257.8,79,7,79,8,23,39,0.51,103,19,20.18187986,22.01797666,22.56669562,23.69756531,24.93185985,158.9,46660000,,,,
752,江西,2019,8,Jiangxi,31.6,45,63,4,80,7,21,50,0.55,129,24,23.66413353,21.9230067,24.5716838,24.39228121,25.74149149,254.1,46660000,,,,
753,江西,2019,9,Jiangxi,27.4,18.6,57,5,81,8,25,64,0.69,142,30,29.869038,26.76658576,28.22383471,26.213346,27.53006528,267.1,46660000,,,,
754,江西,2019,10,Jiangxi,21.6,5.7,66,9,82,10,36,88,0.76,107,42,31.1383326,30.5036853,31.26810434,29.36711164,29.59945853,159.1,46660000,,,,
755,江西,2019,11,Jiangxi,15.6,16.2,61,17,83,12,46,100,0.72,93,44,32.79694243,31.96763752,31.48804038,31.08328978,28.33519013,163.6,46660000,,,,
756,江西,2019,12,Jiangxi,9.7,63,70,38,84,11,55,94,0.95,54,60,30.5288461,31.66289427,26.88952669,27.95172817,25.63803894,134.5,46660000,,,,
757,江西,2020,1,Jiangxi,7.3,215.5,81,22,85,6,32,58,0.88,53,46,17.34279154,23.93581882,21.41830656,24.26296553,25.08452518,62.2,45190000,,,,
758,江西,2020,2,Jiangxi,11.1,104.5,76,4,86,6,18,43,0.6,75,32,16.38328203,16.86303679,20.69894579,23.15642087,23.67672052,114.8,45190000,,,,
759,江西,2020,3,Jiangxi,14.2,201.8,81,4,87,8,30,58,0.61,77,32,28.3707638,22.37702292,23.50398833,21.96368913,22.82993621,75,45190000,,,,
760,江西,2020,4,Jiangxi,17.8,98.3,67,4,88,13,44,82,0.55,129,42,25.75791914,27.06434147,26.80786917,24.20172238,24.73691515,173.1,45190000,,,,
761,江西,2020,5,Jiangxi,24.9,261,76,4,89,10,27,55,0.55,124,27,26.29492455,26.02642185,26.31017663,26.82532342,26.29649633,120.4,45190000,,,,
762,江西,2020,6,Jiangxi,27.6,283.4,84,4,90,11,19,29,0.44,86,14,26.8776862,26.58630538,25.78459957,25.77792946,26.47270829,82,45190000,,,,
763,江西,2020,7,Jiangxi,28.8,664.5,83,4,91,9,21,36,0.46,105,19,24.18118795,25.52943708,26.77023258,26.65140558,26.24948839,137.3,45190000,,,,
764,江西,2020,8,Jiangxi,30.7,35,71,3,92,9,20,40,0.38,106,18,29.2518236,26.71650577,26.02494374,26.23812935,24.16094637,232.5,45190000,,,,
765,江西,2020,9,Jiangxi,23.7,161.6,82,7,93,7,26,44,0.6,105,24,24.64181967,26.94682163,23.24861924,23.48176141,28.84257547,65.8,45190000,,,,
766,江西,2020,10,Jiangxi,19.6,40.2,73,1,94,8,28,67,0.69,104,34,15.85221444,20.24701706,30.25995527,30.00792236,27.37940201,112.3,45190000,,,,
767,江西,2020,11,Jiangxi,15.8,55.7,68,5,95,8,36,76,0.72,79,38,50.28583171,33.06902308,27.66778893,26.91129661,26.91129661,127.6,45190000,,,,
768,江西,2020,12,Jiangxi,7.7,19.2,64,11,96,10,47,107,0.88,54,70,16.86532064,33.57557617,33.57557617,27.66778893,27.66778893,93.5,45190000,,,,
769,浙江,2013,1,Zhejiang,5.54,29.33,75.04,144,1,40,65,134,1.5,35,104,6.000875133,6.000875133,20.5330849,20.5330849,30.08153659,107.37,54980000,,,,
770,浙江,2013,2,Zhejiang,8.06,90.55,81.08,47,2,16,33,76,1,64,57,35.06529467,20.5330849,30.08153659,30.08153659,33.62393869,47.62,54980000,,,,
771,浙江,2013,3,Zhejiang,12.11,120.04,72,88,3,29,48,100,0.8,86,61,49.17843996,42.12186732,42.83162654,33.62393869,35.48157262,149.74,54980000,,,,
772,浙江,2013,4,Zhejiang,16.04,121.15,66.58,132,4,28,46,99,0.8,114,60,44.251145,46.71479248,45.4472311,42.85174699,41.43303191,154.56,54980000,,,,
773,浙江,2013,5,Zhejiang,22.05,120.07,76.54,176,5,22,34,74,0.7,112,46,42.91210833,43.58162666,40.97380831,43.02496622,40.65102571,143.13,54980000,,,,
774,浙江,2013,6,Zhejiang,24.76,241.51,81.79,158,6,21,31,62,0.7,102,37,35.7581716,39.33513996,36.60851452,38.51917214,38.09923903,98.52,54980000,,,,
775,浙江,2013,7,Zhejiang,30.18,30.83,66.17,76,7,17,24,52,0.6,114,27,31.15526364,33.45671762,34.44431393,36.56126253,36.93912741,299.64,54980000,,,,
776,浙江,2013,8,Zhejiang,29.95,141.99,68.62,46,8,16,25,51,0.7,107,28,36.41950656,33.7873851,35.34178571,35.44588218,37.33707624,245.83,54980000,,,,
777,浙江,2013,9,Zhejiang,25.23,48.88,70.92,42,9,18,31,63,0.7,108,38,38.45058693,37.43504674,39.92398199,37.7318024,40.66952927,193.78,54980000,,,,
778,浙江,2013,10,Zhejiang,19.92,152.43,69.17,41,10,22,38,81,0.8,101,49,44.90185248,41.6762197,45.25762539,43.04809568,42.56700121,178.28,54980000,,,,
779,浙江,2013,11,Zhejiang,14.08,47.41,68.54,116,11,31,55,122,1.1,66,75,52.42043676,48.66114462,45.98830419,44.10387487,41.72091841,149.49,54980000,,,,
780,浙江,2013,12,Zhejiang,7.13,92.88,65.29,151,12,49,69,173,1.6,54,126,40.64262333,46.53153004,41.75071755,42.53850129,41.1763936,146.66,54980000,,,,
781,浙江,2014,1,Zhejiang,7.45,20.7,69.58,116,13,33,55,127,1.2,59,93,32.18909257,36.41585795,36.18655958,40.24502887,42.92048833,171.86,55080000,,,,
782,浙江,2014,2,Zhejiang,7.15,129.71,81.62,47,14,19,37,69,1,64,54,35.72796284,33.9585277,40.51312719,40.54550122,41.20878909,68.72,55080000,,,,
783,浙江,2014,3,Zhejiang,12.18,121.13,75.29,128,15,24,44,83,0.9,92,55,53.62232615,44.6751445,44.40407652,41.35033053,41.77343327,136.56,55080000,,,,
784,浙江,2014,4,Zhejiang,16.64,101.5,78.46,183,16,21,42,78,0.9,101,50,43.86194056,48.74213335,46.98337032,44.16951845,42.10954748,117.31,55080000,,,,
785,浙江,2014,5,Zhejiang,21.18,172.97,77.25,302,17,19,37,88,0.9,126,53,43.46584424,43.6638924,40.39914947,43.70494364,41.6274624,117.96,55080000,,,,
786,浙江,2014,6,Zhejiang,24.18,218.72,82.54,210,18,15,29,62,0.8,123,42,33.8696636,38.66775392,36.88434842,38.62874646,37.4235067,107.03,55080000,,,,
787,浙江,2014,7,Zhejiang,28.18,161.7,81.46,129,19,12,25,55,0.7,110,34,33.31753743,33.59360051,33.26324957,35.81389824,36.84514978,198.22,55080000,,,,
788,浙江,2014,8,Zhejiang,26.98,203.57,85.08,65,20,15,29,53,0.8,108,36,32.60254768,32.96004255,35.63008036,35.18997617,38.24656078,123.61,55080000,,,,
789,浙江,2014,9,Zhejiang,25.15,180.95,83.58,54,21,16,28,56,0.8,112,38,40.97015597,36.78635183,41.34853429,39.34078507,41.05832502,118.38,55080000,,,,
790,浙江,2014,10,Zhejiang,20.44,19.6,70.92,96,22,21,38,80,0.8,124,49,50.47289922,45.7215276,46.45717999,42.99352191,43.13964758,206.96,55080000,,,,
791,浙江,2014,11,Zhejiang,15.23,61.62,77.33,227,23,24,48,87,1,77,58,47.92848478,49.200692,47.37517808,45.77392256,44.45968364,110.84,55080000,,,,
792,浙江,2014,12,Zhejiang,6.99,21.23,62.46,296,24,37,58,110,1,57,66,43.72415026,45.82631752,43.61845434,45.33206556,42.65738786,159.63,55080000,,,,
793,浙江,2015,1,Zhejiang,7.37,57.77,70.21,416,25,29,56,124,1.2,59,82,39.20272799,41.46343912,38.2951851,40.70351002,41.72820835,123.52,55390000,,,,
794,浙江,2015,2,Zhejiang,8.16,102.69,75.88,198,26,13,34,84,0.9,74,57,31.95867704,35.58070252,38.99613557,40.17813924,41.7201171,98.45,55390000,,,,
795,浙江,2015,3,Zhejiang,11.75,120.83,78.12,230,27,15,39,70,0.9,83,45,45.82700168,38.89283936,41.89123575,41.21910881,41.27182018,111.88,55390000,,,,
796,浙江,2015,4,Zhejiang,16.99,99,73.12,437,28,19,41,78,0.8,111,48,47.88802854,46.85751511,45.06589862,41.78909323,39.83406762,147.81,55390000,,,,
797,浙江,2015,5,Zhejiang,21.27,158.66,79.5,651,29,15,32,70,0.8,123,45,41.48266565,44.6853471,40.46155313,41.80291527,39.37317298,112.87,55390000,,,,
798,浙江,2015,6,Zhejiang,24.97,163.91,85.5,439,30,12,28,58,0.7,107,36,32.01396519,36.74831542,34.38361157,37.75971581,37.33258236,96.28,55390000,,,,
799,浙江,2015,7,Zhejiang,26.34,214.51,84.17,180,31,12,23,47,0.6,107,29,29.65420385,30.83408452,32.43073919,34.69372081,36.44659801,153.37,55390000,,,,
800,浙江,2015,8,Zhejiang,27.3,198.41,81.46,104,32,12,24,53,0.7,116,33,35.62404854,32.63912619,36.24545306,35.18758109,37.09852164,178.37,55390000,,,,
801,浙江,2015,9,Zhejiang,23.78,139.29,81.46,114,33,15,31,59,0.8,127,38,43.45810679,39.54107766,41.27481305,38.36966075,39.10645591,122.56,55390000,,,,
802,浙江,2015,10,Zhejiang,20.03,74.31,78.04,182,34,17,38,77,0.8,113,45,44.74228383,44.10019531,43.41800906,41.46951893,42.01656523,140.52,55390000,,,,
803,浙江,2015,11,Zhejiang,15.13,181.75,86.71,227,35,16,44,64,1.1,52,42,42.05363655,43.39796019,43.66689027,43.6146944,41.45856131,53.05,55390000,,,,
804,浙江,2015,12,Zhejiang,9.18,137.12,79.29,312,36,20,51,103,1.1,51,68,44.20475042,43.12919349,39.69747198,40.95867495,39.12734619,77.51,55390000,,,,
805,浙江,2016,1,Zhejiang,6.26,127.49,80.79,306,37,16,47,91,1.1,56,60,32.83402897,38.5193897,36.28027019,37.72361178,40.79586133,NA,55900000,,,,
806,浙江,2016,2,Zhejiang,7.95,51.22,70.12,102,38,12,30,83,0.8,87,53,31.80203118,32.31803008,39.24030656,40.48141753,41.11630175,140.06,55900000,,,,
807,浙江,2016,3,Zhejiang,11.84,68.71,73.46,226,39,16,43,93,0.8,98,56,53.08485953,42.44344535,42.84757644,40.34418958,40.08580387,130.39,55900000,,,,
808,浙江,2016,4,Zhejiang,17.09,206.41,85.62,392,40,12,38,67,0.8,103,40,43.65583863,48.37034908,45.26431973,41.89874759,39.95542908,82.67,55900000,,,,
809,浙江,2016,5,Zhejiang,21.45,209.59,83.38,450,41,11,31,65,0.8,115,39,39.05226102,41.35404982,38.29675157,41.99377856,39.56179213,114.44,55900000,,,,
810,浙江,2016,6,Zhejiang,24.98,258.09,87.83,294,42,10,25,49,0.7,107,29,32.18215506,35.61720804,33.68942083,36.18102528,35.84548061,104.09,55900000,,,,
811,浙江,2016,7,Zhejiang,29.55,76.86,79.96,128,43,10,21,45,0.7,108,26,29.83384642,31.00800074,32.17310113,33.8928911,35.30769645,216.5,55900000,,,,
812,浙江,2016,8,Zhejiang,29.31,96.13,75.46,70,44,9,18,40,0.6,117,23,34.50330191,32.16857416,35.10135539,34.37155531,36.25699687,241.39,55900000,,,,
813,浙江,2016,9,Zhejiang,24.78,264.11,81.62,68,45,13,23,47,0.7,106,30,40.96691785,37.73510988,39.75632762,37.27570732,38.84528313,88.94,55900000,,,,
814,浙江,2016,10,Zhejiang,21.71,4.77,84.29,91,46,45,31,49,0.8,70,28,43.7987631,42.38284047,43.29642244,41.09814231,41.35153004,50.22,55900000,,,,
815,浙江,2016,11,Zhejiang,14.6,80.58,82.79,140,47,14,42,71,0.9,57,44,45.12358636,44.46117473,43.76247682,43.06358708,40.81163756,75.28,55900000,,,,
816,浙江,2016,12,Zhejiang,10.55,39.64,77.83,206,48,16,49,91,1,57,58,42.36508099,43.74433368,39.76416895,40.77281749,39.77805968,109.33,55900000,,,,
817,浙江,2017,1,Zhejiang,8.95,48.51,76.47,158,49,12,37,73,0.9,64,50,31.8038395,37.08446025,36.65598299,38.77288383,41.21943095,101.71,56570000,,,,
818,浙江,2017,2,Zhejiang,8.47,24.61,69.48,73,50,12,36,74,0.8,87,53,35.79902847,33.80143398,39.53616246,40.24339209,40.75503967,115.79,56570000,,,,
819,浙江,2017,3,Zhejiang,11.25,165.74,77.04,169,51,13,40,69,0.7,97,44,51.00561941,43.40232394,43.20209262,40.35252934,40.84840583,99.35,56570000,,,,
820,浙江,2017,4,Zhejiang,17.54,140.95,74.19,248,52,13,38,72,0.8,129,41,42.80162997,46.90362469,45.54638707,43.10954742,41.4238963,171.71,56570000,,,,
821,浙江,2017,5,Zhejiang,22.06,84.53,76.84,364,53,11,29,59,0.7,137,33,42.83191183,42.8167709,40.10494454,42.83011326,40.60782842,183.58,56570000,,,,
822,浙江,2017,6,Zhejiang,23.49,340.93,88.32,317,54,8,27,43,0.7,106,27,34.68129184,38.75660183,36.4106309,38.00838067,37.2730472,62.2,56570000,,,,
823,浙江,2017,7,Zhejiang,29.89,73.76,75.38,167,55,9,22,44,0.6,122,25,31.71868904,33.19999044,33.5772314,35.89090151,36.62768459,270.73,56570000,,,,
824,浙江,2017,8,Zhejiang,29.51,95.9,78.19,103,56,8,21,40,0.7,119,24,34.33171333,33.02520119,35.20840644,35.07662779,37.03023713,238.46,56570000,,,,
825,浙江,2017,9,Zhejiang,25.89,119.91,79.44,85,57,8,26,45,0.7,115,26,39.57481694,36.95326514,39.58373492,37.61747345,38.9038488,147.97,56570000,,,,
826,浙江,2017,10,Zhejiang,20.49,129.05,75.28,128,58,10,29,51,0.7,100,29,44.84467449,42.20974572,42.82294721,40.70013874,41.24537277,147.89,56570000,,,,
827,浙江,2017,11,Zhejiang,14.65,126.68,78.25,186,59,12,45,72,0.9,68,43,44.0493502,44.44701234,44.10677786,42.97378763,40.18200207,86.76,56570000,,,,
828,浙江,2017,12,Zhejiang,8.56,30.88,69.04,289,60,15,54,102,1,59,66,43.42630891,43.73782955,38.83017297,40.33379835,37.72214207,130.27,56570000,,,,
829,浙江,2018,1,Zhejiang,6.36,100.16,78.23,213,61,12,45,77,1,54,54,29.01485981,36.22058436,33.23889522,35.94150896,39.10592455,81.21,57370000,,,,
830,浙江,2018,2,Zhejiang,6.87,42.51,72.41,51,62,10,31,73,0.9,82,49,27.27551694,28.14518838,36.01798788,37.87006813,40.32630674,122.34,57370000,,,,
831,浙江,2018,3,Zhejiang,13.17,80.06,78.64,83,63,9,37,59,0.8,94,37,51.76358688,39.51955191,43.06345499,39.55130619,39.92153816,142.93,57370000,,,,
832,浙江,2018,4,Zhejiang,18.33,NA,74.21,224,64,11,36,80,0.8,124,39,50.15126114,50.95742401,47.77243801,42.64820775,40.81056205,147.27,57370000,,,,
833,浙江,2018,5,Zhejiang,23.02,160.61,80.34,367,65,8,27,56,0.8,128,32,41.40246602,45.77686358,41.67123548,44.19432333,41.83941329,137.32,57370000,,,,
834,浙江,2018,6,Zhejiang,24.85,170.97,82.08,275,66,8,24,43,0.7,125,26,33.45997929,37.43122265,35.76073947,39.35836989,38.31698555,140.44,57370000,,,,
835,浙江,2018,7,Zhejiang,28.67,159.82,80.27,153,67,7,18,36,0.6,99,21,32.4197731,32.9398762,33.34373352,35.35841665,36.22435253,228.59,57370000,,,,
836,浙江,2018,8,Zhejiang,28.94,243.97,79.44,97,68,6,17,34,0.6,105,19,34.15144818,33.28561064,35.41977245,34.92982416,37.46864166,228.98,57370000,,,,
837,浙江,2018,9,Zhejiang,25.72,165.54,78.57,80,69,8,25,44,0.7,119,24,39.68809607,36.91977213,40.48781863,38.47080725,39.87562092,167.45,57370000,,,,
838,浙江,2018,10,Zhejiang,18.86,47.56,70.42,139,70,10,37,58,0.7,116,32,47.62391165,43.65600386,44.26896111,41.73958288,41.95996739,170.97,57370000,,,,
839,浙江,2018,11,Zhejiang,15.44,91.92,81.95,259,71,8,43,56,0.8,67,33,45.49487561,46.55939363,45.32009756,43.91209719,41.1464405,89.67,57370000,,,,
840,浙江,2018,12,Zhejiang,9.57,104.36,82.18,378,72,9,46,65,0.9,43,39,42.84150542,44.16819052,39.47339825,41.5110266,38.96621263,44.21,57370000,,,,
841,浙江,2019,1,Zhejiang,5.9,96.1,78,319,73,9,51,94,1.12,41,66,30.08381372,36.46265957,33.90409196,36.80178787,39.33300522,71.4,58500000,,,,
842,浙江,2019,2,Zhejiang,6.1,233.7,86,82,74,8,32,63,0.94,58,46,28.78695672,29.43538522,36.10954835,37.79253762,38.40612676,24.3,58500000,,,,
843,浙江,2019,3,Zhejiang,12.4,113.2,74,158,75,9,45,76,0.81,89,44,49.4578746,39.12241566,39.70177154,37.29728209,38.20852512,127.1,58500000,,,,
844,浙江,2019,4,Zhejiang,18.1,77.8,75,208,76,7,45,69,0.75,99,38,40.86048331,45.15917896,44.05728505,40.23970297,39.15810474,125,58500000,,,,
845,浙江,2019,5,Zhejiang,22.1,116.8,63,281,77,7,40,67,0.67,144,34,41.85349724,41.35699027,39.18189745,41.75089174,39.71119624,174.7,58500000,,,,
846,浙江,2019,6,Zhejiang,25,204,78,251,78,5,32,49,0.68,136,29,34.83171181,38.34260452,36.07920776,37.27452665,37.11613827,118.5,58500000,,,,
847,浙江,2019,7,Zhejiang,28.2,207.9,78,137,79,4,27,40,0.6,125,22,31.55241424,33.19206303,34.2889036,36.18005201,37.15473577,162.5,58500000,,,,
848,浙江,2019,8,Zhejiang,29.4,346.5,73,92,80,5,25,42,0.63,130,23,36.48258475,34.0174995,36.36282327,35.9800454,38.0050567,228.5,58500000,,,,
849,浙江,2019,9,Zhejiang,25.1,105.4,71,105,81,6,37,51,0.7,148,28,41.05347081,38.76802778,41.21371914,38.79839292,40.83064688,189.7,58500000,,,,
850,浙江,2019,10,Zhejiang,20.1,27.9,72,146,82,7,48,74,0.76,102,37,46.10510186,43.57928634,45.37274514,43.15020504,42.42544698,151.1,58500000,,,,
851,浙江,2019,11,Zhejiang,14.5,26.1,69,372,83,7,55,85,0.78,71,39,48.95966274,47.5323823,44.86372645,43.91116254,39.35322081,149.2,58500000,,,,
852,浙江,2019,12,Zhejiang,9.1,94.9,75,488,84,7,57,86,0.9,43,50,39.52641476,44.24303875,36.5358438,38.92815831,34.52035267,135.9,58500000,,,,
853,浙江,2020,1,Zhejiang,7.3,227.6,81,228,85,6,36,64,0.95,50,44,21.12145388,30.32393432,25.84566626,31.62416538,35.09947145,73.9,64680000,,,,
854,浙江,2020,2,Zhejiang,9.9,82.4,73,15,86,5,18,44,0.63,81,28,16.88913013,19.005292,29.00375991,31.63442362,32.46396352,108.5,64680000,,,,
855,浙江,2020,3,Zhejiang,13.1,154.3,72,24,87,5,40,51,0.68,79,27,49.00069572,32.94491292,33.89064965,30.69835071,32.81981869,109.2,64680000,,,,
856,浙江,2020,4,Zhejiang,16.4,45.9,60,24,88,7,47,72,0.66,123,34,35.7821231,42.39140941,42.02950315,35.74440989,36.7129767,197.5,64680000,,,,
857,浙江,2020,5,Zhejiang,23.5,152.3,72,24,89,5,37,57,0.69,128,30,41.30569062,38.54390686,39.22501922,41.66893835,41.2837572,155.1,64680000,,,,
858,浙江,2020,6,Zhejiang,26.1,384.4,85,34,90,4,31,34,0.65,91,19,40.58724394,40.94646728,40.5453224,39.35452257,40.09954449,104.1,64680000,,,,
859,浙江,2020,7,Zhejiang,26.9,236.6,85,31,91,4,31,35,0.67,86,20,39.74303264,40.16513829,41.13663624,41.17889984,40.03966693,102.7,64680000,,,,
860,浙江,2020,8,Zhejiang,31,66.1,64,52,92,5,24,38,0.55,123,19,43.07963216,41.4113324,39.43513336,39.723161,40.47640546,258,64680000,,,,
861,浙江,2020,9,Zhejiang,23.9,222.3,74,43,93,5,40,48,0.69,120,26,35.48273528,39.28118372,40.68391691,40.44869584,41.86026548,122.9,64680000,,,,
862,浙江,2020,10,Zhejiang,19.2,39.9,70,49,94,6,44,52,0.64,104,24,43.48938329,39.48605928,42.15955421,42.38957369,41.35176792,134,64680000,,,,
863,浙江,2020,11,Zhejiang,15,32.4,73,99,95,7,49,64,0.8,66,30,47.50654405,45.49796367,42.73215739,40.91980186,40.91980186,131.9,64680000,,,,
864,浙江,2020,12,Zhejiang,6.8,21.2,69,134,96,8,61,103,0.97,38,58,37.20054483,42.35354444,42.35354444,42.73215739,42.73215739,110,64680000,,,,
865,重慶,2013,1,Chongqing,6.85,9.15,76.33,22,1,43,50,185,1.2,22,60,6.106300625,6.106300625,21.22544315,21.22544315,29.21268997,60.88,29700000,,,,
866,重慶,2013,2,Chongqing,10.38,15.25,76.5,13,2,27,29,123,1,51,89,36.34458568,21.22544315,29.21268997,29.21268997,32.56304777,39.48,29700000,,,,
867,重慶,2013,3,Chongqing,16.13,38.09,66.83,28,3,42,31,150,1,66,86,45.18718361,40.76588465,41.38196349,32.56304777,33.51590075,124.86,29700000,,,,
868,重慶,2013,4,Chongqing,18.66,102.51,68.92,51,4,35,27,84,0.9,79,54,42.61412116,43.90065239,41.70953915,40.36830078,37.82340885,130.02,29700000,,,,
869,重慶,2013,5,Chongqing,21.82,178.06,76.58,80,5,24,43,68,0.8,82,45,37.32731267,39.97071691,35.86175832,38.19311464,36.35932315,114.96,29700000,,,,
870,重慶,2013,6,Chongqing,26.81,161.68,69.75,45,6,23,40,74,0.8,132,44,27.64384113,32.4855769,31.33177032,34.15235803,33.0410468,190.54,29700000,,,,
871,重慶,2013,7,Chongqing,30.1,110.44,64.92,21,7,24,36,62,0.7,139,36,29.02415716,28.33399914,28.42126672,30.64777821,31.08114426,193.5,29700000,,,,
872,重慶,2013,8,Chongqing,29.03,89.04,65.58,12,8,29,40,71,0.9,155,43,28.59580189,28.80997952,30.14485584,29.51960216,33.68456073,205.8,29700000,,,,
873,重慶,2013,9,Chongqing,22.39,179.01,78.75,6,9,20,46,79,1.1,86,53,32.81460846,30.70520518,37.25160179,35.19474064,35.89871438,109.15,29700000,,,,
874,重慶,2013,10,Chongqing,18.6,75.16,77.75,14,10,32,45,118,1.4,62,83,50.34439503,41.57950175,40.62453761,37.61735368,35.71809355,122.8,29700000,,,,
875,重慶,2013,11,Chongqing,13.73,60.82,84.5,32,11,30,31,90,1.3,18,53,38.71460935,44.52950219,39.06001913,37.49866646,36.76544652,46.2,29700000,,,,
876,重慶,2013,12,Chongqing,8.04,17.79,80.58,17,12,49,38,141,1.3,17,102,28.121053,33.41783117,33.55607637,37.75315604,37.71915778,59.24,29700000,,,,
877,重慶,2014,1,Chongqing,7.5,7.62,79.5,12,13,47,48,188,1.6,23,135,33.83256678,30.97680989,33.17892817,34.56284846,36.18775752,62.62,29910000,,,,
878,重慶,2014,2,Chongqing,7.81,15.64,75.75,12,14,35,34,120,1.4,33,87,37.58316472,35.70786575,38.03437508,35.55604456,35.98262118,17.8,29910000,,,,
879,重慶,2014,3,Chongqing,13.5,102.25,75.67,19,15,39,40,91,1.2,60,57,42.68739375,40.13527924,39.31982871,37.94801323,38.65007543,60.5,29910000,,,,
880,重慶,2014,4,Chongqing,18.53,98.46,80.42,30,16,26,36,71,1.1,67,43,37.68892766,40.18816071,40.61154854,39.85445259,39.11169448,47.98,29910000,,,,
881,重慶,2014,5,Chongqing,20.09,132.66,81.25,31,17,21,37,87,1.1,78,49,41.45832422,39.57362594,38.42930464,39.49382692,36.0921098,52.52,29910000,,,,
882,重慶,2014,6,Chongqing,23.46,199.63,85.75,72,18,13,35,60,1.1,78,37,36.14066203,38.79949313,33.36140919,34.44328881,35.88324926,39.96,29910000,,,,
883,重慶,2014,7,Chongqing,28.14,104.04,72.83,16,19,17,31,62,0.9,136,32,22.48524132,29.31295167,33.42299815,35.43182966,36.01541795,202.52,29910000,,,,
884,重慶,2014,8,Chongqing,26.37,204.2,76.75,20,20,16,32,60,0.9,116,33,41.64309109,32.0641662,34.15936783,34.65469138,36.25837065,133.04,29910000,,,,
885,重慶,2014,9,Chongqing,23.89,180.22,82.58,24,21,14,33,69,1.1,77,40,38.34977107,39.99643108,40.88864996,36.2877978,36.62717213,85.02,29910000,,,,
886,重慶,2014,10,Chongqing,19.18,113.46,81.33,42,22,18,45,108,1.1,62,72,42.67308773,40.5114294,39.66917608,40.16265483,39.55026086,114.26,29910000,,,,
887,重慶,2014,11,Chongqing,13.11,69.9,85.33,59,23,17,43,127,1.1,16,89,37.98466945,40.32887859,39.25281405,39.02705331,37.30371541,26.22,29910000,,,,
888,重慶,2014,12,Chongqing,8.13,14.27,78.42,64,24,24,43,123,1.4,17,98,37.10068498,37.54267721,35.16523942,37.04220149,36.0424855,53.02,29910000,,,,
889,重慶,2015,1,Chongqing,8.59,23.83,78.42,58,25,27,53,176,1.5,21,127,30.41036382,33.7555244,33.18489012,34.38483495,37.34871717,33.16,30170000,,,,
890,重慶,2015,2,Chongqing,9.94,18.76,75.58,25,26,18,46,118,1.2,44,85,32.04362154,31.22699268,37.21941048,37.18972911,37.55800907,31.88,30170000,,,,
891,重慶,2015,3,Chongqing,14.7,31.95,70.42,67,27,18,48,88,1.1,71,53,49.20424608,40.62393381,40.09299884,37.67234009,37.91584708,76.52,30170000,,,,
892,重慶,2015,4,Chongqing,19.21,85.7,70.33,110,28,16,49,82,1,106,47,39.03112891,44.11768749,42.37508334,39.79221789,38.36327545,134.38,30170000,,,,
893,重慶,2015,5,Chongqing,21.71,151.62,77,145,29,13,45,75,0.9,90,41,38.88987503,38.96050197,36.85616987,39.94318892,36.25799725,90.28,30170000,,,,
894,重慶,2015,6,Chongqing,24.59,209.66,82.08,146,30,9,37,61,1,72,36,32.64750567,35.76869035,31.01820376,33.02143504,32.12402332,62.5,30170000,,,,
895,重慶,2015,7,Chongqing,26.69,178.25,73.75,50,31,13,40,80,1,100,47,21.51723057,27.08236812,27.56637088,30.39724692,33.88849559,181.44,30170000,,,,
896,重慶,2015,8,Chongqing,26.41,150.37,75.17,13,32,11,38,69,1,102,42,28.53437641,25.02580349,32.63503242,32.63815073,33.73401971,166.16,30170000,,,,
897,重慶,2015,9,Chongqing,22.88,199.21,81.25,31,33,11,40,53,1.1,68,34,47.85349027,38.19393334,38.16845411,34.00564822,34.99690916,65.48,30170000,,,,
898,重慶,2015,10,Chongqing,19.36,74.42,79.5,45,34,15,48,77,1.1,59,48,38.11749565,42.98549296,41.64431294,38.36682881,37.81103737,101.92,30170000,,,,
899,重慶,2015,11,Chongqing,14.67,27.27,82.92,60,35,17,40,69,1.3,20,46,38.9619529,38.53972427,37.55577339,40.13020261,37.64141467,29.02,30170000,,,,
900,重慶,2015,12,Chongqing,8.61,33.98,81.92,66,36,22,48,88,1.2,19,65,35.58787162,37.27491226,34.07869581,35.08839577,34.53444721,37.06,30170000,,,,
901,重慶,2016,1,Chongqing,6.73,40.36,81.67,43,37,19,49,91,1.3,24,70,27.68626291,31.63706727,31.86426251,33.6386851,35.7461,NA,30480000,,,,
902,重慶,2016,2,Chongqing,8.65,25.63,74.33,18,38,15,47,90,1,57,70,32.31865298,30.00245795,34.72689183,34.94213678,35.41332212,70.2,30480000,,,,
903,重慶,2016,3,Chongqing,14.08,84.82,72.75,41,39,18,55,85,1,77,57,44.17575959,38.24720629,37.93082535,35.36968474,37.03090954,62.16,30480000,,,,
904,重慶,2016,4,Chongqing,18.4,128.93,81.67,42,40,11,50,66,0.8,69,44,37.29806347,40.73691153,41.71654393,39.36707119,37.99310103,64.6,30480000,,,,
905,重慶,2016,5,Chongqing,21.63,143.51,76.17,88,41,10,43,77,0.8,107,48,43.67580873,40.4869361,37.82369752,39.41171304,36.29870845,90.6,30480000,,,,
906,重慶,2016,6,Chongqing,24.94,321.2,79.67,87,42,8,38,63,0.8,114,42,32.49722036,38.08651454,33.3399064,34.32944567,33.28788719,114.4,30480000,,,,
907,重慶,2016,7,Chongqing,28.69,132.88,72.83,39,43,10,35,57,0.7,111,33,23.84669011,28.17195523,28.48852124,32.28534312,34.74853317,188.8,30480000,,,,
908,重慶,2016,8,Chongqing,28.53,98.13,70.5,11,44,11,35,63,0.8,108,41,29.12165327,26.48417169,32.52321226,32.51671429,33.0093877,178.8,30480000,,,,
909,重慶,2016,9,Chongqing,23.07,91.03,79.25,25,45,10,49,93,1,74,69,44.60129341,36.86147334,36.23434269,33.13742954,34.4616051,77.68,30480000,,,,
910,重慶,2016,10,Chongqing,19.09,2.97,82.95,23,46,11,43,62,1,50,39,34.98008138,39.79068739,39.77989404,37.11533384,36.6553759,56.2,30480000,,,,
911,重慶,2016,11,Chongqing,12.88,87.28,85,35,47,15,51,82,1.1,23,53,39.75830732,37.36919435,36.51797761,38.53880656,36.70121291,28,30480000,,,,
912,重慶,2016,12,Chongqing,9.58,16.7,83.25,32,48,14,56,105,1.2,24,74,34.81554414,37.28692573,34.64156326,34.72619279,34.11566249,52.4,30480000,,,,
913,重慶,2017,1,Chongqing,8.9,11.62,76.06,27,49,17,53,121,1.3,29,88,29.35083832,32.08319123,31.94664126,33.89955777,37.33561649,25.64,30750000,,,,
914,重慶,2017,2,Chongqing,8.94,39.26,78.62,10,50,13,50,89,1.2,40,63,31.67354132,30.51218982,37.36807699,36.72994378,37.29140096,45.42,30750000,,,,
915,重慶,2017,3,Chongqing,12.15,79.34,75.62,34,51,15,54,75,1,49,45,51.07985135,41.37669633,40.76354078,37.91036517,38.91081342,46.94,30750000,,,,
916,重慶,2017,4,Chongqing,18.01,133.8,75.42,53,52,13,48,64,0.9,82,35,39.53722969,45.30854052,44.50989583,41.3008072,39.29783159,112.26,30750000,,,,
917,重慶,2017,5,Chongqing,21.32,159.9,75.19,100,53,12,47,65,0.9,110,36,42.91260644,41.22491807,37.91192176,41.20390416,37.93892631,139.06,30750000,,,,
918,重慶,2017,6,Chongqing,23.94,198,80.46,104,54,10,44,59,0.9,107,34,31.28592914,37.09926779,33.02585017,34.65369505,34.15874997,84.9,30750000,,,,
919,重慶,2017,7,Chongqing,28.87,152.94,70.53,37,55,11,36,52,0.8,142,26,24.87901492,28.08247203,29.44797125,32.81413004,34.21041206,217.5,30750000,,,,
920,重慶,2017,8,Chongqing,28.96,153.7,70.46,20,56,10,33,45,0.8,135,22,32.17896967,28.5289923,32.28450824,32.03486347,34.00263344,191.06,30750000,,,,
921,重慶,2017,9,Chongqing,23.46,252.4,82.9,23,57,9,38,43,0.9,70,23,39.79554014,35.9872549,37.94940771,34.68180951,35.32482411,61.62,30750000,,,,
922,重慶,2017,10,Chongqing,17.94,164.3,84.44,39,58,9,39,43,0.9,40,26,41.87371332,40.83462673,39.85537865,37.9362764,37.3000921,46.02,30750000,,,,
923,重慶,2017,11,Chongqing,13.56,28.22,78.1,55,59,13,54,88,1,39,55,37.89688248,39.8852979,38.1753169,38.58037271,35.93020452,68.52,30750000,,,,
924,重慶,2017,12,Chongqing,9.02,5.04,75.22,53,60,13,58,123,1.2,24,82,34.7553549,36.32611869,32.66058971,34.96387061,34.07133463,53.08,30750000,,,,
925,重慶,2018,1,Chongqing,6.16,38.16,77.36,32,61,12,54,86,1.2,26,59,25.32953175,30.04244333,30.19535912,32.12073996,36.88105362,45,31020000,,,,
926,重慶,2018,2,Chongqing,8.26,17.34,74.34,9,62,10,45,86,1.1,51,60,30.5011907,27.91536123,37.25101024,36.62709641,37.33829089,34.2,31020000,,,,
927,重慶,2018,3,Chongqing,14.8,81.8,76.98,41,63,10,49,62,1,66,35,55.92230827,43.21174949,42.20218926,37.98402488,38.45690643,91.96,31020000,,,,
928,重慶,2018,4,Chongqing,19.4,136.8,72.78,79,64,10,44,64,0.9,107,30,40.18306881,48.05268854,45.48460323,41.7387501,39.96146655,134.58,31020000,,,,
929,重慶,2018,5,Chongqing,22.29,240.98,78.75,127,65,9,44,58,0.9,111,29,40.34843261,40.26575071,37.79461126,42.32653551,39.22487351,85.96,31020000,,,,
930,重慶,2018,6,Chongqing,25.46,114.9,76.14,126,66,8,41,50,0.8,113,29,32.85233235,36.60038248,33.33966349,35.05051482,33.85874933,113.7,31020000,,,,
931,重慶,2018,7,Chongqing,29.34,165.16,70.3,63,67,8,31,46,0.7,127,26,26.81822553,29.83527894,29.58741508,32.27766946,33.54848988,190.38,31020000,,,,
932,重慶,2018,8,Chongqing,28.9,113.68,68.28,27,68,8,39,53,0.8,156,30,29.09168736,27.95495644,31.51389481,31.8485042,33.99434146,237.42,31020000,,,,
933,重慶,2018,9,Chongqing,23.08,183.28,79.82,27,69,7,39,47,0.8,68,29,38.63177154,33.86172945,36.76704981,34.27984374,35.31367419,67.04,31020000,,,,
934,重慶,2018,10,Chongqing,17.16,69.88,80.84,44,70,9,50,68,1,36,43,42.57769053,40.60473104,40.21948601,37.43753635,36.85702322,53.12,31020000,,,,
935,重慶,2018,11,Chongqing,12.54,77.42,82.76,75,71,10,49,75,1,31,49,39.44899597,41.01334325,38.85388574,38.79835719,36.73075387,47.64,31020000,,,,
936,重慶,2018,12,Chongqing,7.78,32.32,77.44,71,72,10,45,80,1,18,55,34.53497071,36.99198334,34.14810243,36.25549945,35.27871648,18.2,31020000,,,,
937,重慶,2019,1,Chongqing,8.7,18.6,79,52,73,9,47,102,1.14,26,74,28.46034059,31.49765565,31.45563197,33.45397297,36.53714972,16,31240000,,,,
938,重慶,2019,2,Chongqing,11.2,7.4,69,20,74,9,31,65,0.9,52,48,31.3715846,29.9159626,36.2339273,35.80918815,36.46580067,35.5,31240000,,,,
939,重慶,2019,3,Chongqing,14.5,49,73,55,75,9,46,71,0.81,70,46,48.8698567,40.12072065,39.77789736,36.94850817,37.61139729,76.4,31240000,,,,
940,重慶,2019,4,Chongqing,21.8,185.7,70,85,76,8,39,52,0.78,114,30,39.09225076,43.98105373,42.74168709,39.89916147,38.21817666,153.8,31240000,,,,
941,重慶,2019,5,Chongqing,21.3,159.8,79,132,77,6,36,53,0.79,91,32,40.2629538,39.67760228,36.949814,39.92982468,36.74731243,60.3,31240000,,,,
942,重慶,2019,6,Chongqing,25.1,237.4,80,126,78,6,34,40,0.83,98,24,31.49423744,35.87859562,31.92481823,33.71667637,33.07906464,71,31240000,,,,
943,重慶,2019,7,Chongqing,27.9,229.4,75,47,79,6,30,36,0.76,118,21,24.01726346,27.75575045,28.68003955,31.57576811,34.45726118,128.7,31240000,,,,
944,重慶,2019,8,Chongqing,30.6,102.9,63,19,80,8,33,44,0.74,156,24,30.52861775,27.2729406,33.50970489,33.00583803,35.16899788,217.4,31240000,,,,
945,重慶,2019,9,Chongqing,24.8,95.2,74,32,81,7,38,49,0.78,101,30,45.98323347,38.25592561,40.11116283,36.08768799,36.1741133,110.1,31240000,,,,
946,重慶,2019,10,Chongqing,19.3,233,84,77,82,6,35,38,0.8,51,24,43.82163728,44.90243537,42.10822843,39.21332576,38.33553159,49.1,31240000,,,,
947,重慶,2019,11,Chongqing,14.3,60.1,82,101,83,7,40,57,0.82,26,36,36.51981455,40.17072591,38.38860225,40.28726006,36.53213697,15.4,31240000,,,,
948,重慶,2019,12,Chongqing,10.7,27.9,80,94,84,9,49,92,1.03,20,65,34.82435492,35.67208474,30.95193803,34.16936284,31.21040456,30.8,31240000,,,,
949,重慶,2020,1,Chongqing,10,22.2,77,48,85,8,38,68,1,31,50,21.51164462,28.16799977,25.23685699,28.05759638,30.03994561,30.6,32090000,,,,
950,重慶,2020,2,Chongqing,11.2,15.6,80,5,86,6,24,63,0.81,49,49,19.37457143,20.44310802,26.2851862,28.41997838,30.00398089,24.7,32090000,,,,
951,重慶,2020,3,Chongqing,16,62.4,72,7,87,8,37,60,0.75,75,37,37.96934255,28.67195699,31.2279683,28.79888738,33.40212994,106.2,32090000,,,,
952,重慶,2020,4,Chongqing,17.9,74.9,74,4,88,8,48,56,0.79,83,33,36.33999093,37.15466674,42.04147788,36.37475127,35.51636918,105.4,32090000,,,,
953,重慶,2020,5,Chongqing,24.8,61.4,67,21,89,8,41,52,0.72,125,28,51.81510015,44.07754554,40.07931064,39.55181862,38.86261953,164.1,32090000,,,,
954,重慶,2020,6,Chongqing,26.5,209.3,76,18,90,7,38,40,0.77,103,22,32.08284084,41.9489705,40.00125473,39.08593878,37.48592827,99.5,32090000,,,,
955,重慶,2020,7,Chongqing,27.6,368.8,80,21,91,7,32,32,0.73,88,16,36.10582319,34.09433202,33.09151675,37.7724126,37.79008138,90.8,32090000,,,,
956,重慶,2020,8,Chongqing,31.4,10.9,59,13,92,8,31,36,0.64,132,18,31.08588621,33.5958547,35.01748863,34.28382668,35.51352905,221.2,32090000,,,,
957,重慶,2020,9,Chongqing,23.5,175.7,80,14,93,7,38,33,0.74,68,19,37.86075649,34.47332135,36.45966041,36.3712011,37.56497545,43.6,32090000,,,,
958,重慶,2020,10,Chongqing,17.7,138.4,87,18,94,7,40,46,0.83,28,26,40.43233851,39.1465475,40.21105594,37.92976351,35.49740901,16,32090000,,,,
959,重慶,2020,11,Chongqing,15.3,20.8,78,35,95,9,51,65,0.92,45,37,42.34007282,41.38620567,36.18013412,36.60028971,36.60028971,92.6,32090000,,,,
960,重慶,2020,12,Chongqing,8.7,22.5,78,27,96,9,46,84,0.93,19,57,25.76799102,34.05403192,34.05403192,36.18013412,36.18013412,13.1,32090000,,,,
961,四川,2013,1,Sichuan,2.43,3.52,55.61,140,1,53,79,236,2,39,173,4.149958812,4.149958812,15.67816442,15.67816442,22.75825746,164.69,81070000,,,,
962,四川,2013,2,Sichuan,7,5.85,52.66,48,2,41,59,163,1.8,74,127,27.20637003,15.67816442,22.75825746,22.75825746,25.22529091,154.87,81070000,,,,
963,四川,2013,3,Sichuan,11.14,21.73,51.63,114,3,41,71,297,1.3,114,131,36.91844355,32.06240679,32.2504016,25.22529091,26.65851421,190.58,81070000,,,,
964,四川,2013,4,Sichuan,13.27,53.92,59.49,170,4,28,63,166,1,122,83,32.62639123,34.77241739,33.9787474,32.28565306,30.74625655,182.17,81070000,,,,
965,四川,2013,5,Sichuan,16.29,116.95,66.8,276,5,20,48,105,0.9,102,62,32.39140743,32.50889933,29.86882306,31.63122818,29.79124814,167.95,81070000,,,,
966,四川,2013,6,Sichuan,20.3,153,67.27,219,6,19,42,87,0.8,110,50,24.58867052,28.49003897,26.47046864,28.00944929,27.74407847,185.57,81070000,,,,
967,四川,2013,7,Sichuan,21.49,176.09,74.73,96,7,16,47,84,0.8,132,50,22.43132798,23.50999925,24.56753123,26.52350028,26.95582409,153.18,81070000,,,,
968,四川,2013,8,Sichuan,21.01,117.37,68.9,59,8,19,51,104,0.8,150,63,26.68259519,24.55696158,25.93301417,25.59692826,26.58129249,213.47,81070000,,,,
969,四川,2013,9,Sichuan,16.41,144.38,76.76,54,9,20,49,88,0.9,80,63,28.68511935,27.68385727,28.62882132,27.07944798,28.11615571,115.49,81070000,,,,
970,四川,2013,10,Sichuan,12.47,56.26,73.49,52,10,26,64,133,1.2,82,95,30.51874941,29.60193438,30.48895179,29.53736264,29.12725495,129.31,81070000,,,,
971,四川,2013,11,Sichuan,7.58,18.74,65.66,75,11,31,64,124,1.3,42,70,32.26298662,31.39086801,30.08952008,29.7384199,28.97884567,154.39,81070000,,,,
972,四川,2013,12,Sichuan,2.45,6.92,62.22,70,12,35,61,174,1.8,18,119,27.4868242,29.87490541,28.56345319,29.05227724,29.16958479,146.04,81070000,,,,
973,四川,2014,1,Sichuan,3.08,4.43,58.54,49,13,40,55,197,1.9,48,145,25.94054875,26.71368647,27.68872931,28.83229364,30.1221796,165.31,81400000,,,,
974,四川,2014,2,Sichuan,4.8,13.28,58.78,38,14,31,39,125,1.5,52,94,29.63881499,27.78968187,30.28702906,29.58697784,30.41923521,130.2,81400000,,,,
975,四川,2014,3,Sichuan,9.14,31.29,58.78,63,15,30,44,114,1.1,71,69,35.28172343,32.46026921,32.88960104,31.15233797,31.80312976,156.15,81400000,,,,
976,四川,2014,4,Sichuan,13.92,48.06,60.27,101,16,22,34,89,0.9,88,53,33.74826469,34.51499406,34.47876168,33.26877501,32.45121733,179.33,81400000,,,,
977,四川,2014,5,Sichuan,16.61,66.79,62.66,162,17,22,33,115,0.9,97,68,34.40629691,34.0772808,32.44518274,33.15431791,31.0728074,173.88,81400000,,,,
978,四川,2014,6,Sichuan,18.84,177.01,74.83,213,18,22,30,72,0.9,88,45,29.18098662,31.79364176,28.77801629,30.02057839,29.24232288,108.95,81400000,,,,
979,四川,2014,7,Sichuan,20.85,142.93,73.1,108,19,24,31,69,0.8,101,38,22.74676536,25.96387599,26.0190176,28.11583743,28.97363427,179,81400000,,,,
980,四川,2014,8,Sichuan,19.41,173.18,77.34,59,20,21,28,61,0.8,92,37,26.12930082,24.43803309,27.09362927,27.6154686,28.88452667,123.46,81400000,,,,
981,四川,2014,9,Sichuan,17.73,125.85,78.15,61,21,18,29,59,0.9,69,37,32.40482163,29.26706122,30.83162712,28.81041168,29.27365234,127.57,81400000,,,,
982,四川,2014,10,Sichuan,13.3,64.85,73.34,98,22,19,33,82,1,65,53,33.96075891,33.18279027,32.4973985,30.90537408,31.03982682,157.23,81400000,,,,
983,四川,2014,11,Sichuan,8.11,16.91,67.29,120,23,20,36,73,1,43,46,31.12661497,32.54368694,32.22167055,32.26745832,31.19767097,132.45,81400000,,,,
984,四川,2014,12,Sichuan,3.27,6.5,60.98,139,24,29,44,117,1.1,41,75,31.57763778,31.35212638,29.8742581,30.89588331,30.13930295,139.9,81400000,,,,
985,四川,2015,1,Sichuan,3.16,13.57,62.51,135,25,25,37,137,1.3,44,95,26.91852156,29.24807967,28.53638029,29.18393896,30.41302756,139,82040000,,,,
986,四川,2015,2,Sichuan,5.67,7.06,56.02,73,26,20,29,103,1.1,63,68,27.11298153,27.01575155,29.78696168,30.2346307,30.89313575,142.38,82040000,,,,
987,四川,2015,3,Sichuan,10.69,17.77,54.98,119,27,21,30,84,1,81,50,35.32938194,31.22118173,31.9898398,30.72201024,31.94631633,183.82,82040000,,,,
988,四川,2015,4,Sichuan,13.36,57.47,61.93,157,28,19,28,72,0.8,102,40,33.52715594,34.42826894,35.23335952,33.20326502,32.02676226,177.93,82040000,,,,
989,四川,2015,5,Sichuan,17.25,90.8,62.37,315,29,17,25,72,0.8,110,41,36.84354068,35.18534831,32.56381594,33.25520744,30.71117462,191.86,82040000,,,,
990,四川,2015,6,Sichuan,19.8,150.71,72.05,363,30,15,23,54,0.8,93,31,27.32075121,32.08214594,28.23311175,29.5566228,28.90402037,141.34,82040000,,,,
991,四川,2015,7,Sichuan,19.55,130.67,71.46,134,31,16,26,59,0.7,117,34,20.53504335,23.92789728,24.7164684,27.74823647,28.90741429,191.16,82040000,,,,
992,四川,2015,8,Sichuan,19.1,176.02,76.41,61,32,15,25,54,0.7,102,32,26.29361065,23.414327,26.79092652,26.92338269,28.41029703,135.9,82040000,,,,
993,四川,2015,9,Sichuan,17.38,163.51,80.39,75,33,14,25,47,0.8,73,28,33.54412556,29.9188681,31.39856353,28.68268349,29.88077291,104.29,82040000,,,,
994,四川,2015,10,Sichuan,13.42,62.21,72.17,105,34,16,32,76,0.8,76,46,34.35795439,33.95103997,34.19173685,32.2172053,31.85159158,156.27,82040000,,,,
995,四川,2015,11,Sichuan,9.3,13.3,67.61,180,35,16,32,64,1,44,39,34.67313061,34.5155425,33.14007389,33.24108681,31.30946105,140.64,82040000,,,,
996,四川,2015,12,Sichuan,3.47,11.6,66.71,204,36,18,38,94,1.1,42,61,30.38913668,32.53113364,29.54840843,30.75079492,29.89437434,123.65,82040000,,,,
997,四川,2016,1,Sichuan,2.02,13.17,61.68,141,37,17,36,101,1.2,48,68,23.58295802,26.98604735,26.81359557,28.77847933,30.86759367,NA,82620000,,,,
998,四川,2016,2,Sichuan,4.62,15.4,57.29,53,38,15,34,99,1.1,70,65,26.468692,25.02582501,29.75856703,29.91620944,30.24769108,133,82620000,,,,
999,四川,2016,3,Sichuan,9.63,34.67,58.63,127,39,17,35,91,1,87,54,39.22405107,32.84637154,32.42212024,30.21232968,31.30522603,NA,82620000,,,,
1000,四川,2016,4,Sichuan,13.4,69.01,66.95,150,40,15,29,66,0.9,90,38,31.57361764,35.39883436,35.49149337,33.23579303,32.24818912,NA,82620000,,,,
1001,四川,2016,5,Sichuan,16.74,99.14,64.95,244,41,14,25,71,0.8,106,41,35.67681141,33.62521453,31.84940084,33.69306339,31.39783158,172,82620000,,,,
1002,四川,2016,6,Sichuan,19.49,158.9,71.2,270,42,16,23,50,0.8,111,29,28.29777346,31.98729243,28.7304964,29.44127671,29.0057257,145.74,82620000,,,,
1003,四川,2016,7,Sichuan,21,188.26,75.88,121,43,16,22,42,0.7,103,24,22.21690434,25.2573389,25.92606648,28.36375272,29.97227617,148.49,82620000,,,,
1004,四川,2016,8,Sichuan,21.73,96.72,71.15,59,44,16,23,51,0.8,113,31,27.26352165,24.740213,28.62893199,28.54614236,29.48559944,198.85,82620000,,,,
1005,四川,2016,9,Sichuan,16.72,153.94,80.44,86,45,17,27,56,0.8,88,36,36.40636997,31.83494581,32.3044398,29.78255594,30.20305385,74.93,82620000,,,,
1006,四川,2016,10,Sichuan,13.83,2.17,73.92,134,46,16,28,60,0.8,70,36,33.24342779,34.82489888,33.84494775,32.19959122,32.37032738,129.63,82620000,,,,
1007,四川,2016,11,Sichuan,8.43,28.09,67.49,143,47,19,36,94,1,56,57,31.88504548,32.56423664,32.72724842,33.64702881,31.99926513,128.39,82620000,,,,
1008,四川,2016,12,Sichuan,4.93,7.72,65.02,191,48,19,41,121,1.2,44,78,33.05327199,32.46915874,30.1155093,30.89748892,30.19248592,130.19,82620000,,,,
1009,四川,2017,1,Sichuan,4.16,5.02,55.63,150,49,20,40,130,1.2,55,88,25.40821042,29.2307412,28.61131878,29.42975046,31.2832464,141.1,83020000,,,,
1010,四川,2017,2,Sichuan,5.62,14.7,57.55,71,50,17,35,94,1,68,61,27.37247394,26.39034218,30.49263818,31.13279663,31.89780204,117.53,83020000,,,,
1011,四川,2017,3,Sichuan,8.26,33.2,60.64,131,51,15,35,72,0.8,79,42,38.69723018,33.03485206,33.6758426,31.60893455,32.23443813,122.27,83020000,,,,
1012,四川,2017,4,Sichuan,13.13,68.45,62.12,215,52,15,32,62,0.7,105,33,34.95782367,36.82752692,36.13050209,33.94099506,32.92056168,164.26,83020000,,,,
1013,四川,2017,5,Sichuan,16.13,82.99,63.3,329,53,15,31,68,0.7,118,38,34.73645243,34.84713805,32.84436809,34.30758361,32.05934599,180.12,83020000,,,,
1014,四川,2017,6,Sichuan,18.51,164.17,72.28,354,54,13,27,51,0.7,105,29,28.83882816,31.7876403,28.8805587,30.39987494,29.55202569,130.04,83020000,,,,
1015,四川,2017,7,Sichuan,20.87,149.07,71.72,167,55,13,24,45,0.7,129,25,23.06639551,25.95261183,26.02195079,28.2005762,28.96690272,200.01,83020000,,,,
1016,四川,2017,8,Sichuan,21.14,159.32,73.81,80,56,10,21,36,0.6,112,20,26.1606287,24.61351211,27.086411,27.52451529,29.09813059,168.42,83020000,,,,
1017,四川,2017,9,Sichuan,17.97,126.87,77.86,75,57,12,25,42,0.7,79,24,32.0322088,29.09641875,31.19514309,29.16295619,30.3210388,117.4,83020000,,,,
1018,四川,2017,10,Sichuan,13.36,81.13,77.99,100,58,12,27,41,0.7,55,24,35.39259176,33.71240028,34.1260566,32.13469963,31.6533035,103.83,83020000,,,,
1019,四川,2017,11,Sichuan,8.07,13.23,67.82,169,59,14,36,77,0.9,61,48,34.95336924,35.1729805,33.35789333,33.02647219,31.34797973,145.69,83020000,,,,
1020,四川,2017,12,Sichuan,4.36,2.82,61.43,167,60,16,45,120,1.1,54,76,29.72771898,32.34054411,29.77169936,31.17692246,30.34712179,152.59,83020000,,,,
1021,四川,2018,1,Sichuan,2.95,8.56,55.33,109,61,15,41,98,1.1,62,64,24.63400985,27.18086442,27.12988264,29.08575429,31.30675466,150.48,83410000,,,,
1022,四川,2018,2,Sichuan,5.17,9.05,55,46,62,14,32,96,1,82,62,27.0279191,25.83096448,30.61756169,30.39510101,31.60546204,133.41,83410000,,,,
1023,四川,2018,3,Sichuan,10.13,38.17,59.46,90,63,14,35,74,0.8,102,44,40.19075611,33.60933761,34.55519379,32.07489781,32.68449839,177.57,83410000,,,,
1024,四川,2018,4,Sichuan,13.86,116.8,58.28,163,64,13,32,74,0.7,124,36,36.44690616,38.31883114,37.25352099,34.69712052,33.5700501,178.1,83410000,,,,
1025,四川,2018,5,Sichuan,16.92,120.2,64.82,267,65,13,28,65,0.6,122,33,35.12290071,35.78490343,33.54385843,35.20558285,33.01676266,156.78,83410000,,,,
1026,四川,2018,6,Sichuan,18.91,168.09,74.63,268,66,12,25,42,0.7,109,23,29.06176843,32.09233457,29.48205035,31.2232643,30.29720141,125.77,83410000,,,,
1027,四川,2018,7,Sichuan,21.02,217.66,77.39,143,67,11,21,36,0.7,106,20,24.2614819,26.66162517,26.6387334,28.75977522,30.06998141,137.33,83410000,,,,
1028,四川,2018,8,Sichuan,20.9,136.9,73.47,69,68,12,24,46,0.7,125,27,26.59294986,25.42721588,28.72174597,28.80675158,30.45338944,195.25,83410000,,,,
1029,四川,2018,9,Sichuan,17.35,124.62,78.99,77,69,11,23,37,0.7,83,22,35.31080614,30.951878,32.98123228,30.80129469,31.60326387,104,83410000,,,,
1030,四川,2018,10,Sichuan,11.17,52.28,75.46,137,70,11,31,56,0.7,63,35,37.03994085,36.1753735,35.72062919,33.43870936,33.1751905,117.17,83410000,,,,
1031,四川,2018,11,Sichuan,6.71,17.28,66.63,203,71,11,34,70,0.8,57,46,34.81114058,35.92554071,34.65739883,34.82075066,32.31219736,147.77,83410000,,,,
1032,四川,2018,12,Sichuan,3.39,12.4,62.23,251,72,11,34,85,1,43,55,32.12111507,33.46612782,29.7367466,31.56254517,30.43595337,134.15,83410000,,,,
1033,四川,2019,1,Sichuan,5.8,6.4,82,145,73,8,55,115,1.12,43,78,22.27798417,27.19954962,26.77622848,28.7849565,31.59158238,51.3,83750000,,,,
1034,四川,2019,2,Sichuan,7.2,10.4,80,43,74,6,38,81,0.93,57,56,25.9295862,24.10378518,30.34188541,30.78669283,31.27585012,47.8,83750000,,,,
1035,四川,2019,3,Sichuan,12.2,34.4,79,113,75,7,51,78,0.8,78,44,42.81808588,34.37383604,33.99338379,31.06453388,31.95013355,76.1,83750000,,,,
1036,四川,2019,4,Sichuan,18.9,47.4,80,158,76,8,44,70,0.82,120,40,33.23247929,38.02528258,37.18103246,34.36817089,33.75442975,127.7,83750000,,,,
1037,四川,2019,5,Sichuan,19.8,118.3,85,222,77,6,36,57,0.77,112,33,35.4925322,34.36250575,33.34149222,35.71064064,33.35302578,68.1,83750000,,,,
1038,四川,2019,6,Sichuan,24.3,47.5,82,265,78,6,31,42,0.74,126,24,31.29946517,33.39599869,30.23818791,30.98676075,30.25365005,99.8,83750000,,,,
1039,四川,2019,7,Sichuan,24.6,279.4,89,151,79,5,37,38,0.77,108,21,23.92256635,27.61101576,27.51441291,29.50894274,31.21447042,77.1,83750000,,,,
1040,四川,2019,8,Sichuan,25.7,218.8,85,64,80,6,39,51,0.79,146,28,27.32120722,25.62188679,29.76011825,30.14495498,31.03038243,137,83750000,,,,
1041,四川,2019,9,Sichuan,20.6,248.8,93,103,81,6,38,50,0.81,76,30,38.03658117,32.6788942,33.30996022,30.96311175,31.70045387,37.7,83750000,,,,
1042,四川,2019,10,Sichuan,17.3,76.2,88,144,82,6,40,49,0.7,57,31,34.57209226,36.30433671,35.75283193,33.64492575,32.96167162,41.6,83750000,,,,
1043,四川,2019,11,Sichuan,12,19.9,86,200,83,7,41,75,0.7,39,47,34.64982236,34.61095731,33.15018991,34.37178772,31.52684659,23.6,83750000,,,,
1044,四川,2019,12,Sichuan,8,0.3,82,204,84,8,53,109,0.96,35,78,30.22865511,32.43923873,28.34185317,29.89941294,28.16292991,70.7,83750000,,,,
1045,四川,2020,1,Sichuan,7.1,13,83,91,85,7,42,87,0.99,47,69,20.14708204,25.18786857,23.86424498,26.56063933,28.3744351,62.7,83710000,,,,
1046,四川,2020,2,Sichuan,9.7,4.2,76,17,86,6,22,69,0.71,77,52,21.2169978,20.68203992,25.66456602,26.80558829,27.87376937,73.3,83710000,,,,
1047,四川,2020,3,Sichuan,13.5,25.3,74,23,87,8,39,74,0.64,87,40,35.62961821,28.42330801,29.6643699,27.28504794,29.41993714,88.1,83710000,,,,
1048,四川,2020,4,Sichuan,16,25.7,73,20,88,6,43,67,0.65,109,39,32.1464937,33.88805596,35.24520196,31.73815092,32.0323459,104.3,83710000,,,,
1049,四川,2020,5,Sichuan,22.6,59.5,69,38,89,6,40,74,0.59,151,41,37.95949397,35.05299383,34.43837116,34.73618292,34.58461199,128,83710000,,,,
1050,四川,2020,6,Sichuan,24.8,104.4,78,43,90,5,32,50,0.66,145,29,33.20912581,35.58430989,35.04898268,34.32336043,33.43280407,99.8,83710000,,,,
1051,四川,2020,7,Sichuan,25,101.8,84,59,91,5,28,37,0.67,115,21,33.97832826,33.59372703,32.35267756,33.75438167,33.81200848,77.6,83710000,,,,
1052,四川,2020,8,Sichuan,24.8,747.2,87,49,92,5,29,38,0.66,121,24,29.87057862,31.92445344,32.63047421,32.77513711,33.22116491,103,83710000,,,,
1053,四川,2020,9,Sichuan,21.2,52.8,87,51,93,6,33,41,0.68,85,24,34.04251574,31.95654718,32.97279016,33.22417469,33.31938614,47.5,83710000,,,,
1054,四川,2020,10,Sichuan,15.9,60,85,70,94,5,35,49,0.69,47,30,35.00527613,34.52389593,34.24934126,33.1546506,34.00884298,21.9,83710000,,,,
1055,四川,2020,11,Sichuan,13,4.2,83,83,95,8,51,89,0.79,47,57,33.70023192,34.35275403,35.37704018,35.04340907,35.04340907,27.2,83710000,,,,
1056,四川,2020,12,Sichuan,5.6,13.7,85,116,96,6,46,92,0.86,28,64,37.42561249,35.56292221,35.56292221,35.37704018,35.37704018,94,83710000,,,,
1057,湖北,2013,1,Hubei,3.99,14.5,73.65,30,1,57,92,223,2.1,26,200,5.003525115,5.003525115,19.13039361,19.13039361,26.35027546,116.63,57990000,,,,
1058,湖北,2013,2,Hubei,6.25,33.47,82.52,15,2,44,48,122,1.6,53,116,33.2572621,19.13039361,26.35027546,26.35027546,27.87656189,61.01,57990000,,,,
1059,湖北,2013,3,Hubei,12.9,65,69.55,38,3,50,57,150,1.3,80,93,40.79003917,37.02365064,35.50090748,27.87656189,28.6030541,152.8,57990000,,,,
1060,湖北,2013,4,Hubei,17.04,97.16,67.65,48,4,44,54,123,1.1,116,74,32.45542117,36.62273017,34.91816109,34.50293635,33.47435407,183.77,57990000,,,,
1061,湖北,2013,5,Hubei,22.02,180.22,76.58,46,5,36,53,107,1.1,134,69,31.50902294,31.98222206,31.10815637,33.52862707,32.15650199,152.65,57990000,,,,
1062,湖北,2013,6,Hubei,25.86,166.08,77.16,38,6,27,39,76,0.9,133,44,29.36002499,30.43452396,29.17901654,29.9981177,29.5339149,199.15,57990000,,,,
1063,湖北,2013,7,Hubei,29.59,132.14,75.03,23,7,30,30,64,0.6,116,29,26.66800169,28.01401334,27.90171013,28.80353833,29.89155477,231.16,57990000,,,,
1064,湖北,2013,8,Hubei,29.3,113.51,71.32,13,8,32,34,83,0.8,141,37,27.67710372,27.1725527,29.52957531,29.48718773,31.29489008,239.24,57990000,,,,
1065,湖北,2013,9,Hubei,22.27,142.49,79.84,12,9,39,52,104,1.2,127,63,34.24362053,30.96036212,33.48214124,31.77860635,32.94043584,142.88,57990000,,,,
1066,湖北,2013,10,Hubei,18.2,22.47,69.61,21,10,46,78,184,1.4,128,117,38.52569947,36.38466,36.78569127,34.50854438,34.92809555,174.55,57990000,,,,
1067,湖北,2013,11,Hubei,12.05,46.48,75.16,35,11,49,74,167,1.5,57,106,37.5877538,38.05672664,37.57325117,36.74084351,34.31487569,129.77,57990000,,,,
1068,湖北,2013,12,Hubei,5.96,6.47,65.45,59,12,90,88,242,2.1,39,177,36.60630022,37.09702701,32.93501948,34.33268948,32.97368194,137.85,57990000,,,,
1069,湖北,2014,1,Hubei,6.37,21.64,65.39,47,13,79,60,266,2.2,54,196,24.61100442,30.60865232,29.58498547,31.58567755,34.05129424,134.51,58160000,,,,
1070,湖北,2014,2,Hubei,4.86,62.09,78.42,15,14,55,35,150,1.7,59,120,27.53765176,26.07432809,32.02080572,33.16717935,32.74302473,47.12,58160000,,,,
1071,湖北,2014,3,Hubei,12.8,54.45,70.74,46,15,53,47,154,1.4,78,95,43.91376098,35.72570637,34.16593967,31.77720586,32.86180291,136.11,58160000,,,,
1072,湖北,2014,4,Hubei,17.05,141.37,77,49,16,43,46,112,1.1,96,68,31.04640625,37.48008362,37.38678612,34.92450253,34.70728496,108.15,58160000,,,,
1073,湖北,2014,5,Hubei,21.03,117.14,73.9,65,17,36,46,150,1.1,99,80,37.20019113,34.12329869,34.02833736,36.49969326,33.4004442,130.57,58160000,,,,
1074,湖北,2014,6,Hubei,24.99,99.09,76.68,96,18,28,39,127,1.1,122,79,33.83841469,35.51930291,30.68068459,30.772115,29.48130416,110.16,58160000,,,,
1075,湖北,2014,7,Hubei,27.16,148.91,78.29,48,19,27,31,89,1,100,49,21.00344794,27.42093132,26.38664114,29.09002864,31.50607511,214.25,58160000,,,,
1076,湖北,2014,8,Hubei,25.36,156.04,80.97,11,20,28,30,79,1,103,48,24.3180608,22.66075437,28.83058991,30.0825461,30.95059217,140.84,58160000,,,,
1077,湖北,2014,9,Hubei,22.81,141.91,83.16,24,21,29,32,88,1.1,78,54,41.17026098,32.74416089,33.3036994,30.22863654,32.30361418,108.86,58160000,,,,
1078,湖北,2014,10,Hubei,18.49,111.03,76.03,28,22,39,49,147,1.3,94,90,34.42277642,37.7965187,38.73218738,35.12865574,35.68867215,156.43,58160000,,,,
1079,湖北,2014,11,Hubei,11.84,91.83,78.52,60,23,39,49,112,1.2,52,78,40.60352474,37.51315058,37.65167965,38.53132498,36.78304472,86.88,58160000,,,,
1080,湖北,2014,12,Hubei,5.88,3.32,63.55,100,24,48,52,143,1.3,49,92,37.92873779,39.26613126,36.10739541,35.68624066,33.29870632,147.25,58160000,,,,
1081,湖北,2015,1,Hubei,6.14,25.68,70.32,138,25,40,52,179,1.8,51,125,29.78992369,33.85933074,30.48907681,33.01768879,34.27286628,96.83,58520000,,,,
1082,湖北,2015,2,Hubei,7.17,80.52,74.61,45,26,27,37,144,1.6,66,101,23.74856895,26.76924632,30.94402296,32.69020167,33.55521582,87.26,58520000,,,,
1083,湖北,2015,3,Hubei,11.93,61.59,74.19,60,27,22,32,111,1.3,76,69,39.29357626,31.5210726,33.35247254,32.46183532,32.64241012,116.98,58520000,,,,
1084,湖北,2015,4,Hubei,16.55,140.23,73.58,107,28,20,30,94,1.2,101,53,37.0152724,38.15442433,36.55785265,33.35553173,32.65422126,165.09,58520000,,,,
1085,湖北,2015,5,Hubei,21.99,166.2,76.29,132,29,17,25,100,1.2,118,62,33.3647093,35.18999085,33.4096537,34.88063434,32.81346128,157.78,58520000,,,,
1086,湖北,2015,6,Hubei,24.28,188.51,82.9,118,30,13,21,72,1.1,100,43,29.84897939,31.60684435,29.25281924,31.19343253,30.56916521,94.45,58520000,,,,
1087,湖北,2015,7,Hubei,26.34,136.7,78.23,63,31,11,18,63,0.9,107,38,24.54476902,27.19687421,27.48861479,28.95763842,31.27283132,201.78,58520000,,,,
1088,湖北,2015,8,Hubei,26.84,90.73,74.74,28,32,12,18,67,1,118,41,28.07209595,26.30843249,31.05015597,30.74986182,32.16030159,235.27,58520000,,,,
1089,湖北,2015,9,Hubei,23.19,102.98,76.42,46,33,14,23,79,1.1,125,51,40.53360293,34.30284944,35.46925318,32.73813214,33.4388822,133.31,58520000,,,,
1090,湖北,2015,10,Hubei,18.65,69.78,73.26,89,34,21,34,107,1.2,112,66,37.80206065,39.16783179,38.19251534,35.6624105,35.6282964,163.85,58520000,,,,
1091,湖北,2015,11,Hubei,10.9,79.02,86.68,127,35,14,31,71,1.3,42,49,36.24188246,37.02197155,36.5119277,37.51734651,34.9661948,51.14,58520000,,,,
1092,湖北,2015,12,Hubei,6.49,19.41,75.9,190,36,21,40,126,1.3,42,87,35.49184,35.86686123,32.16510347,33.57434276,32.02539098,88.12,58520000,,,,
1093,湖北,2016,1,Hubei,3.83,35.63,76.35,138,37,21,40,137,1.5,46,97,24.76158794,30.12671397,28.69433726,30.58122356,32.49552069,NA,58850000,,,,
1094,湖北,2016,2,Hubei,7.61,27.51,62.77,44,38,19,32,115,1.2,81,71,25.82958384,25.29558589,30.24796033,31.55893025,32.19398211,142.35,58850000,,,,
1095,湖北,2016,3,Hubei,12.24,63.51,68.74,79,39,20,36,118,1.2,97,71,40.1527092,32.99114652,33.57216087,31.36951764,32.23962454,99.17,58850000,,,,
1096,湖北,2016,4,Hubei,18.33,155.67,78.35,104,40,14,29,76,1.1,105,42,34.73418958,37.44344939,36.86898364,34.10913369,32.66974187,125.01,58850000,,,,
1097,湖北,2016,5,Hubei,20.56,139.18,76.35,151,41,12,23,78,1,112,42,35.72005213,35.22712085,32.4554721,34.37978137,32.34251938,136.23,58850000,,,,
1098,湖北,2016,6,Hubei,24.54,240.26,80.13,124,42,10,20,57,1,106,32,26.91217459,31.31611336,28.94189937,30.38997193,30.83303335,145.79,58850000,,,,
1099,湖北,2016,7,Hubei,28.15,204.64,80.13,46,43,9,16,48,0.9,97,27,24.19347141,25.552823,27.90364168,29.85774429,30.58957235,203.19,58850000,,,,
1100,湖北,2016,8,Hubei,28.14,115.15,76.32,36,44,10,18,63,0.9,122,36,32.60527906,28.39937523,30.10521168,29.3069524,30.83843437,196.24,58850000,,,,
1101,湖北,2016,9,Hubei,24.37,56.78,68.03,41,45,15,28,83,1,135,49,33.51688456,33.06108181,34.36217529,31.81999932,33.21845781,120,58850000,,,,
1102,湖北,2016,10,Hubei,17.69,4.43,82.69,49,46,10,28,56,1.1,63,36,36.96436225,35.24062341,36.43117953,35.47470441,34.09063766,63.12,58850000,,,,
1103,湖北,2016,11,Hubei,11.19,71.11,83.29,104,47,14,36,88,1.2,49,59,38.81229178,37.88832702,34.77700823,34.46197731,33.11066366,69.94,58850000,,,,
1104,湖北,2016,12,Hubei,7.58,36.95,78.06,95,48,17,47,127,1.4,50,92,28.55437066,33.68333122,31.6906905,33.00910844,33.05060117,102.75,58850000,,,,
1105,湖北,2017,1,Hubei,6.11,34.63,73.96,53,49,17,41,130,1.5,55,96,27.70540906,28.12988986,29.8254506,32.07216089,32.8333167,77.57,59020000,,,,
1106,湖北,2017,2,Hubei,7.2,41.11,72.41,47,50,17,36,100,1.3,70,71,33.21657208,30.46099057,32.26664036,31.33857293,32.40147199,93.28,59020000,,,,
1107,湖北,2017,3,Hubei,10.91,90.81,72.67,61,51,16,38,94,1.2,83,59,35.87793994,34.54725601,35.24919342,33.36324733,33.66112001,95.89,59020000,,,,
1108,湖北,2017,4,Hubei,17.28,131.32,73.7,88,52,15,32,79,1.2,104,43,36.65306824,36.26550409,35.79453963,35.15004774,33.98474354,159.29,59020000,,,,
1109,湖北,2017,5,Hubei,21.96,113.99,71.74,124,53,13,29,86,1.1,128,44,34.85261072,35.75283948,33.60973523,34.17678641,32.73334017,198.05,59020000,,,,
1110,湖北,2017,6,Hubei,24.35,175.03,80.36,109,54,10,23,61,1,119,37,29.32352674,32.08806873,30.37856422,31.94719023,31.30143511,124.78,59020000,,,,
1111,湖北,2017,7,Hubei,28.8,141.68,76.65,62,55,9,18,52,0.9,105,29,26.95955522,28.14154098,28.3338322,29.96352683,29.85165677,236.02,59020000,,,,
1112,湖北,2017,8,Hubei,27.53,163.34,81.01,39,56,9,19,49,1,106,29,28.71841465,27.83898493,28.36071546,28.60141828,30.73452922,173.51,59020000,,,,
1113,湖北,2017,9,Hubei,22.49,188.58,86.69,28,57,10,25,54,1,97,32,29.40417653,29.06129559,32.46318804,31.08727983,33.54631217,92.69,59020000,,,,
1114,湖北,2017,10,Hubei,16.22,163.16,86.31,30,58,10,28,55,1,74,34,39.26697294,34.33557473,37.35119699,35.1930014,34.57215844,76.65,59020000,,,,
1115,湖北,2017,11,Hubei,11.74,21.18,74.52,109,59,15,45,105,1.2,69,69,43.38244149,41.32470722,38.24606701,36.03559439,34.29356832,112.8,59020000,,,,
1116,湖北,2017,12,Hubei,6.56,4.53,65.76,118,60,18,53,125,1.3,54,89,32.0887866,37.73561405,34.26556404,35.51591627,33.2496842,132.97,59020000,,,,
1117,湖北,2018,1,Hubei,2.49,65.61,79.09,107,61,13,41,109,1.4,54,84,27.32546402,29.70712531,27.86633552,31.74536201,34.18444223,86.61,59170000,,,,
1118,湖北,2018,2,Hubei,6.19,30.22,69.01,32,62,13,36,109,1.2,74,72,24.18475592,25.75510997,31.81699435,31.88494241,33.68098975,120.88,59170000,,,,
1119,湖北,2018,3,Hubei,12.97,98.65,78.11,56,63,12,34,77,1.1,88,50,43.9407631,34.06275951,36.33023272,34.07904054,34.23867106,130.72,59170000,,,,
1120,湖北,2018,4,Hubei,18.32,NA,72.98,150,64,12,30,101,1,110,44,40.86517913,42.40297111,39.89437846,35.96697283,34.82231922,163.02,59170000,,,,
1121,湖北,2018,5,Hubei,22.08,210.76,79.5,218,65,9,25,72,0.9,110,35,34.87719315,37.87118614,35.32869236,37.48171004,34.92312427,114.73,59170000,,,,
1122,湖北,2018,6,Hubei,26.01,109.81,74.82,214,66,10,23,54,0.9,135,30,30.24370478,32.56044897,29.9365597,32.66871456,31.67331632,190.28,59170000,,,,
1123,湖北,2018,7,Hubei,28.66,146.96,79.36,107,67,9,19,45,0.9,113,25,24.68878117,27.46624298,27.5414031,29.37535062,30.92712901,198.78,59170000,,,,
1124,湖北,2018,8,Hubei,28.59,85.09,74.32,51,68,8,18,48,0.9,128,27,27.69172335,26.19025226,29.83824904,29.93961298,32.3136466,248.94,59170000,,,,
1125,湖北,2018,9,Hubei,23.14,97.46,76.68,58,69,10,26,57,1,118,30,37.13424261,32.41298298,35.54524901,32.83113205,34.25103314,123.16,59170000,,,,
1126,湖北,2018,10,Hubei,17.1,25.69,68.26,122,70,13,37,72,0.9,114,40,41.80978107,39.47201184,39.62488706,36.64159613,35.86752762,160.38,59170000,,,,
1127,湖北,2018,11,Hubei,11.61,73.89,80.51,276,71,12,40,88,1.1,70,57,39.9306375,40.87020929,38.17055738,37.91147868,34.81441361,105.36,59170000,,,,
1128,湖北,2018,12,Hubei,5.17,47.71,77.11,367,72,12,40,108,1.2,41,73,32.77125355,36.35094553,31.70934813,34.23445636,32.58683679,44.84,59170000,,,,
1129,湖北,2019,1,Hubei,3.7,59.9,82,190,73,9,56,105,1.39,34,94,22.42615332,27.59870344,27.06458846,30.28110072,32.59831994,47.6,59270000,,,,
1130,湖北,2019,2,Hubei,4.1,66,87,54,74,7,35,77,0.97,47,64,25.99635851,24.21125592,30.09656956,30.76524055,31.18706378,19.4,59270000,,,,
1131,湖北,2019,3,Hubei,12.5,60.5,77,114,75,10,54,86,1,82,49,41.86719684,33.93177767,33.57930401,30.79101634,31.53044364,135.8,59270000,,,,
1132,湖北,2019,4,Hubei,17.7,144.6,79,138,76,9,42,67,1.04,109,37,32.8743567,37.37077677,36.40990212,33.80651622,33.1543069,134.2,59270000,,,,
1133,湖北,2019,5,Hubei,21.4,189.2,75,158,77,8,47,80,0.89,124,37,34.48815283,33.68125476,32.63599305,34.94379399,32.74238435,136.1,59270000,,,,
1134,湖北,2019,6,Hubei,26.1,335.6,81,157,78,6,33,51,0.92,145,28,30.54546961,32.51681122,29.65678941,30.46118123,30.24476278,146.9,59270000,,,,
1135,湖北,2019,7,Hubei,29.3,62.1,77,77,79,6,29,47,0.83,127,25,23.93674578,27.24110769,27.95376812,29.5873643,31.80142972,220.8,59270000,,,,
1136,湖北,2019,8,Hubei,30.4,14.4,70,35,80,8,30,53,0.94,158,30,29.37908899,26.65791738,31.32450871,31.12974894,32.82108581,242.3,59270000,,,,
1137,湖北,2019,9,Hubei,25.1,1.6,68,65,81,12,41,63,0.94,160,34,40.65769137,35.01839018,36.54107123,33.38998987,34.43095158,200.3,59270000,,,,
1138,湖北,2019,10,Hubei,18.3,35.6,79,113,82,9,42,57,0.87,103,32,39.58643333,40.12206235,39.61297437,37.05450303,35.73852394,126.5,59270000,,,,
1139,湖北,2019,11,Hubei,12.9,56.7,77,251,83,11,58,88,0.94,72,48,38.59479842,39.09061587,36.21861311,37.32838267,32.64725672,108.3,59270000,,,,
1140,湖北,2019,12,Hubei,6.5,27.1,80,233,84,11,63,97,1.13,39,67,30.47460757,34.534703,27.66405296,30.64464805,26.35049314,103.5,59270000,,,,
1141,湖北,2020,1,Hubei,4.1,113.2,86,75,85,7,37,70,0.98,48,60,13.92275289,22.19868023,17.85707798,23.04150809,27.57807978,93.9,57450000,,,,
1142,湖北,2020,2,Hubei,8.6,106.9,81,2,86,8,21,46,0.92,75,38,9.173873492,11.54831319,22.94033097,24.82390012,26.43629562,173.4,57450000,,,,
1143,湖北,2020,3,Hubei,13,84.4,79,4,87,9,22,53,0.95,90,34,45.72436653,27.44912001,29.26137255,25.42671763,28.44768002,224.7,57450000,,,,
1144,湖北,2020,4,Hubei,16.8,45.9,71,5,88,9,36,59,0.73,120,34,32.88587763,39.30512208,39.71392457,32.0789118,33.31242394,212.5,57450000,,,,
1145,湖北,2020,5,Hubei,23.1,124.3,77,8,89,8,36,62,0.81,127,35,40.53152956,36.70870359,37.22129322,39.34706155,37.17411024,155.2,57450000,,,,
1146,湖北,2020,6,Hubei,26.5,420.4,86,17,90,6,26,31,0.78,103,20,38.24647248,39.38900102,35.75343567,35.03654616,34.53988821,97.1,57450000,,,,
1147,湖北,2020,7,Hubei,26.5,553.6,88,15,91,6,26,33,0.8,102,22,28.48230498,33.36438873,33.09401129,34.95339085,35.09138289,62,57450000,,,,
1148,湖北,2020,8,Hubei,30,121,76,10,92,6,26,41,0.68,123,21,32.5532564,30.51778069,32.22630414,33.73134623,33.17589108,240.6,57450000,,,,
1149,湖北,2020,9,Hubei,23.1,169.2,85,17,93,7,37,51,0.84,123,30,35.64335105,34.09830373,33.05022598,31.90824573,33.8055965,99.4,57450000,,,,
1150,湖北,2020,10,Hubei,16.7,173.1,85,12,94,8,48,68,0.9,85,36,30.95407049,33.29871077,35.99747371,35.13641938,32.79872952,98.5,57450000,,,,
1151,湖北,2020,11,Hubei,12.5,81.9,82,23,95,10,53,70,0.83,67,40,41.39499957,36.17453503,31.93234672,32.8600978,32.8600978,113.2,57450000,,,,
1152,湖北,2020,12,Hubei,4.8,18.4,76,21,96,12,64,105,1.04,44,80,23.44797008,32.42148483,32.42148483,31.93234672,31.93234672,83.3,57450000,,,,
1153,上海,2013,1,Shanghai,4.6,22.8,70,250,1,30,67,109,1.3,41,91,5.975771367,5.975771367,25.19913702,25.19913702,38.99173997,76.25,24150000,,,,
1154,上海,2013,2,Shanghai,6.8,81.5,75,53,2,19,39,72,0.9,85,59,44.42250268,25.19913702,38.99173997,38.99173997,42.17472593,70.55,24150000,,,,
1155,上海,2013,3,Shanghai,11,58.1,65,150,3,23,52,96,1,99,63,66.57694587,55.49972427,54.24104411,42.17472593,44.41867895,153.3,24150000,,,,
1156,上海,2013,4,Shanghai,15.3,72.5,57,179,4,25,50,94,1,117,61,51.7236838,59.15031483,57.2317069,54.02940585,51.424139,203.9,24150000,,,,
1157,上海,2013,5,Shanghai,21.3,117.7,71,213,5,16,37,74,0.9,121,57,53.39449105,52.55908742,48.70708215,53.17454808,50.0173837,156.5,24150000,,,,
1158,上海,2013,6,Shanghai,24.1,183.5,77,155,6,13,35,63,0.8,105,53,41.0030716,47.19878132,43.92876295,45.87749316,46.78671593,72.3,24150000,,,,
1159,上海,2013,7,Shanghai,32,102.1,58,54,7,15,32,72,0.7,148,43,37.3887262,39.1958989,42.93846827,45.55247396,47.36100093,263.25,24150000,,,,
1160,上海,2013,8,Shanghai,31,111.5,63,41,8,13,25,56,0.7,121,33,50.42360701,43.9061666,47.46914734,45.8526284,49.04413927,242.15,24150000,,,,
1161,上海,2013,9,Shanghai,25,61.1,74,47,9,13,30,47,0.7,97,27,54.59510881,52.50935791,55.60963286,51.05440619,54.18321164,177.05,24150000,,,,
1162,上海,2013,10,Shanghai,20,291.7,72,75,10,15,32,59,0.7,95,33,61.81018277,58.20264579,61.034575,58.381833,58.14766705,136.05,24150000,,,,
1163,上海,2013,11,Shanghai,13.4,20.4,67,187,11,36,64,124,1.1,77,82,66.69843342,64.25430809,61.90653982,60.07868206,55.36371615,109.65,24150000,,,,
1164,上海,2013,12,Shanghai,6.1,50.5,69,367,12,49,74,144,1.4,49,132,57.21100327,61.95471834,53.47109639,55.55586798,53.12664317,75.1,24150000,,,,
1165,上海,2014,1,Shanghai,6.8,19.8,70,244,13,28,53,92,0.9,56,76,36.50385247,46.85742787,45.70819989,50.95575827,55.10666059,108.65,24260000,,,,
1166,上海,2014,2,Shanghai,6.1,143.9,80,75,14,16,37,58,0.8,76,51,43.40974392,39.9567982,50.54128876,52.20871739,52.74449851,55.45,24260000,,,,
1167,上海,2014,3,Shanghai,11.5,59.6,69,251,15,20,51,83,0.8,105,57,71.71026988,57.5600069,56.66921226,51.62787231,52.97925471,155.35,24260000,,,,
1168,上海,2014,4,Shanghai,15.7,139.4,75,362,16,15,47,71,0.7,109,52,54.88762298,63.29894643,61.66089239,57.09810527,53.79582351,121.25,24260000,,,,
1169,上海,2014,5,Shanghai,21.7,61.5,64,640,17,17,42,103,0.7,145,63,58.38478431,56.63620365,51.28636792,56.39234341,51.17331182,182.3,24260000,,,,
1170,上海,2014,6,Shanghai,23.3,175.9,80,510,18,11,36,60,0.7,118,44,40.58669646,49.48574039,43.08955541,46.03907231,45.13281842,71.75,24260000,,,,
1171,上海,2014,7,Shanghai,27.4,192.2,81,138,19,11,32,64,0.7,110,44,30.29718547,35.44194097,37.46389494,42.69411728,46.30447196,127.5,24260000,,,,
1172,上海,2014,8,Shanghai,26.3,229.3,82,47,20,12,34,53,0.7,112,37,41.50780288,35.90249418,44.18362635,43.28439388,47.24974601,81.55,24260000,,,,
1173,上海,2014,9,Shanghai,24.2,196,80,71,21,13,32,52,0.7,116,34,60.74589069,51.12684678,55.12161604,48.9155084,52.4066975,103.5,24260000,,,,
1174,上海,2014,10,Shanghai,20.2,37.3,68,134,22,15,41,69,0.8,118,38,63.11115455,61.92852262,63.40949971,57.93407551,58.28995108,183.75,24260000,,,,
1175,上海,2014,11,Shanghai,14.8,34.6,71,373,23,17,52,71,0.8,85,51,66.3714539,64.74130423,63.06535394,62.48548812,57.20950808,83.6,24260000,,,,
1176,上海,2014,12,Shanghai,5.7,5.8,60,729,24,36,69,114,1.1,48,71,59.71345335,63.04245363,54.06349839,56.32541243,51.48937973,129.45,24260000,,,,
1177,上海,2015,1,Shanghai,6,61.1,69,663,25,29,63,110,1.1,58,81,36.10558791,47.90952063,42.65476339,48.58393602,53.92694901,115.25,24150000,,,,
1178,上海,2015,2,Shanghai,6.8,81.1,71,100,26,20,47,87,0.9,83,63,32.14524892,34.12541841,47.84994593,50.81582278,52.11421748,97.15,24150000,,,,
1179,上海,2015,3,Shanghai,10.6,96.4,73,299,27,15,48,71,0.9,104,53,75.29900095,53.72212493,54.91734872,50.21440852,50.87054537,137.9,24150000,,,,
1180,上海,2015,4,Shanghai,15.9,108.9,67,612,28,16,53,87,0.8,125,54,57.3077963,66.30339862,62.03396334,54.56178473,51.35709,173.9,24150000,,,,
1181,上海,2015,5,Shanghai,20.5,131.4,71,872,29,11,37,58,0.7,126,39,53.49509277,55.40144453,49.78040004,56.16005026,51.00508666,162.65,24150000,,,,
1182,上海,2015,6,Shanghai,24.2,NA,80,606,30,11,36,57,0.7,130,43,38.53831104,46.01670191,40.80621201,44.93160808,44.75264353,82.35,24150000,,,,
1183,上海,2015,7,Shanghai,26.7,173.1,79,150,31,11,31,57,0.7,133,39,30.38523223,34.46177164,37.65344286,41.61385534,45.54174544,121.1,24150000,,,,
1184,上海,2015,8,Shanghai,27.8,125.6,75,66,32,12,27,57,0.7,135,39,44.03678531,37.21100877,45.22510779,43.55340861,47.82191725,161.95,24150000,,,,
1185,上海,2015,9,Shanghai,24.2,140.4,74,98,33,12,31,49,0.7,132,33,61.25330584,52.64504558,56.72868099,50.1428188,51.50845052,146.1,24150000,,,,
1186,上海,2015,10,Shanghai,19.6,49.1,71,237,34,16,49,73,0.8,126,47,64.8959518,63.07462882,61.04007836,56.78925509,55.24124886,158.3,24150000,,,,
1187,上海,2015,11,Shanghai,14,113.9,81,480,35,16,57,73,1.1,69,57,56.97097742,60.93346461,56.97205105,58.04236475,54.1533847,59.6,24150000,,,,
1188,上海,2015,12,Shanghai,7.8,81.4,74,496,36,25,67,104,1.2,51,81,49.04922392,53.01010067,48.20588862,52.37840442,49.987623,94.35,24150000,,,,
1189,上海,2016,1,Shanghai,4.4,78.6,72,354,37,24,57,90,1,69,69,38.59746453,43.82334422,42.69039526,46.2605408,50.05263883,NA,24200000,,,,
1190,上海,2016,2,Shanghai,6.9,23.1,64,114,38,19,43,77,0.8,96,54,40.42449733,39.51098093,48.0809976,48.32305418,49.28406317,NA,24200000,,,,
1191,上海,2016,3,Shanghai,11,49.3,68,253,39,16,49,75,0.7,106,52,65.22103094,52.82276413,52.92454247,49.34277298,49.80021345,128,24200000,,,,
1192,上海,2016,4,Shanghai,16.7,142.7,75,363,40,14,50,81,0.7,125,55,53.12809914,59.17456504,56.65970181,52.60090069,49.48217204,119,24200000,,,,
1193,上海,2016,5,Shanghai,20.6,159.5,76,464,41,12,41,76,0.7,134,50,51.62997534,52.37903724,47.25511064,51.74659071,47.84863774,122.5,24200000,,,,
1194,上海,2016,6,Shanghai,24.2,239.2,83,291,42,10,36,53,0.7,121,39,37.00725744,44.31861639,40.29801954,43.50553944,45.12009474,91.5,24200000,,,,
1195,上海,2016,7,Shanghai,29.9,166.8,75,76,43,10,30,59,0.8,143,38,32.25682584,34.63204164,40.28079975,43.11809364,46.01418885,173,24200000,,,,
1196,上海,2016,8,Shanghai,29.5,32.4,71,52,44,11,22,36,0.7,104,18,51.57831596,41.9175709,47.14457048,44.61024222,46.58056959,259,24200000,,,,
1197,上海,2016,9,Shanghai,24.9,291.6,77,96,45,11,34,45,0.7,112,32,57.59856965,54.58844281,54.54625489,48.97389762,52.02596502,94.5,24200000,,,,
1198,上海,2016,10,Shanghai,20.84,9.55,79.52,117,46,11,33,37,0.6,86,21,54.46187904,56.03022435,58.76489443,56.96824981,56.34983589,36.5,24200000,,,,
1199,上海,2016,11,Shanghai,13.6,68.1,79,265,47,15,58,62,0.9,69,44,64.23423458,59.34805681,57.52409795,57.54271588,53.44912818,89.5,24200000,,,,
1200,上海,2016,12,Shanghai,9.1,48.8,75,477,48,18,64,77,1.1,64,57,53.87618023,59.05520741,51.7283974,52.41176781,50.12751441,103,24200000,,,,
1201,上海,2017,1,Shanghai,7.14,63.85,71.59,315,49,17,47,58,0.9,73,44,37.07477738,45.47547881,43.98048614,49.04392325,52.15855969,97.2,24180000,,,,
1202,上海,2017,2,Shanghai,7.1,19.45,64.55,112,50,14,49,60,0.8,92,50,40.99050081,39.0326391,47.56079454,49.13964096,51.08071191,108.8,24180000,,,,
1203,上海,2017,3,Shanghai,10.6,89.05,66.2,228,51,12,50,62,0.7,107,45,64.61710542,52.80380312,54.81753398,50.38184483,51.43778316,133.9,24180000,,,,
1204,上海,2017,4,Shanghai,17.45,93.3,62.95,442,52,12,51,73,0.8,131,44,58.8449957,61.73105056,59.7078792,55.0285346,51.76385256,199.8,24180000,,,,
1205,上海,2017,5,Shanghai,22.14,62.25,65.32,794,53,11,37,66,0.6,135,32,55.66153647,57.25326608,51.07055219,54.4571905,49.84754227,217.7,24180000,,,,
1206,上海,2017,6,Shanghai,24.05,176.8,77.2,610,54,9,35,47,0.7,128,38,38.70512442,47.18333044,41.92520341,46.15515148,46.02665621,111.6,24180000,,,,
1207,上海,2017,7,Shanghai,31.95,54.45,65.6,166,55,10,30,57,0.7,173,33,31.40894933,35.05703687,38.54224962,42.82207133,44.67001665,243.65,24180000,,,,
1208,上海,2017,8,Shanghai,29.7,254.85,74.25,87,56,8,32,50,0.7,147,31,45.51267512,38.46081223,42.99447412,41.92213669,44.99286956,169.75,24180000,,,,
1209,上海,2017,9,Shanghai,24.8,315.7,77.05,109,57,9,36,43,0.7,117,26,52.06179791,48.78723651,51.61675802,46.56480585,50.94083187,112.05,24180000,,,,
1210,上海,2017,10,Shanghai,19.4,80.45,74.25,130,58,9,33,43,0.7,102,24,57.27580102,54.66879947,59.26084497,55.82380251,55.23525013,127.2,24180000,,,,
1211,上海,2017,11,Shanghai,13.95,77.4,71.45,434,59,13,59,70,0.8,79,42,68.44493599,62.86036851,59.53392588,57.66589389,53.21496591,107.05,24180000,,,,
1212,上海,2017,12,Shanghai,7.5,20.4,62.1,769,60,15,68,76,1,63,54,52.88104062,60.66298831,52.24574354,53.50325791,49.78253012,149.1,24180000,,,,
1213,上海,2018,1,Shanghai,4.65,99.2,71.95,514,61,14,58,68,1,63,58,35.411254,44.14614731,41.06397119,47.90921239,51.25296801,79.3,24240000,,,,
1214,上海,2018,2,Shanghai,5.6,60.1,65.4,123,62,14,47,63,0.8,90,44,34.89961896,35.15543648,44.97962114,46.95497601,49.33495451,131.8,24240000,,,,
1215,上海,2018,3,Shanghai,12.35,75.35,74.1,219,63,12,45,54,0.6,102,41,64.62799048,49.76380472,52.79415931,48.44843298,49.02082439,168.9,24240000,,,,
1216,上海,2018,4,Shanghai,17.81,NA,65.05,477,64,13,47,83,0.7,132,42,58.8548685,61.74142949,58.26441633,52.42321698,49.55499224,186.8,24240000,,,,
1217,上海,2018,5,Shanghai,22.45,154.35,74.34,702,65,11,41,64,0.7,137,44,51.31039,55.08262925,49.41578392,53.21883556,49.32166228,143.7,24240000,,,,
1218,上海,2018,6,Shanghai,25.35,75.5,73,472,66,10,32,45,0.6,146,35,38.08209325,44.69624162,41.04181748,45.49508024,44.87780747,172.15,24240000,,,,
1219,上海,2018,7,Shanghai,29.35,128.85,76.45,151,67,8,24,37,0.5,98,21,33.73296919,35.90753122,38.07459295,41.38354221,43.59188476,220.6,24240000,,,,
1220,上海,2018,8,Shanghai,29.5,239.95,77.7,82,68,6,20,32,0.5,100,16,42.40871642,38.0708428,42.85564685,41.66225845,46.46704073,218.75,24240000,,,,
1221,上海,2018,9,Shanghai,26.1,138.05,73.05,76,69,8,36,44,0.7,122,26,52.42525495,47.41698568,53.50671374,48.5632776,51.38593464,141.5,24240000,,,,
1222,上海,2018,10,Shanghai,19.05,32.8,62.8,178,70,9,44,51,0.6,120,27,65.68616986,59.0557124,60.26266253,55.799176,55.6970076,173.7,24240000,,,,
1223,上海,2018,11,Shanghai,14.75,99.5,78.95,494,71,7,58,53,0.7,89,42,62.67656279,64.18136633,61.21702221,59.01908039,54.00282627,99.05,24240000,,,,
1224,上海,2018,12,Shanghai,8.5,146.7,78.3,888,72,9,54,54,0.7,59,37,55.28833397,58.98244838,50.63423551,54.3972191,50.04152876,54.35,24240000,,,,
1225,上海,2019,1,Shanghai,5.8,61.4,77,670,73,9,57,61,0.83,60,49,33.93780978,44.61307187,40.61497038,46.13036848,50.13374747,74.6,24280000,,,,
1226,上海,2019,2,Shanghai,6.1,148.1,80,116,74,6,36,51,0.72,76,41,32.61876739,33.27828858,44.23461352,46.99804364,46.86446229,44.2,24280000,,,,
1227,上海,2019,3,Shanghai,11.3,46.2,71,286,75,7,52,65,0.76,100,51,66.1472634,49.3830154,48.36538924,44.75849437,45.78859399,138.6,24280000,,,,
1228,上海,2019,4,Shanghai,16.4,63.8,75,339,76,6,45,51,0.7,106,40,46.33013692,56.23870016,54.1287976,48.75129005,47.70750074,126.9,24280000,,,,
1229,上海,2019,5,Shanghai,20.8,53.1,63,324,77,7,39,53,0.61,134,33,49.90899248,48.1195647,46.59049097,51.47968408,48.49352534,189.2,24280000,,,,
1230,上海,2019,6,Shanghai,23.9,128.2,79,331,78,5,28,31,0.54,121,29,43.53234352,46.720668,43.33007546,44.08009083,44.05968782,131.9,24280000,,,,
1231,上海,2019,7,Shanghai,27.5,137.4,81,132,79,5,29,32,0.5,117,26,36.54889038,40.04061695,41.35310323,43.49207554,44.24078438,142.1,24280000,,,,
1232,上海,2019,8,Shanghai,28.5,306.9,79,96,80,6,27,34,0.6,113,24,43.97807578,40.26348308,42.58752863,42.82373236,47.36201181,183.4,24280000,,,,
1233,上海,2019,9,Shanghai,24.5,229.9,79,68,81,6,33,32,0.61,105,21,47.23561974,45.60684776,52.24294171,48.31942888,50.9536691,161.5,24280000,,,,
1234,上海,2019,10,Shanghai,19.8,110.9,74,146,82,8,43,56,0.63,98,31,65.5151296,56.37537467,58.08045978,54.55486378,54.46795707,146.2,24280000,,,,
1235,上海,2019,11,Shanghai,14.9,22.5,69,417,83,8,46,57,0.6,83,27,61.49063001,63.5028798,60.37536327,57.09042739,50.86280795,138.2,24280000,,,,
1236,上海,2019,12,Shanghai,8.8,96,77,670,84,9,63,52,0.81,61,50,54.1203302,57.80548011,47.18776346,51.769605,43.36409357,140.2,24280000,,,,
1237,上海,2020,1,Shanghai,7.3,142.7,81,396,85,7,44,45,0.85,67,54,25.95233018,40.03633019,29.93823609,37.82633457,38.68197553,70.2,24880000,,,,
1238,上海,2020,2,Shanghai,8.6,59.7,76,10,86,6,29,35,0.62,87,33,9.742047875,17.84718903,25.93297248,32.97981191,39.21021065,147.9,24880000,,,,
1239,上海,2020,3,Shanghai,12.3,95,70,3,87,6,33,39,0.57,99,27,42.10453939,25.92329363,38.65946429,35.48268076,38.53871596,155.4,24880000,,,,
1240,上海,2020,4,Shanghai,15.2,28.1,63,6,88,7,41,54,0.6,127,33,64.13180561,53.1181725,52.33306725,41.68531241,41.56611557,218.4,24880000,,,,
1241,上海,2020,5,Shanghai,22.3,75.2,76,13,89,7,36,51,0.73,130,39,50.76285675,57.44733118,51.99466352,49.52213249,49.84095739,151.3,24880000,,,,
1242,上海,2020,6,Shanghai,25.3,306.5,86,7,90,6,33,31,0.7,110,30,41.08932821,45.92609248,47.65614732,51.77506189,51.29237953,96.7,24880000,,,,
1243,上海,2020,7,Shanghai,26.6,343.1,85,9,91,5,32,32,0.61,105,27,51.11625699,46.1027926,47.18907844,48.08252301,49.93273628,98.4,24880000,,,,
1244,上海,2020,8,Shanghai,30.5,190.1,73,8,92,6,23,35,0.5,103,20,49.36165011,50.23895355,52.60383215,49.72520617,51.37616514,262.2,24880000,,,,
1245,上海,2020,9,Shanghai,24.3,183.8,76,16,93,6,40,38,0.72,112,25,57.33358937,53.34761974,54.89174683,53.94787437,57.8501446,171.2,24880000,,,,
1246,上海,2020,10,Shanghai,19.2,43.4,69,23,94,7,37,38,0.59,97,19,57.98000101,57.65679519,62.92427197,59.53361651,55.80647701,190.7,24880000,,,,
1247,上海,2020,11,Shanghai,15.3,75.6,76,99,95,7,42,44,0.64,78,27,73.45922554,65.71961328,57.4457152,57.41768374,57.41768374,147,24880000,,,,
1248,上海,2020,12,Shanghai,7,11.8,70,173,96,7,55,53,0.78,57,47,40.89791905,57.17857229,57.17857229,57.4457152,57.4457152,121.5,24880000,,,,
1249,西藏,2013,1,Tibet,-4.94,3.79,28.64,4,1,35,31,91,2,65,43,10.81098252,10.81098252,5.40549126,5.40549126,3.653432982,230.28,3120000,,,,
1250,西藏,2013,2,Tibet,-1.99,10.91,38.08,2,2,7,18,47,1.2,93,26,0,5.40549126,3.653432982,3.653432982,24.40544744,201.61,3120000,,,,
1251,西藏,2013,3,Tibet,1.54,12.17,40.67,0,3,10,19,59,1.4,100,23,0.149316426,0.074658213,28.93693575,24.40544744,22.02708548,222.17,3120000,,,,
1252,西藏,2013,4,Tibet,4.72,22.69,49.56,3,4,9,20,68,1.4,133,25,86.66149081,43.40540362,33.1081483,24.83111122,24.69461588,213.76,3120000,,,,
1253,西藏,2013,5,Tibet,8.9,46.03,52.64,4,5,8,18,72,1.1,141,29,12.51363765,49.58756423,41.10792099,30.86826985,29.45173983,240.13,3120000,,,,
1254,西藏,2013,6,Tibet,13.57,87.4,56.1,4,6,8,15,45,1.3,127,22,24.14863451,18.33113608,20.14929731,36.77734568,32.57733546,220.26,3120000,,,,
1255,西藏,2013,7,Tibet,14.03,112.66,66.64,6,7,10,13,36,1.9,93,15,23.78561975,23.96712713,21.23718294,19.05629662,17.97645742,174.13,3120000,,,,
1256,西藏,2013,8,Tibet,13.12,74.18,61.26,6,8,10,14,45,1.8,116,21,15.77729457,19.78145716,17.74000498,19.34216236,21.86846438,234.82,3120000,,,,
1257,西藏,2013,9,Tibet,10.22,67.44,63.87,1,9,10,16,43,1.2,99,18,13.65710062,14.71719759,20.46935588,21.29842185,22.26327731,203.2,3120000,,,,
1258,西藏,2013,10,Tibet,5.46,43.24,57.64,3,10,8,19,52,0.6,97,21,31.97367246,22.81538654,23.91782408,21.8826917,20.19555024,208.16,3120000,,,,
1259,西藏,2013,11,Tibet,-0.04,2.31,37.44,8,11,9,23,55,0.9,83,25,26.12269916,29.04818581,23.84778533,21.30011415,20.53415257,240.92,3120000,,,,
1260,西藏,2013,12,Tibet,-3.63,0.75,32.13,7,12,11,24,91,1.4,85,34,13.44698437,19.78484177,19.01332992,22.25341555,19.1657195,233.86,3120000,,,,
1261,西藏,2014,1,Tibet,-3.93,2.31,33.13,1,13,11,19,52,1.5,77,24,17.47030623,15.4586453,12.57740863,15.96373126,12.84887374,223.02,3180000,,,,
1262,西藏,2014,2,Tibet,-1.71,5.48,32.95,2,14,9,14,74,1.1,95,23,6.814935293,12.14262076,8.224895052,9.530417382,26.85492583,192.2,3180000,,,,
1263,西藏,2014,3,Tibet,1.11,12.63,38.64,0,15,9,13,53,1,103,21,0.389443637,3.602189465,34.45244618,30.2069112,28.79032592,219.56,3180000,,,,
1264,西藏,2014,4,Tibet,4.7,18,43.18,1,16,12,15,76,1.2,128,29,96.15295962,48.27120163,39.88879602,31.62033084,29.70133596,217.24,3180000,,,,
1265,西藏,2014,5,Tibet,9.46,35.89,48.9,10,17,13,15,62,1.1,135,25,23.12398481,59.63847222,47.10076696,35.42293613,31.22956301,232.51,3180000,,,,
1266,西藏,2014,6,Tibet,13.68,61.3,52.59,13,18,11,16,49,0.7,125,20,22.02535643,22.57467062,19.8684706,38.93959286,34.56390897,233.2,3180000,,,,
1267,西藏,2014,7,Tibet,13.69,130.32,67.67,7,19,9,16,32,0.6,96,14,14.45607056,18.2407135,17.84753347,19.16664631,20.33828504,175.17,3180000,,,,
1268,西藏,2014,8,Tibet,12.82,122.55,68.44,2,20,8,19,36,0.7,100,16,17.06117343,15.75862199,18.84736131,19.64186009,19.65453132,177.45,3180000,,,,
1269,西藏,2014,9,Tibet,10.97,54.48,62.77,4,21,10,19,38,0.7,94,16,25.02483995,21.04300669,20.59707653,19.06182504,21.57337883,195.81,3180000,,,,
1270,西藏,2014,10,Tibet,5.3,10.19,48.97,3,22,9,27,55,0.9,109,24,19.70521622,22.36502808,25.44988339,23.3527059,19.65496268,244.98,3180000,,,,
1271,西藏,2014,11,Tibet,1.14,1.23,35.85,7,23,10,33,75,0.9,91,32,31.61959399,25.6624051,18.7296,20.30340999,16.25609761,234.1,3180000,,,,
1272,西藏,2014,12,Tibet,-2.16,3.67,32.79,4,24,14,32,75,1.5,83,40,4.863989792,18.24179189,12.1834773,14.06391203,15.90635588,225.4,3180000,,,,
1273,西藏,2015,1,Tibet,-5.3,7.83,36.62,0,25,14,17,55,1.4,72,32,0.066848109,2.465418951,9.402323056,14.95664079,26.99481865,217.25,3240000,,,,
1274,西藏,2015,2,Tibet,-2.72,6.77,33.97,0,26,13,14,46,1.7,73,23,23.27613127,11.67148969,32.83016982,25.83862481,25.39489078,202.67,3240000,,,,
1275,西藏,2015,3,Tibet,1.98,12.93,36.13,2,27,13,12,49,1.3,87,20,75.14753008,49.21183067,40.68120534,30.52761603,28.79922172,233.89,3240000,,,,
1276,西藏,2015,4,Tibet,4.67,33.83,50.49,10,28,12,13,48,1.1,105,20,23.61995466,49.38374237,40.21770975,35.98231513,32.47962057,203.96,3240000,,,,
1277,西藏,2015,5,Tibet,9.17,35.19,49.62,17,29,10,13,48,1,105,21,21.8856445,22.75279958,21.32481383,34.7804929,32.35886885,247.96,3240000,,,,
1278,西藏,2015,6,Tibet,13.2,64.15,54.36,8,30,10,10,47,0.5,94,19,18.46884234,20.17724342,21.00895318,21.66170355,21.23707623,225.17,3240000,,,,
1279,西藏,2015,7,Tibet,13.42,57.63,54.38,13,31,9,14,52,0.5,101,21,22.67237269,20.57060752,20.226594,20.64135662,22.18051186,239.71,3240000,,,,
1280,西藏,2015,8,Tibet,12.9,122.61,65.41,7,32,9,11,39,0.6,85,16,19.53856696,21.10546983,23.51602416,22.25422871,21.64758169,184.88,3240000,,,,
1281,西藏,2015,9,Tibet,12.31,39.94,58.05,18,33,9,12,38,0.7,77,17,28.33713283,23.93784989,22.36556448,22.44226653,21.06946743,221.91,3240000,,,,
1282,西藏,2015,10,Tibet,5.9,9.93,46.13,19,34,10,15,59,0.9,80,26,19.22099365,23.77906324,21.04546584,20.66874112,19.68252994,242.98,3240000,,,,
1283,西藏,2015,11,Tibet,1.27,2.71,37,9,35,13,20,75,1.3,73,34,15.57827103,17.39963234,16.84564997,19.71852068,19.68411653,229.95,3240000,,,,
1284,西藏,2015,12,Tibet,-2.95,1.05,32.54,3,36,15,21,77,1.3,72,37,15.73768522,15.65797813,16.95415206,17.52086246,19.03903,217.8,3240000,,,,
1285,西藏,2016,1,Tibet,-5.51,4.41,35.49,2,37,16,18,58,1,70,33,19.54649994,17.64209258,20.13196177,18.99353908,21.07785098,NA,3310000,,,,
1286,西藏,2016,2,Tibet,0.2,4.88,29.9,2,38,13,11,61,0.7,78,28,25.11170015,22.32910004,24.69109955,22.45274597,21.53070097,NA,3310000,,,,
1287,西藏,2016,3,Tibet,2.25,13.72,38.95,7,39,11,14,52,0.7,89,25,29.41509856,27.26339935,24.12310656,22.9789549,22.93210245,194.27,3310000,,,,
1288,西藏,2016,4,Tibet,6.09,23.17,44.51,7,40,10,15,74,0.8,102,26,17.84252097,23.62880976,23.33410405,23.77850307,24.65252342,169.86,3310000,,,,
1289,西藏,2016,5,Tibet,9.04,44.64,49.92,4,41,9,14,61,0.7,112,24,22.74469262,20.29360679,22.91193947,24.53772924,22.75300826,220.86,3310000,,,,
1290,西藏,2016,6,Tibet,12.57,106.39,62.28,15,42,8,14,36,0.7,88,17,28.14860482,25.44664872,22.16914059,21.08748569,21.09916795,166.44,3310000,,,,
1291,西藏,2016,7,Tibet,13.61,142.42,67.9,8,43,9,11,37,0.4,65,15,15.61412433,21.88136458,21.63620873,21.9133297,22.27868978,146.13,3310000,,,,
1292,西藏,2016,8,Tibet,13.76,56.22,61.26,5,44,10,15,40,0.4,77,16,21.14589703,18.38001068,20.16671715,22.16218907,22.85529391,217.33,3310000,,,,
1293,西藏,2016,9,Tibet,10.9,94.83,66.64,7,45,9,13,45,0.6,73,16,23.74013009,22.44301356,23.50458013,21.53196618,20.46931161,129.06,3310000,,,,
1294,西藏,2016,10,Tibet,6.33,0.61,49.87,9,46,9,17,82,0.6,76,26,25.62771327,24.68392168,21.86217889,21.68310843,19.46617711,210.43,3310000,,,,
1295,西藏,2016,11,Tibet,1.37,1.68,32.85,12,47,14,29,77,0.9,73,37,16.21869332,20.92320329,17.48161947,19.04624713,20.5665202,228.17,3310000,,,,
1296,西藏,2016,12,Tibet,-1.15,0.69,30.41,1,48,16,28,82,1,70,42,10.59845183,13.40857258,17.82158588,19.77311773,19.19613759,210.74,3310000,,,,
1297,西藏,2017,1,Tibet,-3.17,3.63,33.51,2,49,14,17,47,0.8,82,22,26.64761249,18.62303216,18.04476045,17.58824367,18.5162008,197.53,3370000,,,,
1298,西藏,2017,2,Tibet,0.64,5.52,31.46,1,50,13,15,52,0.8,92,21,16.88821702,21.76791475,21.92128627,19.09057766,20.22592596,187.11,3370000,,,,
1299,西藏,2017,3,Tibet,1.83,22.39,39.48,1,51,13,15,50,0.8,100,20,22.22802931,19.55812316,21.29452182,22.63279449,24.73671057,179.99,3370000,,,,
1300,西藏,2017,4,Tibet,6.42,40.38,43.97,1,52,12,14,62,0.7,113,22,24.76731913,23.49767422,26.71590778,24.25898509,24.47587829,220.38,3370000,,,,
1301,西藏,2017,5,Tibet,9.66,47.84,52.45,4,53,9,12,53,0.6,117,19,33.1523749,28.95984702,27.75438171,26.37279361,24.64864324,215.43,3370000,,,,
1302,西藏,2017,6,Tibet,13.17,82.43,56.4,10,54,7,12,45,0.5,110,14,25.34345108,29.24791299,25.41595592,25.25379672,24.40188354,202.57,3370000,,,,
1303,西藏,2017,7,Tibet,14.31,121.8,65.95,8,55,6,12,41,0.5,82,12,17.75204177,21.54774642,21.36324122,24.31052464,25.91672494,181.11,3370000,,,,
1304,西藏,2017,8,Tibet,14.48,102.79,65.63,4,56,6,12,33,0.5,81,11,20.99423081,19.37313629,23.69593291,24.10781245,23.87967235,183.93,3370000,,,,
1305,西藏,2017,9,Tibet,13.09,32.92,59.05,13,57,6,14,36,0.5,82,12,32.34152615,26.66787848,25.43428964,23.51372767,22.30890036,208.53,3370000,,,,
1306,西藏,2017,10,Tibet,8.34,24.35,48.34,26,58,7,17,39,0.6,87,15,22.96711196,27.65431905,24.26607641,23.44811501,22.71691226,231.4,3370000,,,,
1307,西藏,2017,11,Tibet,1.59,2.83,37.89,15,59,8,22,49,0.8,80,21,17.48959111,20.22835153,20.08293478,23.14758262,21.46051582,225.35,3370000,,,,
1308,西藏,2017,12,Tibet,-0.33,0.12,31.59,9,60,9,23,66,1.2,75,31,19.79210127,18.64084619,17.33131367,18.74026324,18.3674829,235.6,3370000,,,,
1309,西藏,2018,1,Tibet,-1.7,1.59,27.23,5,61,7,17,63,0.8,85,26,14.71224864,17.25217495,17.12690381,17.21757563,19.08189312,227.85,3440000,,,,
1310,西藏,2018,2,Tibet,0.45,7.71,34.79,1,62,8,10,47,0.7,92,18,16.87636151,15.79430508,19.3759244,19.47996862,18.63955356,178.2,3440000,,,,
1311,西藏,2018,3,Tibet,2.08,18.7,40.9,3,63,7,12,42,0.6,102,19,26.53916306,21.70776229,19.56447264,18.35141664,21.52668809,209.2,3440000,,,,
1312,西藏,2018,4,Tibet,6.17,19,45.33,1,64,6,12,52,0.6,118,20,15.27789334,20.9085282,25.34827676,23.23029795,24.54233919,205.35,3440000,,,,
1313,西藏,2018,5,Tibet,9.98,30.2,47.21,2,65,6,11,51,0.6,125,19,34.22777389,24.75283362,26.43205713,26.45883361,24.38679861,224.03,3440000,,,,
1314,西藏,2018,6,Tibet,14.47,55.7,52.8,11,66,6,10,33,0.5,118,13,29.79050415,32.00913902,26.70564555,23.8487075,22.86008849,212.99,3440000,,,,
1315,西藏,2018,7,Tibet,14.9,139.41,65.61,7,67,6,10,29,0.5,86,11,16.09865862,22.94458138,21.5982584,24.75563727,25.75117652,162.26,3440000,,,,
1316,西藏,2018,8,Tibet,14.15,115.01,69.23,3,68,4,9,29,0.5,74,11,18.90561243,17.50213552,21.57920152,23.63202718,24.24180522,151.51,3440000,,,,
1317,西藏,2018,9,Tibet,12.57,54.64,61.13,5,69,4,10,38,0.5,87,13,29.73333352,24.31947298,25.10662111,22.85463049,22.41242498,206.42,3440000,,,,
1318,西藏,2018,10,Tibet,5.09,15.58,46.86,15,70,5,12,46,0.5,94,18,26.68091739,28.20712546,25.68595129,23.99086657,24.14573533,227.53,3440000,,,,
1319,西藏,2018,11,Tibet,1.04,6.83,37.59,12,71,6,15,64,0.7,77,25,20.64360294,23.66226017,24.02991023,25.45576605,22.75111304,213.93,3440000,,,,
1320,西藏,2018,12,Tibet,-4.03,8.5,38.86,16,72,7,18,58,0.9,77,28,24.76521036,22.70440665,19.11377143,21.00555792,20.45760415,210.77,3440000,,,,
1321,西藏,2019,1,Tibet,-1.9,NA,28,8,73,6,21,34,0.7,84,14,11.93250099,18.34885568,18.32116681,18.90177584,16.47780114,247.5,3510000,,,,
1322,西藏,2019,2,Tibet,3.1,NA,20,1,74,5,13,34,0.6,86,11,18.26578906,15.09914503,12.32673081,15.43635069,12.44008978,205.6,3510000,,,,
1323,西藏,2019,3,Tibet,5.8,3,22,2,75,4,15,37,0.5,98,14,6.781902361,12.52384571,8.500912522,9.35880964,29.4527429,280.6,3510000,,,,
1324,西藏,2019,4,Tibet,9.7,6.7,36,-,76,5,15,34,0.4,116,11,0.455046143,3.618474252,39.02180815,33.83280338,30.11930752,262.5,3510000,,,,
1325,西藏,2019,5,Tibet,14.3,29,37,3,77,6,14,33,0.4,131,14,109.8284759,55.14176104,41.84961539,33.08268714,30.08139263,267.4,3510000,,,,
1326,西藏,2019,6,Tibet,19.6,2.7,31,13,78,6,12,26,0.4,116,12,15.2653241,62.54690002,47.72333822,35.9062652,33.99201188,306.1,3510000,,,,
1327,西藏,2019,7,Tibet,16.3,202.3,59,4,79,8,16,20,0.4,102,8,18.07621461,16.67076936,19.8921791,42.37625331,38.36922872,209.7,3510000,,,,
1328,西藏,2019,8,Tibet,16.8,133.2,56,6,80,8,18,20,0.4,96,7,26.33499858,22.2056066,22.25078119,20.50441692,21.4971381,239.6,3510000,,,,
1329,西藏,2019,9,Tibet,14.4,101.1,58,7,81,8,19,21,0.5,88,7,22.34113038,24.33806448,24.71471726,23.0550916,23.55825801,197.4,3510000,,,,
1330,西藏,2019,10,Tibet,10.3,11.5,46,8,82,7,20,28,0.5,93,10,25.46802281,23.9045766,24.46002562,24.92876886,23.60064204,239.2,3510000,,,,
1331,西藏,2019,11,Tibet,6.1,1.5,32,16,83,6,29,40,0.7,76,15,25.57092367,25.51947324,23.10902708,22.91705291,18.98551951,261.5,3510000,,,,
1332,西藏,2019,12,Tibet,0.3,NA,21,11,84,6,30,43,0.8,68,18,18.28813477,21.92952922,15.70614811,18.14661679,14.58583785,238,3510000,,,,
1333,西藏,2020,1,Tibet,-0.7,0.3,22,1,85,6,20,35,0.8,80,16,3.259385906,10.77376034,7.296747584,11.86529161,14.18083275,268.8,3660000,,,,
1334,西藏,2020,2,Tibet,1.7,0.2,21,-,86,6,9,20,0.6,90,10,0.34272208,1.801053993,9.015035099,11.33331002,12.37679007,279.4,3660000,,,,
1335,西藏,2020,3,Tibet,5.9,10.2,31,-,87,6,10,25,0.5,102,8,23.44299731,11.89285969,13.44547655,10.89895389,17.73528187,317.2,3660000,,,,
1336,西藏,2020,4,Tibet,7.8,9.1,40,-,88,6,15,32,0.4,106,10,16.55071027,19.99685379,28.35810045,21.35425586,35.38944231,310.9,3660000,,,,
1337,西藏,2020,5,Tibet,11.9,36,42,-,89,6,16,26,0.4,121,10,45.08059377,30.81565202,51.05383073,44.15112237,35.9012513,318.9,3660000,,,,
1338,西藏,2020,6,Tibet,17.7,76.9,47,1,90,7,15,22,0.4,105,10,91.53018814,68.30539095,46.50418298,39.0158148,31.29967348,306.4,3660000,,,,
1339,西藏,2020,7,Tibet,17.2,174.2,60,2,91,8,16,18,0.5,90,7,2.901767038,47.21597759,31.62235446,34.98691429,48.63522521,265.6,3660000,,,,
1340,西藏,2020,8,Tibet,17.2,79.1,54,-,92,8,19,22,0.4,91,8,0.43510821,1.668437624,35.52178138,49.52388307,41.8273858,323,3660000,,,,
1341,西藏,2020,9,Tibet,16.8,40.8,49,6,93,8,20,22,0.4,92,9,103.2284689,51.83178855,38.23499127,29.40168521,29.00912869,301,3660000,,,,
1342,西藏,2020,10,Tibet,13.1,1.3,35,6,94,7,26,36,0.6,83,14,11.04139672,57.1349328,47.23625606,35.5359691,31.9200382,316.8,3660000,,,,
1343,西藏,2020,11,Tibet,5,NA,24,5,95,6,29,40,0.7,82,16,27.43890257,19.24014965,18.64553797,39.7912707,39.7912707,275.5,3660000,,,,
1344,西藏,2020,12,Tibet,2.8,NA,18,6,96,5,31,43,0.9,72,19,17.4563146,22.44760859,22.44760859,18.64553797,18.64553797,261.2,3660000,,,,
1345,安徽,2013,1,Anhui,2.39,20.5,72.75,24,1,36,53,153,1.6,35,143,3.351930954,3.351930954,17.13049938,17.13049938,22.85185307,118,60300000,,,,
1346,安徽,2013,2,Anhui,5.46,79.54,78.33,11,2,20,32,96,1,54,87,30.90906781,17.13049938,22.85185307,22.85185307,23.00707894,87.16,60300000,,,,
1347,安徽,2013,3,Anhui,11.25,78.87,64.83,48,3,21,41,109,0.9,61,70,34.29456045,32.60181413,29.55879494,23.00707894,24.19489681,168.94,60300000,,,,
1348,安徽,2013,4,Anhui,15.76,63.71,59.04,39,4,18,38,112,0.7,76,63,23.47275654,28.8836585,28.9044951,29.40563828,28.31804987,212.11,60300000,,,,
1349,安徽,2013,5,Anhui,21.59,158.01,72.83,48,5,15,33,110,0.8,86,71,28.94616831,26.20946243,25.46220704,27.67029539,26.05864295,170.47,60300000,,,,
1350,安徽,2013,6,Anhui,24.76,115.55,76.38,49,6,16,25,96,0.7,82,72,23.96769625,26.45693228,24.17529925,23.99966358,23.82430468,165.22,60300000,,,,
1351,安徽,2013,7,Anhui,29.35,163.07,72.58,23,7,13,18,77,0.4,77,36,19.6120332,21.78986473,22.23419952,23.91219172,25.21321261,235.94,60300000,,,,
1352,安徽,2013,8,Anhui,29.68,111.68,70,12,8,16,21,102,0.6,85,46,23.1228691,21.36745115,24.38406617,24.27997369,25.22918411,235.1,60300000,,,,
1353,安徽,2013,9,Anhui,22.76,113.71,76.33,15,9,15,27,96,0.7,76,63,30.4172962,26.77008265,27.52206369,25.54455607,26.1134416,159.62,60300000,,,,
1354,安徽,2013,10,Anhui,17.44,23.94,68.71,26,10,21,37,143,0.9,69,102,29.02602578,29.72166099,29.27743523,27.7387937,28.29326514,195.18,60300000,,,,
1355,安徽,2013,11,Anhui,10.89,32.29,70.5,28,11,27,40,155,1.1,43,113,28.38898371,28.70750475,29.30872014,29.58586416,27.61775096,160.96,60300000,,,,
1356,安徽,2013,12,Anhui,3.58,20.91,64.92,54,12,44,46,198,1.9,33,164,30.51115093,29.45006732,26.21514427,26.91786465,25.77772065,151.19,60300000,,,,
1357,安徽,2014,1,Anhui,4.91,21.8,66.71,37,13,41,44,172,1.6,49,139,19.74529817,25.12822455,23.82453125,24.96564437,26.93962003,155.9,60830000,,,,
1358,安徽,2014,2,Anhui,4.1,104.03,82.96,13,14,29,28,93,1.1,52,74,21.21714466,20.48122142,25.2659885,26.5772791,27.6237156,69.97,60830000,,,,
1359,安徽,2014,3,Anhui,11.63,78.6,71.75,23,15,23,30,107,1.1,52,84,34.83552266,28.02633366,29.2873763,26.90185677,26.90316508,168.16,60830000,,,,
1360,安徽,2014,4,Anhui,16.11,146.48,78.88,56,16,18,25,97,1,58,59,31.80946159,33.32249212,31.18446085,28.6926318,28.1408583,147.57,60830000,,,,
1361,安徽,2014,5,Anhui,21.78,101.81,70.12,68,17,22,27,149,1.1,69,79,26.90839831,29.35892995,28.21720806,29.87178671,28.19677196,201.14,60830000,,,,
1362,安徽,2014,6,Anhui,24.62,127.97,78,69,18,34,22,115,1.2,84,85,25.93376428,26.4210813,24.77962519,26.53708429,25.7414232,133.19,60830000,,,,
1363,安徽,2014,7,Anhui,26.79,169.09,83.29,47,19,20,20,85,1,66,59,21.49671299,23.71523863,23.32975204,24.2244136,25.0104817,172.2,60830000,,,,
1364,安徽,2014,8,Anhui,24.9,168.2,86.83,22,20,13,18,73,1,53,49,22.55877884,22.02774591,24.07008197,24.53600255,25.38684068,108.54,60830000,,,,
1365,安徽,2014,9,Anhui,22.51,136.21,87.29,26,21,17,24,78,1.1,58,49,28.15475408,25.35676646,26.50124205,25.25010978,26.79203416,86.11,60830000,,,,
1366,安徽,2014,10,Anhui,17.98,62.57,76.54,28,22,23,36,104,1.2,56,63,28.79019323,28.47247366,29.96822632,28.11586445,28.76647065,187.75,60830000,,,,
1367,安徽,2014,11,Anhui,11.14,97.05,80,60,23,24,39,90,1.5,38,69,32.95973164,30.87496244,31.03960677,30.3183936,29.44132646,110.52,60830000,,,,
1368,安徽,2014,12,Anhui,3.78,5.13,62.17,100,24,32,40,90,1.2,33,59,31.36889543,32.16431354,30.08722833,29.76296955,27.93617887,190.2,60830000,,,,
1369,安徽,2015,1,Anhui,4.41,30.93,71.42,157,25,30,38,108,1.4,55,78,25.93305791,28.65097667,25.97698983,27.72267528,28.10226929,121.09,61440000,,,,
1370,安徽,2015,2,Anhui,5.84,83.44,74.5,64,26,25,25,90,1.2,60,64,20.62901613,23.28103702,25.39423978,26.8879037,27.62354327,118.04,61440000,,,,
1371,安徽,2015,3,Anhui,10.48,83.76,77,75,27,21,25,70,1.1,61,47,29.6206453,25.12483072,26.93858767,26.68720523,27.02679788,142.66,61440000,,,,
1372,安徽,2015,4,Anhui,15.42,138.17,75.75,104,28,23,27,77,1,71,48,30.56610158,30.09337344,29.52397178,27.30023287,26.08542454,186.09,61440000,,,,
1373,安徽,2015,5,Anhui,21.35,131.19,78.42,180,29,23,28,90,0.8,87,59,28.38516846,29.47563502,26.72582042,27.44952664,26.24417201,158.69,61440000,,,,
1374,安徽,2015,6,Anhui,24.13,238.77,81.04,103,30,19,25,66,0.8,84,41,21.22619121,24.80567984,23.67803773,25.40005369,24.80777928,110.34,61440000,,,,
1375,安徽,2015,7,Anhui,25.77,168.69,83.08,57,31,17,22,55,0.7,72,35,21.42275351,21.32447236,21.69587545,23.3681987,25.01226127,151.26,61440000,,,,
1376,安徽,2015,8,Anhui,26.22,128.61,81.04,27,32,18,25,65,0.7,80,39,22.43868164,21.93071757,25.14998223,24.16903448,25.84491427,196.16,61440000,,,,
1377,安徽,2015,9,Anhui,22.4,52.49,78.62,34,33,18,27,69,0.8,83,42,31.58851155,27.01359659,28.85854221,26.99959504,27.14544123,164.18,61440000,,,,
1378,安徽,2015,10,Anhui,17.58,62.57,74.42,72,34,22,37,99,0.9,86,64,32.54843346,32.0684725,30.62192366,28.57611315,28.47253226,171.66,61440000,,,,
1379,安徽,2015,11,Anhui,10.24,124.37,86.79,100,35,22,35,75,1.1,58,53,27.72882597,30.13862971,29.44515604,29.98099492,28.50931381,63.86,61440000,,,,
1380,安徽,2015,12,Anhui,5.38,28.26,76.46,103,36,29,46,119,1.3,53,85,28.05820869,27.89351733,26.13654135,27.73951438,26.52521031,110.28,61440000,,,,
1381,安徽,2016,1,Anhui,2.53,57.98,78.08,106,37,26,44,107,1.2,52,81,22.62258939,25.34039904,24.11626404,25.01940452,27.03945859,NA,61960000,,,,
1382,安徽,2016,2,Anhui,5.91,27.89,65.38,34,38,25,37,91,1.1,68,65,21.66799403,22.14529171,26.47008609,26.86711674,26.80117482,155.56,61960000,,,,
1383,安徽,2016,3,Anhui,10.95,52.21,68.96,82,39,24,42,98,1,81,69,35.11967485,28.39383444,27.77502533,26.48691635,26.67743978,136.38,61960000,,,,
1384,安徽,2016,4,Anhui,17.15,134.19,80.62,94,40,19,36,79,0.9,98,48,26.53740712,30.82854098,29.69887183,27.69115238,26.98004027,137.03,61960000,,,,
1385,安徽,2016,5,Anhui,19.98,147.9,79.67,106,41,19,31,77,0.8,107,47,27.43953352,26.98847032,26.03751082,28.30805183,27.17595469,138.15,61960000,,,,
1386,安徽,2016,6,Anhui,24.08,204.41,84.71,85,42,19,29,52,0.7,99,33,24.13559183,25.78756268,24.74089716,25.19002465,24.56327912,126.47,61960000,,,,
1387,安徽,2016,7,Anhui,27.85,197.1,84.21,54,43,17,27,45,0.7,95,28,22.64756612,23.39157898,22.94648499,24.06974712,24.90751126,171.59,61960000,,,,
1388,安徽,2016,8,Anhui,28.14,69.37,77.62,29,44,19,27,51,0.8,116,29,22.05629701,22.35193157,24.32081032,24.2745057,26.17325268,214.2,61960000,,,,
1389,安徽,2016,9,Anhui,23.37,145.07,75.88,23,45,20,32,65,0.8,121,39,28.25856782,25.15743242,28.02770181,26.68266789,27.04161375,130,61960000,,,,
1390,安徽,2016,10,Anhui,17.46,7.44,87.69,49,46,17,34,59,0.8,64,38,33.76824059,31.01340421,30.16806855,28.14012566,28.19698478,38.35,61960000,,,,
1391,安徽,2016,11,Anhui,10.58,66.8,83.71,72,47,21,46,95,1,63,62,28.47739723,31.12281891,30.22335302,29.73215672,28.58560342,101.67,61960000,,,,
1392,安徽,2016,12,Anhui,6.48,63.68,79,80,48,24,56,126,1.3,59,92,28.42442126,28.45090924,26.96706957,28.66736232,27.77879811,121.88,61960000,,,,
1393,安徽,2017,1,Anhui,4.5,61.22,76.62,83,49,22,46,121,1.2,60,88,23.99939022,26.21190574,25.54945091,26.28143749,27.84233794,114.27,62550000,,,,
1394,安徽,2017,2,Anhui,5.79,35.67,71.32,39,50,22,43,113,1,84,82,24.22454124,24.11196573,27.43662374,27.68357312,27.98996433,118.55,62550000,,,,
1395,安徽,2017,3,Anhui,9.72,89.52,70.42,86,51,19,43,100,0.8,96,64,34.08593976,29.1552405,29.17533672,27.88135009,28.74711257,122.53,62550000,,,,
1396,安徽,2017,4,Anhui,17.13,104.85,70.31,110,52,17,37,96,0.9,120,53,29.21552915,31.65073446,31.83721047,29.93404316,28.60085968,199.98,62550000,,,,
1397,安徽,2017,5,Anhui,22.1,103.22,71.26,206,53,15,31,99,0.8,148,51,32.2101625,30.71284583,28.23127247,29.69493929,27.57080579,214.96,62550000,,,,
1398,安徽,2017,6,Anhui,24.38,159.59,78.28,202,54,14,26,71,0.7,145,42,23.26812576,27.73914413,24.85085334,25.94202229,25.65363113,144.58,62550000,,,,
1399,安徽,2017,7,Anhui,29.26,122.23,78.24,73,55,14,24,55,0.6,112,30,19.07427175,21.17119876,22.28082133,24.76315662,25.58690919,228.71,62550000,,,,
1400,安徽,2017,8,Anhui,27.05,247.44,84.48,41,56,14,24,52,0.7,109,28,24.50006648,21.78716912,24.15208589,23.93109586,25.33436606,160.13,62550000,,,,
1401,安徽,2017,9,Anhui,22.42,176.94,86.33,44,57,14,31,61,0.8,106,35,28.88191944,26.69099296,28.10981092,25.85092613,27.11644854,109.66,62550000,,,,
1402,安徽,2017,10,Anhui,15.91,118.12,82.54,63,58,17,40,77,0.8,94,46,30.94744685,29.91468314,30.66930149,29.12699274,29.15545445,115.91,62550000,,,,
1403,安徽,2017,11,Anhui,11.11,24.03,71.07,110,59,18,53,112,0.9,76,68,32.17853817,31.56299251,30.79842877,30.31930144,28.42480422,140.46,62550000,,,,
1404,安徽,2017,12,Anhui,4.62,16.64,67.96,170,60,20,58,130,1.1,58,92,29.2693013,30.72391974,27.43155161,28.31052542,27.0067219,144.51,62550000,,,,
1405,安徽,2018,1,Anhui,1.12,84.82,79.39,119,61,17,48,115,1.1,64,92,20.84681534,25.05805832,23.96920816,26.02154067,27.48072036,89.6,63240000,,,,
1406,安徽,2018,2,Anhui,4.11,45.58,70.41,41,62,16,39,101,0.9,78,68,21.79150785,21.3191616,25.31858744,26.3062659,27.35209757,130.86,63240000,,,,
1407,安徽,2018,3,Anhui,11.84,102.64,76.41,67,63,14,38,81,0.8,101,53,33.31743912,27.55447349,28.88145706,26.87279663,27.53411642,157.72,63240000,,,,
1408,安徽,2018,4,Anhui,17.23,NA,72.08,108,64,13,35,103,0.8,126,48,31.53542421,32.42643167,31.67741963,29.20594169,28.34066263,177.36,63240000,,,,
1409,安徽,2018,5,Anhui,21.71,214.29,80.96,188,65,11,28,75,0.7,123,41,30.17939557,30.85740989,28.86478872,29.97795132,28.19184543,132.44,63240000,,,,
1410,安徽,2018,6,Anhui,25.45,122.93,75.52,159,66,12,24,61,0.7,157,35,24.87954638,27.52947098,25.36878794,26.91044701,26.11105823,198.13,63240000,,,,
1411,安徽,2018,7,Anhui,28.46,182.66,81.46,99,67,10,21,46,0.6,113,24,21.04742187,22.96348412,22.94682379,24.75496673,26.41996507,214.69,63240000,,,,
1412,安徽,2018,8,Anhui,27.94,246.81,82.3,37,68,11,21,47,0.7,121,26,22.91350311,21.98046249,25.68029447,25.48010745,26.33471151,204.44,63240000,,,,
1413,安徽,2018,9,Anhui,23.06,79.26,79.34,68,69,12,29,62,0.7,124,32,33.07995843,27.99673077,28.58219644,26.6985028,27.95177267,157.93,63240000,,,,
1414,安徽,2018,10,Anhui,16.36,12.99,68.59,84,70,14,41,82,0.7,123,46,29.75312778,31.4165431,31.93264612,29.67786037,29.19335793,196.73,63240000,,,,
1415,安徽,2018,11,Anhui,11.26,76.84,82.26,168,71,11,44,93,1,77,65,32.96485215,31.35898996,29.99110937,30.76332164,28.89666076,116.56,63240000,,,,
1416,安徽,2018,12,Anhui,4.49,115.75,80.69,201,72,12,47,94,1,51,66,27.25534819,30.11010017,27.21673919,27.85083634,26.90644492,65.73,63240000,,,,
1417,安徽,2019,1,Anhui,2.8,55.3,82,138,73,8,53,98,1.08,44,87,21.43001724,24.34268272,23.93808156,26.19477421,27.72814775,96.3,63660000,,,,
1418,安徽,2019,2,Anhui,3.4,88,88,53,74,4,34,71,0.89,63,65,23.12887926,22.27944825,26.14017947,26.41897165,27.14454075,39.9,63660000,,,,
1419,安徽,2019,3,Anhui,11.5,12.9,71,100,75,7,49,88,0.74,95,55,33.86164192,28.49526059,29.0124461,27.11683888,28.08038023,176.3,63660000,,,,
1420,安徽,2019,4,Anhui,16.7,46.7,79,136,76,6,41,73,0.75,104,42,30.04681711,31.95422952,31.94766822,29.74297098,28.73723048,167.7,63660000,,,,
1421,安徽,2019,5,Anhui,21.5,47.9,69,239,77,5,39,69,0.65,138,30,31.93454562,30.99068137,28.89854375,30.13931829,28.22010947,214.7,63660000,,,,
1422,安徽,2019,6,Anhui,25.4,156.7,79,244,78,4,29,50,0.7,153,28,24.71426851,28.32440706,25.73069611,26.80972636,26.49383674,210.4,63660000,,,,
1423,安徽,2019,7,Anhui,28.3,20.8,80,111,79,4,26,51,0.62,131,26,20.54327421,22.62877136,23.49594032,25.60559165,26.72921916,236.2,63660000,,,,
1424,安徽,2019,8,Anhui,27.9,51.3,79,63,80,5,27,48,0.65,138,21,25.23027824,22.88677623,25.66576056,25.42788755,27.10985745,242.7,63660000,,,,
1425,安徽,2019,9,Anhui,23.2,11.9,77,84,81,6,39,66,0.73,137,30,31.22372922,28.22700373,30.09724818,27.70875469,28.93642607,196.2,63660000,,,,
1426,安徽,2019,10,Anhui,17.1,17.8,79,145,82,8,50,88,0.74,92,43,33.83773709,32.53073315,32.96952597,31.03471404,30.22844438,149.7,63660000,,,,
1427,安徽,2019,11,Anhui,11.7,48,73,348,83,8,54,84,0.68,72,41,33.8471116,33.84242434,31.56273814,31.47798591,27.98509766,171.5,63660000,,,,
1428,安徽,2019,12,Anhui,5.6,24.3,82,416,84,8,57,73,0.87,41,59,27.00336574,30.42523867,24.954674,27.17543977,24.13270537,146.9,63660000,,,,
1429,安徽,2020,1,Anhui,3.4,102.4,90,160,85,6,42,59,0.87,45,65,14.01354466,20.5084552,17.65955939,21.70644744,24.63781104,52.7,61050000,,,,
1430,安徽,2020,2,Anhui,7.4,44.5,80,10,86,6,23,44,0.59,75,36,11.96176776,12.98765621,20.77952595,22.3354859,23.38532141,133.7,61050000,,,,
1431,安徽,2020,3,Anhui,11.7,112,76,18,87,7,37,60,0.61,84,35,36.36326544,24.1625166,25.30323221,22.48081032,23.80247346,157.6,61050000,,,,
1432,安徽,2020,4,Anhui,15.4,19.8,71,22,88,9,47,71,0.59,111,32,27.58466344,31.97396444,31.01235162,26.24970566,26.77680539,224.3,61050000,,,,
1433,安徽,2020,5,Anhui,22.9,45.2,75,26,89,6,34,64,0.56,137,31,29.089126,28.33689472,28.51966458,30.4805648,30.55049581,217.3,61050000,,,,
1434,安徽,2020,6,Anhui,25.4,344.1,87,29,90,5,26,38,0.54,100,19,28.88520432,28.98716516,29.60151672,29.0973034,28.67525099,125.5,61050000,,,,
1435,安徽,2020,7,Anhui,25.1,529.9,93,40,91,4,25,36,0.66,93,24,30.83021985,29.85771208,28.90082183,28.94789787,28.21860003,83.3,61050000,,,,
1436,安徽,2020,8,Anhui,28.9,90.7,85,48,92,5,22,44,0.55,109,18,26.98704133,28.90863059,27.70622328,28.00096854,28.60866439,229.1,61050000,,,,
1437,安徽,2020,9,Anhui,23.1,64.7,84,33,93,6,41,62,0.66,131,28,25.30140866,26.14422499,27.77596593,28.53952941,28.95318908,172.9,61050000,,,,
1438,安徽,2020,10,Anhui,16.3,63,85,41,94,8,50,66,0.68,89,34,31.03944782,28.17042824,28.98289474,28.48393139,28.2343897,136.8,61050000,,,,
1439,安徽,2020,11,Anhui,11.5,61.9,82,61,95,9,53,69,0.75,59,38,30.60782776,30.82363779,29.62783284,28.54622679,28.54622679,151,61050000,,,,
1440,安徽,2020,12,Anhui,3.5,19.4,74,69,96,10,62,85,0.95,41,73,27.23622293,28.92202534,28.92202534,29.62783284,29.62783284,133.8,61050000,,,,
1441,江蘇,2013,1,Jiangsu,1.72,11.57,74.35,142,1,51,61,160,1.7,35,119,4.753002674,4.753002674,18.89094072,18.89094072,28.89863945,146.7,79390000,,,,
1442,江蘇,2013,2,Jiangsu,4.32,63.16,78.57,40,2,28,30,106,1.2,77,81,33.02887876,18.89094072,28.89863945,28.89863945,31.60823985,96.34,79390000,,,,
1443,江蘇,2013,3,Jiangsu,9.5,36.28,64.35,116,3,36,41,122,1.1,85,68,48.91403692,40.97145784,40.55998558,31.60823985,32.60644224,196.9,79390000,,,,
1444,江蘇,2013,4,Jiangsu,14.39,32.17,58.48,196,4,35,40,117,1,111,62,39.73704106,44.32553899,41.75010992,39.56980213,37.48551705,246.76,79390000,,,,
1445,江蘇,2013,5,Jiangsu,20.45,127.45,75.57,233,5,26,33,101,1,111,60,36.59925177,38.16814641,35.16155652,38.59967662,35.96697259,177.71,79390000,,,,
1446,江蘇,2013,6,Jiangsu,23.86,115.03,78.7,160,6,22,29,105,0.9,116,68,29.14837673,32.87381425,30.39459499,32.73020651,32.80442087,152.21,79390000,,,,
1447,江蘇,2013,7,Jiangsu,30.16,144.39,73.65,57,7,23,28,76,0.8,110,38,25.43615646,27.2922666,29.22860384,31.07126582,32.8425616,240.34,79390000,,,,
1448,江蘇,2013,8,Jiangsu,29.82,74.67,73.39,31,8,25,26,77,0.8,116,39,33.10127832,29.26871739,32.82172651,31.90338906,33.94775474,271.04,79390000,,,,
1449,江蘇,2013,9,Jiangsu,23.03,103.09,78.26,39,9,23,30,75,0.9,95,45,39.92774474,36.51451153,38.38474683,35.14759924,37.3195161,180.51,79390000,,,,
1450,江蘇,2013,10,Jiangsu,17.5,68.32,72.61,56,10,27,38,101,0.9,96,59,42.12521744,41.02648109,42.68671525,40.29035601,40.50812309,212.05,79390000,,,,
1451,江蘇,2013,11,Jiangsu,10.87,22.64,68.61,125,11,40,51,151,1.2,59,90,46.00718356,44.0662005,43.1705308,42.35983429,39.81559625,170.57,79390000,,,,
1452,江蘇,2013,12,Jiangsu,3.64,8.71,65.87,228,12,60,64,214,1.7,42,152,41.3791914,43.69318748,39.00833969,39.78755913,37.86697275,163.93,79390000,,,,
1453,江蘇,2014,1,Jiangsu,4.3,15.51,69.74,206,13,43,49,159,1.4,49,109,29.63864412,35.50891776,33.73415425,36.80241158,38.74116273,169.12,79600000,,,,
1454,江蘇,2014,2,Jiangsu,3.83,87.35,79.13,75,14,28,33,98,1.1,70,76,30.18462724,29.91163568,35.43981289,36.92465752,37.80029022,96.07,79600000,,,,
1455,江蘇,2014,3,Jiangsu,10.8,49.87,67.87,155,15,34,43,127,1.1,86,76,46.49616733,38.34039728,39.32787185,36.90556492,37.84024075,192.16,79600000,,,,
1456,江蘇,2014,4,Jiangsu,15.51,92.67,75.04,237,16,26,37,99,1,105,61,41.302821,43.89949416,43.12597747,39.89063991,37.73571105,182.57,79600000,,,,
1457,江蘇,2014,5,Jiangsu,21.83,66.15,63.7,441,17,31,39,142,1,144,71,41.57894409,41.44088254,37.3325869,39.62348201,37.01177925,248.53,79600000,,,,
1458,江蘇,2014,6,Jiangsu,23.78,112.36,78.65,334,18,23,32,107,0.9,136,71,29.11599562,35.34746985,32.41996931,34.64068223,33.79852254,135.97,79600000,,,,
1459,江蘇,2014,7,Jiangsu,26.84,198.44,82.48,121,19,19,27,86,0.9,121,54,26.56496823,27.84048192,28.70361586,31.92244792,33.06252997,168.13,79600000,,,,
1460,江蘇,2014,8,Jiangsu,25.19,193.82,86.35,68,20,19,28,70,0.9,107,45,30.42988374,28.49742598,31.53923672,30.93342644,34.5264775,126.53,79600000,,,,
1461,江蘇,2014,9,Jiangsu,22.49,134.93,85.26,48,21,20,28,63,0.8,100,37,37.62285818,34.02637096,38.98380789,35.87909798,36.8312044,117.1,79600000,,,,
1462,江蘇,2014,10,Jiangsu,17.95,43.27,75.96,128,22,24,37,93,0.8,106,51,48.89868175,43.26076997,42.38705668,39.39776344,39.74895541,217.31,79600000,,,,
1463,江蘇,2014,11,Jiangsu,11.72,66.4,75.26,223,23,31,47,114,1.1,72,69,40.6396301,44.76915593,43.56401171,42.07872332,40.30633462,140.24,79600000,,,,
1464,江蘇,2014,12,Jiangsu,3.32,3.88,60.74,320,24,45,49,132,1.2,50,76,41.15372326,40.89667668,38.33671105,40.97720373,38.77244507,201.57,79600000,,,,
1465,江蘇,2015,1,Jiangsu,3.85,25.49,69.74,373,25,36,50,138,1.3,53,93,33.2167798,37.18525153,34.77463782,36.24088589,37.49497589,131.21,79760000,,,,
1466,江蘇,2015,2,Jiangsu,5.21,35.2,70.35,162,26,24,34,109,1.1,74,71,29.95341042,31.58509511,35.22717536,36.70881233,37.68128852,132.24,79760000,,,,
1467,江蘇,2015,3,Jiangsu,9.63,64.74,72.17,227,27,24,38,96,1,88,57,42.51133586,36.23237314,38.01197985,36.81317984,37.61283752,166.75,79760000,,,,
1468,江蘇,2015,4,Jiangsu,14.63,81.47,70.91,332,28,27,40,97,1,121,54,41.57119328,42.04126457,41.63133246,38.71185195,37.08846491,196.72,79760000,,,,
1469,江蘇,2015,5,Jiangsu,20.18,93.26,73.83,571,29,22,34,83,0.8,130,45,40.81146825,41.19133077,37.65919275,38.87222853,36.36049546,190.03,79760000,,,,
1470,江蘇,2015,6,Jiangsu,23.98,203.83,77,451,30,19,31,78,0.8,123,44,30.59491673,35.70319249,32.57331605,34.82278535,33.92823743,135.21,79760000,,,,
1471,江蘇,2015,7,Jiangsu,26.24,133.27,82.65,184,31,17,27,63,0.7,114,39,26.31356316,28.45423994,29.08617521,32.01749847,33.83385424,158.01,79760000,,,,
1472,江蘇,2015,8,Jiangsu,26.75,171.93,81.7,83,32,19,26,63,0.8,125,36,30.35004574,28.33180445,32.58762873,32.08945073,34.50446311,208.69,79760000,,,,
1473,江蘇,2015,9,Jiangsu,22.79,89.39,79.57,88,33,20,29,60,0.8,126,34,41.09927731,35.72466152,38.53794523,35.48184971,36.53640402,195.03,79760000,,,,
1474,江蘇,2015,10,Jiangsu,17.78,44.76,74.3,174,34,25,43,99,0.9,116,55,44.16451263,42.63189497,42.00613708,39.09211424,38.98809366,204.77,79760000,,,,
1475,江蘇,2015,11,Jiangsu,11.04,130.33,83.26,263,35,22,41,85,1.1,62,56,40.75462129,42.45956696,41.16371509,41.14760565,38.66586143,79.87,79760000,,,,
1476,江蘇,2015,12,Jiangsu,5.24,26.78,74.96,359,36,30,52,133,1.3,50,91,38.57201136,39.66331632,36.02183907,38.05750746,36.72055797,131.39,79760000,,,,
1477,江蘇,2016,1,Jiangsu,1.94,36.46,70.74,251,37,29,46,114,1.2,60,78,28.73888457,33.65544796,32.89455198,34.8595693,37.03417079,NA,79990000,,,,
1478,江蘇,2016,2,Jiangsu,5.09,19.37,64.39,103,38,24,37,106,1.1,82,68,31.37276,30.05582228,35.28140711,36.10405817,36.76085343,NA,79990000,,,,
1479,江蘇,2016,3,Jiangsu,10.07,29.56,66.13,189,39,25,44,110,1.1,92,65,45.73257676,38.55266838,38.83112373,36.30806394,36.70392807,NA,79990000,,,,
1480,江蘇,2016,4,Jiangsu,16.51,107.26,75.3,277,40,21,40,92,1,119,49,39.38803444,42.5603056,41.1359986,38.69518895,37.00365225,NA,79990000,,,,
1481,江蘇,2016,5,Jiangsu,19.91,127.22,74.22,336,41,18,32,83,0.9,126,44,38.28738459,38.83770952,35.97097484,38.41137532,35.89662569,160,79990000,,,,
1482,江蘇,2016,6,Jiangsu,24.1,217.7,81.35,269,42,15,27,60,0.8,119,35,30.23750548,34.26244504,31.45417242,33.43763792,34.05550218,134.08,79990000,,,,
1483,江蘇,2016,7,Jiangsu,28.37,213.35,81.78,90,43,15,24,58,0.8,120,34,25.83762717,28.03756633,30.86736396,32.72236912,34.58545022,183.67,79990000,,,,
1484,江蘇,2016,8,Jiangsu,28.49,69.61,76.7,63,44,16,21,47,0.7,126,24,36.52695923,31.1822932,34.800787,33.65996662,34.99098039,261.92,79990000,,,,
1485,江蘇,2016,9,Jiangsu,23.7,153.51,77.83,91,45,17,29,62,0.8,126,35,42.0377746,39.28236692,39.62658977,36.17934912,37.03303595,130.25,79990000,,,,
1486,江蘇,2016,10,Jiangsu,18,9.3,85.88,135,46,14,30,49,0.8,74,27,40.31503549,41.17640505,40.93353111,39.83188814,39.78391335,53.67,79990000,,,,
1487,江蘇,2016,11,Jiangsu,10.67,57.05,80.57,175,47,20,45,87,1,64,52,40.44778323,40.38140936,40.11827764,40.59815188,38.17956426,122.33,79990000,,,,
1488,江蘇,2016,12,Jiangsu,6.25,50.25,77.83,256,48,23,51,110,1.1,62,74,39.5920142,40.01989872,36.1816704,37.21501167,36.27039157,141.33,79990000,,,,
1489,江蘇,2017,1,Jiangsu,4.46,56.64,75.61,180,49,20,42,101,1.1,69,69,28.50521376,34.04861398,33.52971305,35.2592306,37.89565207,125.3,80290000,,,,
1490,江蘇,2017,2,Jiangsu,5.5,26.87,67.77,74,50,21,45,103,1.1,91,72,32.49191119,30.49856248,36.47948764,37.25761928,37.88716436,137.03,80290000,,,,
1491,江蘇,2017,3,Jiangsu,9.34,41.77,66.75,173,51,19,45,92,0.9,109,55,48.44133797,40.46662458,40.44619794,37.4609519,38.24234161,152.62,80290000,,,,
1492,江蘇,2017,4,Jiangsu,16.91,73.01,65.23,270,52,19,42,98,1,140,50,40.40534466,44.42334132,43.40486103,40.67662357,38.85528549,220.29,80290000,,,,
1493,江蘇,2017,5,Jiangsu,22.1,56.74,66.55,405,53,17,35,97,0.8,159,44,41.36790047,40.88662257,37.78105943,40.44612907,37.44033219,235.52,80290000,,,,
1494,江蘇,2017,6,Jiangsu,24.44,126.32,74.22,393,54,14,29,72,0.8,155,40,31.56993317,36.46891682,32.78499277,34.69008074,34.7575389,179.98,80290000,,,,
1495,江蘇,2017,7,Jiangsu,30.38,149.16,76.89,130,55,13,27,57,0.7,127,30,25.41714465,28.49353891,30.67148312,33.34558746,34.2669219,235.56,80290000,,,,
1496,江蘇,2017,8,Jiangsu,28.11,203.23,82.69,82,56,11,25,52,0.8,122,28,35.02737153,30.22225809,32.79892529,32.49167726,34.30242273,193.1,80290000,,,,
1497,江蘇,2017,9,Jiangsu,23.2,188.69,84.22,91,57,12,32,59,0.8,113,34,37.95225968,36.48981561,38.17501194,34.98554512,37.62270379,141.48,80290000,,,,
1498,江蘇,2017,10,Jiangsu,16.88,95.33,80.53,107,58,13,36,63,0.8,92,37,41.54540462,39.74883215,42.55633426,40.67409358,40.58290972,143.27,80290000,,,,
1499,江蘇,2017,11,Jiangsu,11.42,20.7,70.27,259,59,17,53,101,1,71,56,48.17133847,44.85837154,43.31163912,41.97179426,38.9761945,162.65,80290000,,,,
1500,江蘇,2017,12,Jiangsu,4.84,8.87,65.86,461,60,20,61,126,1.2,54,81,40.21817428,44.19475637,38.46110273,39.2321782,36.97290369,172.02,80290000,,,,
1501,江蘇,2018,1,Jiangsu,1.67,69.36,75.72,304,61,17,51,120,1.2,59,89,26.99379544,33.60598486,31.71592512,35.82977846,38.30836618,109.43,80510000,,,,
1502,江蘇,2018,2,Jiangsu,3.88,31.2,67.29,86,62,15,39,96,1,79,62,27.93580564,27.46480054,34.38410605,35.84262311,37.61163798,152.36,80510000,,,,
1503,江蘇,2018,3,Jiangsu,11.07,80.99,75.88,155,63,14,46,90,0.9,101,58,48.22271707,38.07926135,40.2820734,36.96000391,37.98739919,172.12,80510000,,,,
1504,江蘇,2018,4,Jiangsu,16.78,NA,67.94,330,64,14,43,113,0.8,137,55,44.68769749,46.45520728,45.00246495,40.73580012,38.76158922,195.73,80510000,,,,
1505,江蘇,2018,5,Jiangsu,21.16,160.85,78.74,575,65,11,33,80,0.8,134,45,42.0969803,43.3923389,39.21647447,41.46803512,38.2706152,154.46,80510000,,,,
1506,江蘇,2018,6,Jiangsu,25.37,72.83,73.7,536,66,11,27,64,0.7,165,38,30.86474561,36.48086296,32.81422048,35.78258973,35.4235969,218.18,80510000,,,,
1507,江蘇,2018,7,Jiangsu,28.74,214.63,83.38,167,67,9,22,48,0.6,121,26,25.48093553,28.17284057,30.11110223,33.10757175,34.39130405,232.96,80510000,,,,
1508,江蘇,2018,8,Jiangsu,28.72,204.17,84.12,108,68,8,19,42,0.6,119,23,33.98762556,29.73428055,32.99826478,32.46488499,35.80733997,235.66,80510000,,,,
1509,江蘇,2018,9,Jiangsu,24.07,88.82,79.23,102,69,11,31,55,0.7,128,30,39.52623326,36.75692941,40.89700623,37.04298856,38.7855469,177.89,80510000,,,,
1510,江蘇,2018,10,Jiangsu,16.95,13.12,68.28,233,70,12,43,74,0.7,122,43,49.17715988,44.35169657,44.81972447,42.11169974,41.36518467,216.49,80510000,,,,
1511,江蘇,2018,11,Jiangsu,11.88,80.55,84.12,572,71,11,49,92,1,81,65,45.75578028,47.46647008,44.43735484,43.20957445,40.01571271,118.12,80510000,,,,
1512,江蘇,2018,12,Jiangsu,5.23,93.17,77.77,823,72,12,48,90,0.9,52,56,38.37912436,42.06745232,37.12505681,40.13808258,38.20197268,90.96,80510000,,,,
1513,江蘇,2019,1,Jiangsu,4.1,51.5,75,516,73,11,55,108,1,46,74,27.24026578,32.80969507,32.02564108,35.45817588,37.6308059,92.5,80700000,,,,
1514,江蘇,2019,2,Jiangsu,4.4,90.4,84,170,74,8,36,82,0.88,68,60,30.4575331,28.84889944,34.67304163,35.59956231,36.3625358,40.2,80700000,,,,
1515,江蘇,2019,3,Jiangsu,11.8,37.6,66,348,75,14,51,97,0.93,93,54,46.321326,38.38942955,38.73109629,35.85838867,37.12504152,168.5,80700000,,,,
1516,江蘇,2019,4,Jiangsu,16.8,51.5,73,432,76,12,42,74,0.74,109,41,39.41442978,42.86787789,42.64246957,39.59623545,37.75353558,160.5,80700000,,,,
1517,江蘇,2019,5,Jiangsu,21.8,41.1,60,725,77,13,38,69,0.71,143,31,42.19165292,40.80304135,37.32960627,39.5775362,36.81473349,186.3,80700000,,,,
1518,江蘇,2019,6,Jiangsu,25.3,109.2,75,596,78,10,29,52,0.75,161,29,30.38273609,36.28719451,32.77930388,34.43808536,34.49683762,164.5,80700000,,,,
1519,江蘇,2019,7,Jiangsu,28.3,63.9,81,205,79,8,30,46,0.72,139,25,25.76352263,28.07312936,30.2927018,33.26743958,35.08753931,159.6,80700000,,,,
1520,江蘇,2019,8,Jiangsu,28.6,123,77,118,80,8,25,38,0.65,137,19,34.73184667,30.24768465,34.28776917,33.3115109,35.99223719,211.8,80700000,,,,
1521,江蘇,2019,9,Jiangsu,24.3,51.4,75,164,81,8,36,47,0.71,136,24,42.36793822,38.54989244,41.27164241,37.39461247,39.66481051,175.4,80700000,,,,
1522,江蘇,2019,10,Jiangsu,18.9,1.4,70,295,82,9,47,82,0.79,103,37,46.71514235,44.54154028,45.94289442,43.14013248,41.96041438,133.9,80700000,,,,
1523,江蘇,2019,11,Jiangsu,13.4,41.7,67,862,83,9,54,85,0.82,82,37,48.7456027,47.73037253,44.23409567,43.76755631,39.17572043,161.9,80700000,,,,
1524,江蘇,2019,12,Jiangsu,7.3,59.1,78,1254,84,9,58,82,1.06,53,53,37.24154195,42.99357233,35.59850719,38.37766598,33.06179627,143.9,80700000,,,,
1525,江蘇,2020,1,Jiangsu,5.1,75.2,86,507,85,6,41,78,0.82,58,60,20.80837692,29.02495944,23.28274543,29.64845975,30.19966789,44.6,84770000,,,,
1526,江蘇,2020,2,Jiangsu,8.2,35.5,76,32,86,6,25,45,0.67,83,32,11.79831741,16.30334716,21.67039827,25.56318419,31.0115569,130.2,84770000,,,,
1527,江蘇,2020,3,Jiangsu,12.3,89.9,69,8,87,7,38,58,0.73,99,30,32.40450048,22.10140895,32.33595521,29.45406064,31.38137991,153.4,84770000,,,,
1528,江蘇,2020,4,Jiangsu,15.8,70.8,59,28,88,9,43,68,0.86,130,32,52.80504773,42.60477411,41.43340174,34.02463066,35.10587903,210.9,84770000,,,,
1529,江蘇,2020,5,Jiangsu,23,33.7,71,42,89,9,33,60,0.85,150,31,39.09065701,45.94785237,43.77552576,40.93276944,40.51015137,167.8,84770000,,,,
1530,江蘇,2020,6,Jiangsu,25.8,281.6,87,54,90,6,25,36,0.84,121,20,39.43087253,39.26076477,39.11373622,42.5365641,41.45592636,95.2,84770000,,,,
1531,江蘇,2020,7,Jiangsu,25.4,271.9,95,59,91,5,26,37,0.81,103,23,38.8196791,39.12527582,38.46130902,38.61864602,37.8873921,95.2,84770000,,,,
1532,江蘇,2020,8,Jiangsu,30.1,114.3,82,72,92,6,24,37,0.7,131,16,37.13337542,37.97652726,36.97181032,37.58657587,39.21200322,202.5,84770000,,,,
1533,江蘇,2020,9,Jiangsu,24.1,82.8,78,53,93,8,34,45,0.73,135,22,34.96237643,36.04787592,39.26982149,39.15728589,40.4860803,171.3,84770000,,,,
1534,江蘇,2020,10,Jiangsu,17.5,64.9,74,82,94,7,41,54,0.69,100,23,45.71371262,40.33804452,42.15911566,40.9026806,39.51504066,154.3,84770000,,,,
1535,江蘇,2020,11,Jiangsu,13.2,76.8,76,186,95,6,43,63,0.73,72,29,45.80125793,45.75748528,41.82648382,40.11045697,40.11045697,140.4,84770000,,,,
1536,江蘇,2020,12,Jiangsu,4.6,20.6,67,223,96,9,56,93,0.95,51,58,33.96448091,39.88286942,39.88286942,41.82648382,41.82648382,137.5,84770000,,,,
1537,河南,2013,1,Henan,0.21,8.67,65.58,104,1,96,69,294,4.8,23,205,3.748549267,3.748549267,12.38109981,12.38109981,17.34741236,85.99,94130000,,,,
1538,河南,2013,2,Henan,3.6,18.13,71.42,44,2,64,45,219,3.3,47,149,21.01365036,12.38109981,17.34741236,17.34741236,18.74887436,70.28,94130000,,,,
1539,河南,2013,3,Henan,11.01,12.29,52.89,73,3,51,47,159,2.4,57,82,27.28003746,24.14684391,23.74898272,18.74887436,19.55403276,153.25,94130000,,,,
1540,河南,2013,4,Henan,15.65,31.79,52.32,88,4,47,44,139,2.4,82,76,22.95326034,25.1166489,24.33598805,23.50540363,23.24536929,209.85,94130000,,,,
1541,河南,2013,5,Henan,22.01,125.43,64.21,73,5,44,53,150,1.9,100,87,22.77466636,22.86396335,22.6443862,23.80329902,22.74283141,166.93,94130000,,,,
1542,河南,2013,6,Henan,26.06,34.74,64.74,77,6,30,43,154,1.8,101,88,22.20523191,22.48994913,21.16028642,21.6085299,21.66616452,183.21,94130000,,,,
1543,河南,2013,7,Henan,28.68,133.66,75.58,39,7,19,36,130,1.8,63,74,18.50096101,20.35309646,20.86763197,21.34439057,22.11699717,165.41,94130000,,,,
1544,河南,2013,8,Henan,28.77,111.67,68.21,27,8,26,36,102,1.9,94,59,21.89670301,20.19883201,21.86836252,21.95257987,23.14627634,248.11,94130000,,,,
1545,河南,2013,9,Henan,22.18,40.54,71.11,28,9,36,47,132,2.6,82,86,25.20742355,23.55206328,25.00839626,23.38153744,24.11574217,144.6,94130000,,,,
1546,河南,2013,10,Henan,16.51,20.89,62.16,48,10,63,53,197,3.2,76,148,27.92106221,26.56424288,26.72701561,25.51943746,25.09735251,173.23,94130000,,,,
1547,河南,2013,11,Henan,9.02,36.12,65.74,79,11,82,58,134,2.7,33,80,27.05256106,27.48681164,26.12754533,25.89751488,24.40016066,156.37,94130000,,,,
1548,河南,2013,12,Henan,2.78,0.25,57.42,103,12,93,62,172,2.4,11,113,23.4090127,25.23078688,22.95743919,24.19834494,23.94423002,137.03,94130000,,,,
1549,河南,2014,1,Henan,3.69,2.96,53.32,57,13,90,62,204,2.6,38,147,18.4107438,20.90987825,21.58250894,22.95002197,24.05706172,126.55,94360000,,,,
1550,河南,2014,2,Henan,2.31,37.32,74.58,35,14,71,42,165,2.1,56,125,22.92777032,20.66925706,23.27457828,23.30818689,23.86530178,54.14,94360000,,,,
1551,河南,2014,3,Henan,12.08,9.02,57.89,62,15,58,46,160,1.6,84,90,28.48522073,25.70649553,25.83558413,23.97937405,24.49137767,178.17,94360000,,,,
1552,河南,2014,4,Henan,16.06,89.17,69.89,89,16,39,42,139,1.8,93,77,26.09376134,27.28949104,27.03945807,26.01153613,25.55349491,149.87,94360000,,,,
1553,河南,2014,5,Henan,22.04,53.81,56.79,132,17,39,40,138,1.4,117,62,26.53939214,26.31657674,25.45149451,26.20992606,25.09353538,214.48,94360000,,,,
1554,河南,2014,6,Henan,25.36,61.15,66.32,154,18,34,35,120,1.4,137,72,23.72133004,25.13036109,23.62956494,24.24561404,23.84654917,159.51,94360000,,,,
1555,河南,2014,7,Henan,27.44,71.42,70.16,113,19,26,31,101,1.1,133,55,20.62797264,22.17465134,22.19986413,23.28474613,23.68741435,228.2,94360000,,,,
1556,河南,2014,8,Henan,24.73,107.47,77.05,74,20,29,33,96,1.1,107,52,22.25028972,21.43913118,22.72544986,22.9744199,23.50362704,142.95,94360000,,,,
1557,河南,2014,9,Henan,20.65,200.12,84,88,21,26,36,87,1.3,78,51,25.29808722,23.77418847,24.38961085,23.4492013,24.26399086,101.29,94360000,,,,
1558,河南,2014,10,Henan,16.9,48.85,73.16,97,22,45,47,130,1.5,62,80,25.62045561,25.45927141,26.14723065,25.17299541,25.40697617,136.79,94360000,,,,
1559,河南,2014,11,Henan,9.48,41.86,71.11,161,23,59,57,165,1.8,43,110,27.52314911,26.57180236,26.49550131,26.19614779,25.5489188,116.72,94360000,,,,
1560,河南,2014,12,Henan,3.24,0.54,47.05,210,24,90,56,131,1.8,44,74,26.34289921,26.93302416,25.60868373,25.6116267,24.30410449,173.63,94360000,,,,
1561,河南,2015,1,Henan,3.13,12.76,59.26,265,25,70,61,183,2,45,122,22.96000287,24.65145104,22.79230592,23.97501672,24.55050448,116.79,94800000,,,,
1562,河南,2015,2,Henan,4.87,11.17,59.26,121,26,53,43,168,1.7,69,103,19.07401567,21.01700927,22.96215803,23.80734332,24.6656048,122.63,94800000,,,,
1563,河南,2015,3,Henan,10.34,34.64,62.58,127,27,39,42,152,1.3,81,82,26.85245554,22.96323561,24.67504065,24.2462812,24.39960864,145.96,94800000,,,,
1564,河南,2015,4,Henan,15.15,85.67,66.32,213,28,33,37,133,1.1,106,68,28.09865073,27.47555313,26.65467488,24.75951008,24.17366884,198.75,94800000,,,,
1565,河南,2015,5,Henan,21.07,92.5,67.84,289,29,32,33,136,1.1,133,76,25.01291837,26.55578455,24.98062433,25.44858213,24.37075838,197.97,94800000,,,,
1566,河南,2015,6,Henan,24.37,140.25,68.47,232,30,26,30,118,1.1,131,62,21.8303039,23.42161113,22.30089521,23.75033409,23.14223979,124.72,94800000,,,,
1567,河南,2015,7,Henan,26.43,90.01,74.68,146,31,18,27,98,1,120,58,20.05946335,20.94488362,20.86654329,21.90313706,23.05279272,191.43,94800000,,,,
1568,河南,2015,8,Henan,25.69,117.51,77.53,76,32,19,27,89,1,121,49,20.70986262,20.38466298,22.80691378,22.56276131,23.69198886,188.73,94800000,,,,
1569,河南,2015,9,Henan,21.61,43.3,74.95,85,33,24,35,99,1.2,107,55,27.65141536,24.18063899,25.52339235,24.1574101,24.21667667,137.41,94800000,,,,
1570,河南,2015,10,Henan,16.47,44.3,64.95,158,34,38,48,128,1.4,86,69,28.20889908,27.93015722,26.77135246,25.25598,25.39339573,156.25,94800000,,,,
1571,河南,2015,11,Henan,7.23,71.42,84.47,177,35,34,45,116,1.7,43,77,24.45374293,26.33132101,26.20190022,26.564279,25.22763081,46.83,94800000,,,,
1572,河南,2015,12,Henan,3.64,3.29,63.79,196,36,55,62,214,2.4,43,135,25.94305864,25.19840078,23.42594653,24.62168467,23.57109154,115.83,94800000,,,,
1573,河南,2016,1,Henan,0.32,6.84,61.53,178,37,58,59,208,2.4,44,136,19.88103802,22.91204833,21.73093856,22.41163966,24.3451236,NA,95320000,,,,
1574,河南,2016,2,Henan,5.03,16.57,46.89,55,38,53,42,151,1.9,76,84,19.36871903,19.62487853,23.77627214,24.31796876,24.64374076,172.27,95320000,,,,
1575,河南,2016,3,Henan,11.18,13.98,51.68,119,39,45,48,174,1.5,102,81,32.07905936,25.72388919,25.79820238,24.31891129,24.31109431,NA,95320000,,,,
1576,河南,2016,4,Henan,17.63,56.97,66.11,167,40,34,42,146,1.3,120,67,25.94682874,29.01294405,27.43523816,25.41860838,24.80785891,165.4,95320000,,,,
1577,河南,2016,5,Henan,20.4,77.38,61.58,192,41,25,32,97,1,137,45,24.27982639,25.11332756,24.19717206,26.16764388,25.43065864,175.47,95320000,,,,
1578,河南,2016,6,Henan,25.3,129.44,68.05,135,42,19,30,84,1.1,151,43,22.36486105,23.32234372,23.04246837,23.76855846,23.22647966,190.57,95320000,,,,
1579,河南,2016,7,Henan,27.5,179.07,78.16,117,43,12,23,70,1.1,123,40,22.48271766,22.42378935,21.96858107,22.5463924,23.42066806,176.2,95320000,,,,
1580,河南,2016,8,Henan,26.93,77.15,77.21,64,44,15,24,67,1.1,124,38,21.05816449,21.77044107,23.48621762,23.20587847,24.23512269,165.47,95320000,,,,
1581,河南,2016,9,Henan,23.2,56.24,65.89,69,45,25,39,100,1.3,139,52,26.9177707,23.98796759,25.44267825,24.7026881,25.04543936,121.47,95320000,,,,
1582,河南,2016,10,Henan,15.67,4.49,79.76,103,46,20,41,80,1.2,66,44,28.35209955,27.63493512,27.22877156,25.68611979,25.13200187,69.87,95320000,,,,
1583,河南,2016,11,Henan,8.6,35.5,76.95,152,47,28,51,161,1.6,49,96,26.41644442,27.38427199,25.89469139,26.15046122,25.35567052,101.67,95320000,,,,
1584,河南,2016,12,Henan,4.95,24.17,71.32,130,48,37,59,201,2.1,47,142,22.9155302,24.66598731,23.83616079,24.96514548,24.86455713,100.07,95320000,,,,
1585,河南,2017,1,Henan,2.82,24.96,67.08,97,49,35,54,198,2.4,51,134,22.17650775,22.54601898,23.18474723,23.99267153,24.82461819,102.36,95590000,,,,
1586,河南,2017,2,Henan,5.31,17.75,60.89,72,50,34,47,154,1.7,80,100,24.46220373,23.31935574,24.93037211,24.42666164,25.26093642,125.27,95590000,,,,
1587,河南,2017,3,Henan,9.74,19.66,57.47,108,51,29,46,126,1.2,95,73,28.15240486,26.3073043,27.07088138,25.84728797,26.50896248,142.28,95590000,,,,
1588,河南,2017,4,Henan,17.27,45.6,60.33,145,52,23,38,115,1.2,115,54,28.59803556,28.37522021,28.63536697,27.59207616,26.57394007,200.97,95590000,,,,
1589,河南,2017,5,Henan,23.09,67,56.62,297,53,20,33,135,1,162,52,29.1556605,28.87684803,26.75169725,27.10187415,25.92585062,250.88,95590000,,,,
1590,河南,2017,6,Henan,25.29,90.43,65.42,262,54,14,31,94,1,177,47,22.50139569,25.8285281,24.29293755,25.36921205,24.50752521,190.62,95590000,,,,
1591,河南,2017,7,Henan,28.71,136.51,73.65,170,55,9,22,70,1,141,37,21.22175647,21.86157608,21.59464333,23.48489762,23.90295776,216.69,95590000,,,,
1592,河南,2017,8,Henan,26.97,144.38,77.07,93,56,12,26,72,1.1,140,39,21.06077784,21.14126715,22.6192442,22.58978207,23.95185217,181.76,95590000,,,,
1593,河南,2017,9,Henan,22.24,154.69,78.96,78,57,16,36,85,1.1,125,43,25.57519829,23.31798806,25.34536956,24.31446629,25.61602667,132.8,95590000,,,,
1594,河南,2017,10,Henan,14.74,122.73,81.41,118,58,15,42,89,1.1,74,51,29.40013256,27.48766542,28.59919968,26.71459422,26.91459034,89.52,95590000,,,,
1595,河南,2017,11,Henan,9.85,6.29,56.37,220,59,22,55,136,1.2,66,75,30.82226818,30.11120037,29.3123252,28.37804347,26.49754635,156.75,95590000,,,,
1596,河南,2017,12,Henan,4.02,1.62,48.96,398,60,24,57,148,1.5,57,94,27.71457485,29.26842152,25.83746697,26.72813337,25.27578964,169.46,95590000,,,,
1597,河南,2018,1,Henan,-0.19,38.9,64.45,254,61,21,51,155,1.6,59,111,18.97555787,23.34506636,22.05218249,24.24470392,25.23438015,106.45,96050000,,,,
1598,河南,2018,2,Henan,4.22,11.82,50.81,88,62,20,39,144,1.3,84,86,19.46641476,19.22098632,22.54501925,23.83740815,24.73957005,153.75,96050000,,,,
1599,河南,2018,3,Henan,11.68,34.56,65.51,103,63,15,39,124,1.1,109,75,29.19308511,24.32974993,25.66923918,23.99581886,24.64408836,176.3,96050000,,,,
1600,河南,2018,4,Henan,17.29,NA,63.94,171,64,16,35,145,1,123,52,28.34821768,28.77065139,28.25948972,26.06122098,25.74044703,185.36,96050000,,,,
1601,河南,2018,5,Henan,21.9,139.73,68.31,208,65,14,30,105,0.9,147,46,27.23716638,27.79269203,26.68091176,27.3089551,25.90316282,166.59,96050000,,,,
1602,河南,2018,6,Henan,26.85,83.53,61.06,252,66,12,28,79,0.9,188,37,24.45735123,25.8472588,23.99150377,25.08068225,24.95965711,221.38,96050000,,,,
1603,河南,2018,7,Henan,28.53,138.58,77.37,126,67,9,22,62,0.8,136,33,20.27999369,22.36867246,23.07096715,24.11251696,24.69276593,198.53,96050000,,,,
1604,河南,2018,8,Henan,28.08,128.89,75.47,98,68,11,23,66,1,148,35,24.47555654,22.37777512,23.92310402,24.05666582,25.55978857,221.52,96050000,,,,
1605,河南,2018,9,Henan,21.87,65.78,69.66,99,69,13,36,75,1,124,34,27.01376182,25.74465918,27.68719932,25.83539791,26.73889053,150.41,96050000,,,,
1606,河南,2018,10,Henan,16.39,3.61,53.43,180,70,18,53,111,1,121,57,31.57227959,29.2930207,29.64630081,28.35361475,27.96449848,208.22,96050000,,,,
1607,河南,2018,11,Henan,9.58,38.65,72.41,361,71,16,53,155,1.3,68,97,30.35286103,30.96257031,29.44439135,28.83673397,26.80145641,117.76,96050000,,,,
1608,河南,2018,12,Henan,2.45,22.41,60.64,486,72,20,57,163,1.4,41,102,26.40803343,28.38044723,25.14041355,26.74838006,25.54926323,86.88,96050000,,,,
1609,河南,2019,1,Henan,1.4,13.4,53,305,73,18,68,165,1.38,38,122,18.66034618,22.53418981,21.94039184,24.04350914,25.55162497,71.4,96400000,,,,
1610,河南,2019,2,Henan,2.5,11.8,63,93,74,12,44,151,1.13,76,121,20.75279592,19.70657105,23.66574346,24.35131595,24.52984731,74.9,96400000,,,,
1611,河南,2019,3,Henan,12.8,2,43,192,75,11,49,113,0.69,101,54,31.58408829,26.1684421,25.86028565,24.06030078,25.06406413,213.7,96400000,,,,
1612,河南,2019,4,Henan,16.6,29.6,56,188,76,9,41,114,0.82,116,54,25.24397275,28.41403052,28.63572619,26.66499362,26.12562146,181.9,96400000,,,,
1613,河南,2019,5,Henan,23.8,0.6,40,275,77,9,38,116,0.64,149,40,29.07911754,27.16154514,26.09707436,27.46882784,26.06751648,212.4,96400000,,,,
1614,河南,2019,6,Henan,28.8,86.1,47,282,78,6,34,79,0.64,179,30,23.9681328,26.52362517,24.50317379,24.68837353,24.26121446,169.7,96400000,,,,
1615,河南,2019,7,Henan,29.8,99.9,58,158,79,4,36,69,0.73,174,30,20.46227102,22.21520191,22.32766068,24.01552489,25.03221101,168.7,96400000,,,,
1616,河南,2019,8,Henan,27.3,254.4,67,85,80,5,31,55,0.78,145,25,22.55257821,21.50742462,24.03793491,24.02048438,25.29861361,159.5,96400000,,,,
1617,河南,2019,9,Henan,23,41.3,64,98,81,8,39,69,0.88,153,32,29.09895549,25.82576685,27.35422141,25.63123381,26.23421159,167.3,96400000,,,,
1618,河南,2019,10,Henan,16.6,81.8,64,175,82,8,48,88,0.87,90,36,30.41113053,29.75504301,29.38540291,27.67719674,27.14724353,129.2,96400000,,,,
1619,河南,2019,11,Henan,11,4,56,259,83,11,56,120,0.99,63,71,28.64612271,29.52862662,28.02822799,28.29590986,25.77758163,112.2,96400000,,,,
1620,河南,2019,12,Henan,4.5,8.5,57,301,84,11,52,109,1.2,45,89,25.02743073,26.83677672,23.1259407,24.94723816,22.95565217,159.1,96400000,,,,
1621,河南,2020,1,Henan,2.7,47.7,72,119,85,11,50,129,1.3,59,120,15.70426867,20.3658497,18.5736692,21.09178258,22.34743607,62,99410000,,,,
1622,河南,2020,2,Henan,6.3,33.5,65,19,86,8,21,74,0.82,89,60,14.9893082,15.34678844,19.3545423,20.77276441,21.61675082,150.3,99410000,,,,
1623,河南,2020,3,Henan,12.8,5.5,51,15,87,10,37,97,0.68,103,48,27.37005003,21.17967911,22.45068489,20.76408084,21.65046684,170.1,99410000,,,,
1624,河南,2020,4,Henan,16.2,22.3,49,17,88,11,41,96,0.61,127,43,24.99269645,26.18137324,25.8529191,23.13701638,24.76048747,218.1,99410000,,,,
1625,河南,2020,5,Henan,24.7,54.5,47,12,89,9,33,89,0.62,159,29,25.19601083,25.09435364,27.14769304,27.20328228,27.53415955,245.9,99410000,,,,
1626,河南,2020,6,Henan,27.1,129.1,62,21,90,6,30,76,0.67,165,30,31.25437183,28.22519133,28.43601709,27.57518693,27.78597012,121.1,99410000,,,,
1627,河南,2020,7,Henan,26.6,127,79,30,91,4,28,59,0.71,153,29,28.85766862,30.05602022,29.58038111,28.48428854,27.84689557,97.2,99410000,,,,
1628,河南,2020,8,Henan,27.5,129,82,45,92,4,27,50,0.75,122,23,28.62910288,28.74338575,27.5946984,28.50961676,28.32704719,124,99410000,,,,
1629,河南,2020,9,Henan,24.6,51.7,58,45,93,8,39,70,0.72,145,29,25.2973237,26.96321329,27.1743985,27.59521603,28.31326412,165.8,99410000,,,,
1630,河南,2020,10,Henan,15.6,31.1,67,45,94,10,56,104,0.83,72,48,27.59676891,26.44704631,28.02651637,28.17716299,27.98466303,87.5,99410000,,,,
1631,河南,2020,11,Henan,10.9,39.6,62,75,95,10,48,105,0.92,56,70,31.18545649,29.3911127,28.66562953,27.82355307,27.82355307,102.2,99410000,,,,
1632,河南,2020,12,Henan,2.9,8.4,53,110,96,12,52,115,1.04,45,83,27.21466318,29.20005983,29.20005983,28.66562953,28.66562953,132.7,99410000,,,,
1633,陝西,2013,1,Shaanxi,-1.25,1.99,53.29,143,1,110,80,301,4,29,218,4.195678396,4.195678396,16.96040694,16.96040694,24.88464736,192.12,37640000,,,,
1634,陝西,2013,2,Shaanxi,2.65,8.97,62.23,42,2,71,60,259,3.6,55,203,29.72513548,16.96040694,24.88464736,24.88464736,27.09937397,127.94,37640000,,,,
1635,陝西,2013,3,Shaanxi,10.48,7.5,43.29,111,3,50,68,327,2.2,66,121,40.73312819,35.22913184,34.73393917,27.09937397,28.75029539,218.8,37640000,,,,
1636,陝西,2013,4,Shaanxi,13.57,36.66,50,141,4,29,58,181,2.2,81,80,33.74355383,37.23834101,36.61022103,34.88894964,33.25384404,236.79,37640000,,,,
1637,陝西,2013,5,Shaanxi,18.79,107.44,63.49,208,5,19,47,117,1.3,88,54,35.35398106,34.54876744,31.93698551,34.13602118,31.77550832,188.43,37640000,,,,
1638,陝西,2013,6,Shaanxi,23.16,68.95,63.69,171,6,17,37,88,1.1,105,42,26.71342165,31.03370136,28.13361985,29.53610335,29.28634478,217.67,37640000,,,,
1639,陝西,2013,7,Shaanxi,24.12,170.8,79.37,61,7,14,35,93,1.4,108,50,22.33345684,24.52343925,25.778063,28.17204252,29.87129427,146.66,37640000,,,,
1640,陝西,2013,8,Shaanxi,24.35,78.56,73,31,8,21,38,110,1.1,121,58,28.28731051,25.31038368,29.09635621,28.50062257,30.23774797,242.51,37640000,,,,
1641,陝西,2013,9,Shaanxi,18.63,78.1,74.17,37,9,27,50,135,1.5,100,80,36.66830128,32.47780589,34.04728712,31.11882955,31.83910291,146.9,37640000,,,,
1642,陝西,2013,10,Shaanxi,13.58,29.03,68.2,67,10,34,65,188,2,66,114,37.18624959,36.92727543,36.19158239,34.21551442,33.83599122,199.22,37640000,,,,
1643,陝西,2013,11,Shaanxi,5.42,24.66,67.51,86,11,45,52,132,1.8,27,68,34.72019631,35.95322295,34.74144811,35.2231614,33.14821929,155.31,37640000,,,,
1644,陝西,2013,12,Shaanxi,-0.43,0.45,57,109,12,92,69,254,2.9,11,176,32.31789842,33.51904737,30.62884853,32.26819879,32.01696594,187,37640000,,,,
1645,陝西,2014,1,Shaanxi,0.28,1.05,44.4,61,13,98,59,203,2.5,39,127,24.84845085,28.58317463,29.39279459,30.72464502,32.16500918,188.08,37750000,,,,
1646,陝西,2014,2,Shaanxi,0.32,17.32,71.51,35,14,64,44,208,2.6,55,153,31.01203451,27.93024268,31.26231705,31.52621239,32.2055123,79.8,37750000,,,,
1647,陝西,2014,3,Shaanxi,8.78,24.05,53.89,63,15,39,47,164,2.2,79,74,37.9264658,34.46925016,34.62040408,32.17741577,33.24586479,187.55,37750000,,,,
1648,陝西,2014,4,Shaanxi,13.57,77.61,68.97,75,16,19,39,131,1.6,84,60,34.92271192,36.42458886,36.78961286,35.34521828,34.17418686,146.55,37750000,,,,
1649,陝西,2014,5,Shaanxi,17.5,56.01,57.31,136,17,18,37,139,1.3,100,66,37.51966087,36.2211864,33.977478,34.96472495,32.74332987,223.22,37750000,,,,
1650,陝西,2014,6,Shaanxi,22.17,61.61,64.86,130,18,12,34,91,1.3,115,43,29.49006122,33.50486104,30.28915722,31.44754589,30.58404882,202.79,37750000,,,,
1651,陝西,2014,7,Shaanxi,24.77,81.53,65.86,67,19,11,31,76,0.9,120,35,23.85774956,26.67390539,26.8259571,29.49938304,31.4799921,264.2,37750000,,,,
1652,陝西,2014,8,Shaanxi,21.78,118.91,73.09,26,20,11,33,80,1,104,41,27.13006051,25.49390504,30.13007948,29.97007491,31.17443649,193.61,37750000,,,,
1653,陝西,2014,9,Shaanxi,17.99,195.43,83.49,42,21,10,33,69,1.2,70,37,39.40242837,33.26624444,34.17479056,31.59553031,32.24537149,105.4,37750000,,,,
1654,陝西,2014,10,Shaanxi,13.39,38.91,74.69,64,22,18,46,135,1.4,63,72,35.99188279,37.69715558,36.74634912,34.34227697,34.50449932,139.13,37750000,,,,
1655,陝西,2014,11,Shaanxi,6.06,23.05,70.86,88,23,33,45,133,1.6,37,78,34.84473621,35.4183095,35.33000257,36.34810902,34.63946632,128.63,37750000,,,,
1656,陝西,2014,12,Shaanxi,-0.93,1.1,49.54,103,24,52,44,123,2.1,34,62,35.15338872,34.99906247,32.60100681,33.4487258,32.30974339,181.86,37750000,,,,
1657,陝西,2015,1,Shaanxi,-0.1,7.82,58.83,111,25,50,48,147,2.6,43,94,27.8048955,31.47914211,30.23736599,31.38920855,33.98309211,149.69,37930000,,,,
1658,陝西,2015,2,Shaanxi,2.38,6.73,56.23,39,26,35,34,121,1.9,70,68,27.75381375,27.77935462,33.30577854,33.76768109,33.99224458,153.79,37930000,,,,
1659,陝西,2015,3,Shaanxi,8.1,27.96,59.09,115,27,25,36,110,1.6,80,57,44.35862638,36.05622006,35.66764623,33.70195854,34.69111988,166.91,37930000,,,,
1660,陝西,2015,4,Shaanxi,13.36,77.49,61.71,150,28,17,32,92,1.5,102,37,34.89049855,39.62456246,39.29896339,36.41267598,35.40908127,212.71,37930000,,,,
1661,陝西,2015,5,Shaanxi,18.13,67.63,61.23,284,29,16,31,90,1.3,114,41,38.64776524,36.76913189,34.97765541,37.32289815,34.9074504,229.94,37930000,,,,
1662,陝西,2015,6,Shaanxi,21.2,118.12,68.14,304,30,11,26,70,1,108,34,31.39470245,35.02123384,31.76270903,32.54465641,31.59333006,154.06,37930000,,,,
1663,陝西,2015,7,Shaanxi,24.15,42.79,64.37,193,31,11,26,71,0.9,128,36,25.24565939,28.32018092,28.1427955,30.76903794,32.89502505,263.5,37930000,,,,
1664,陝西,2015,8,Shaanxi,22.6,80.23,69.31,75,32,10,27,69,0.9,111,32,27.78802467,26.51684203,31.47755252,31.45684,32.28656861,226.09,37930000,,,,
1665,陝西,2015,9,Shaanxi,18.25,109.63,77.34,146,33,11,29,70,1.1,96,40,41.3989735,34.59349909,34.93082708,32.50953515,33.2273948,132.08,37930000,,,,
1666,陝西,2015,10,Shaanxi,12.45,60.09,71.89,216,34,15,39,97,1.3,74,47,35.60548305,38.50222828,37.70109665,35.22282866,35.3487899,152.7,37930000,,,,
1667,陝西,2015,11,Shaanxi,6.73,45.85,83.14,303,35,21,40,89,1.7,36,50,36.0988334,35.85215822,35.85231711,37.23898121,35.03321636,74.97,37930000,,,,
1668,陝西,2015,12,Shaanxi,0.62,5.85,66.4,397,36,35,51,166,2,42,104,35.85263489,35.97573414,32.72054175,33.44177707,31.54625345,149.83,37930000,,,,
1669,陝西,2016,1,Shaanxi,-2.4,4.23,58.89,366,37,36,50,152,2.1,52,98,26.21015695,31.03139592,28.67565028,30.53144606,32.88353171,NA,38130000,,,,
1670,陝西,2016,2,Shaanxi,1.25,8.69,48.46,95,38,29,36,123,1.8,78,60,23.96415899,25.08715797,30.82206342,32.07970629,33.02452238,169,38130000,,,,
1671,陝西,2016,3,Shaanxi,8.31,15.73,52.37,175,39,25,45,149,1.4,97,68,42.29187432,33.12801666,34.35327335,32.31749425,33.33543984,NA,38130000,,,,
1672,陝西,2016,4,Shaanxi,15.01,35.04,58.51,281,40,15,38,101,1.1,113,44,36.80378673,39.54783053,38.83429442,35.11676056,34.2239795,172.18,38130000,,,,
1673,陝西,2016,5,Shaanxi,17.07,70.98,60.97,446,41,13,30,85,0.9,127,39,37.40722221,37.10550447,34.95462139,36.78893462,34.13404397,187.54,38130000,,,,
1674,陝西,2016,6,Shaanxi,22.63,83.62,63.51,485,42,11,26,63,0.8,145,29,30.65285523,34.03003872,30.52485293,32.09458638,31.32537486,219.69,38130000,,,,
1675,陝西,2016,7,Shaanxi,24.72,143.72,71.66,218,43,8,23,54,0.8,125,27,23.51448136,27.08366829,27.47195512,29.95577189,31.52139996,195.25,38130000,,,,
1676,陝西,2016,8,Shaanxi,24.93,71.64,71.94,94,44,10,23,61,0.9,123,33,28.24852877,25.88150507,29.84897413,30.0499444,31.26753004,199.08,38130000,,,,
1677,陝西,2016,9,Shaanxi,19.12,59.06,72.71,128,45,13,37,77,1,108,42,37.78391226,33.01622052,34.0567712,31.42119874,32.63619887,112.28,38130000,,,,
1678,陝西,2016,10,Shaanxi,12.68,2.91,79.33,176,46,13,36,74,1.1,64,41,36.13787257,36.96089241,37.13932807,34.91662825,34.54185626,86.39,38130000,,,,
1679,陝西,2016,11,Shaanxi,6.13,16.46,68.11,262,47,27,52,157,1.6,45,83,37.49619939,36.81703598,35.55894676,36.11518814,34.07462504,127.24,38130000,,,,
1680,陝西,2016,12,Shaanxi,2.25,5.47,64.91,334,48,34,59,160,2,41,109,33.04276834,35.26948386,32.15044679,33.14730323,32.44091936,136.89,38130000,,,,
1681,陝西,2017,1,Shaanxi,0.08,5.81,58.65,197,49,36,53,167,2,54,112,25.91237263,29.47757049,29.52350829,31.51668106,33.32436683,133.61,38350000,,,,
1682,陝西,2017,2,Shaanxi,2.6,14.17,57.43,102,50,31,51,135,1.7,78,88,29.61538389,27.76387826,32.02762214,32.28140869,33.97260863,136.25,38350000,,,,
1683,陝西,2017,3,Shaanxi,6.47,36.76,57.98,157,51,21,45,93,1.2,91,52,40.55510988,35.08524689,36.96930073,34.2050687,34.58950344,139.34,38350000,,,,
1684,陝西,2017,4,Shaanxi,13.97,43.54,58.23,331,52,14,41,96,1,107,41,40.7374084,40.64625914,39.13992023,36.75878614,35.35964722,193.19,38350000,,,,
1685,陝西,2017,5,Shaanxi,18.65,57,55.41,543,53,13,38,102,0.9,130,43,36.1272424,38.4323254,35.54258077,36.79571305,34.18189702,228.19,38350000,,,,
1686,陝西,2017,6,Shaanxi,22.21,104.06,63.43,474,54,12,32,67,0.9,149,32,29.76309152,32.94516696,29.87232228,32.58859381,31.5395163,209.06,38350000,,,,
1687,陝西,2017,7,Shaanxi,26.4,115.9,63.88,227,55,11,29,64,1,147,30,23.72663292,26.74486222,26.94431023,29.24004327,31.2387667,252.24,38350000,,,,
1688,陝西,2017,8,Shaanxi,23.17,139.21,73.69,82,56,10,29,59,1,125,28,27.34320626,25.53491959,30.10116654,30.01664778,30.99705305,167.15,38350000,,,,
1689,陝西,2017,9,Shaanxi,18.74,106.5,78.7,127,57,11,36,74,1.1,93,35,39.23366043,33.28843334,33.83184694,31.30554343,32.30061837,124.87,38350000,,,,
1690,陝西,2017,10,Shaanxi,11.41,132.37,84.7,158,58,11,36,69,1.1,52,39,34.91867412,37.07616727,36.81108422,34.44411473,34.10823681,58.64,38350000,,,,
1691,陝西,2017,11,Shaanxi,6.01,5.73,63.92,210,59,22,54,122,1.5,49,69,36.28091811,35.59979612,34.65477245,35.79949444,34.00503849,151.17,38350000,,,,
1692,陝西,2017,12,Shaanxi,0.18,0.69,52.17,232,60,33,61,153,1.7,46,88,32.76472512,34.52282162,31.9576193,32.69788301,32.06001608,184.06,38350000,,,,
1693,陝西,2018,1,Shaanxi,-2.96,18.27,63.55,152,61,31,54,139,1.7,58,94,26.82721467,29.79596989,29.70016271,31.34535156,33.1512763,126.1,38640000,,,,
1694,陝西,2018,2,Shaanxi,1.12,4.17,48.48,75,62,28,43,126,1.4,84,69,29.50854835,28.16788151,32.23691275,32.36886584,33.62940894,185.21,38640000,,,,
1695,陝西,2018,3,Shaanxi,10.64,22.21,58.6,119,63,19,46,129,1.2,101,64,40.37497522,34.94176179,36.18503497,33.8455799,34.60216808,200.94,38640000,,,,
1696,陝西,2018,4,Shaanxi,14.91,NA,57.33,203,64,14,39,129,0.9,112,44,38.67158133,39.52327828,38.89169246,36.54590643,35.45344089,188.25,38640000,,,,
1697,陝西,2018,5,Shaanxi,18.52,63.8,62.53,327,65,11,34,103,0.8,123,38,37.62852083,38.15005108,35.79456028,36.93966402,34.3968834,184.54,38640000,,,,
1698,陝西,2018,6,Shaanxi,22.69,93.17,62.98,346,66,11,31,67,0.8,145,30,31.08357869,34.35604976,30.97928681,32.90236044,32.01239428,202.55,38640000,,,,
1699,陝西,2018,7,Shaanxi,24.78,173.19,77.73,162,67,8,23,53,0.9,120,27,24.22576091,27.6546698,27.92062309,30.34759752,32.56429363,166.34,38640000,,,,
1700,陝西,2018,8,Shaanxi,24.96,96.43,73.44,70,68,9,25,60,0.9,144,30,28.45252966,26.33914529,31.36978955,31.29823683,33.51607204,220.38,38640000,,,,
1701,陝西,2018,9,Shaanxi,17.28,85.11,74.85,104,69,10,32,54,0.8,97,24,41.43107807,34.94180387,37.42367353,34.12419538,35.30891258,123.54,38640000,,,,
1702,陝西,2018,10,Shaanxi,11.58,11.73,62.68,246,70,12,47,84,0.9,89,42,42.38741286,41.90924547,41.28875744,38.0797005,37.63797789,184.36,38640000,,,,
1703,陝西,2018,11,Shaanxi,5.37,21.99,66.91,478,71,17,54,127,1.3,52,65,40.0477814,41.21759713,39.43542724,39.93433994,36.81810359,126.66,38640000,,,,
1704,陝西,2018,12,Shaanxi,-1.28,3.54,53.53,745,72,24,54,146,1.4,43,75,35.87108745,37.95943442,33.42400901,35.66485997,34.09519416,104.87,38640000,,,,
1705,陝西,2019,1,Shaanxi,1,6.6,53,463,73,17,70,181,1.64,37,139,24.35315818,30.11212281,29.34692552,32.02213949,34.20144982,80.5,38760000,,,,
1706,陝西,2019,2,Shaanxi,3.5,9.1,62,150,74,11,44,157,1.31,66,114,27.81653092,26.08484455,31.69612675,32.73986693,32.93388478,92,38760000,,,,
1707,陝西,2019,3,Shaanxi,12.5,1.3,39,331,75,8,58,113,0.76,84,45,42.91869115,35.36761104,34.81505943,32.19958412,33.23340855,226.1,38760000,,,,
1708,陝西,2019,4,Shaanxi,17.5,56.7,58,387,76,7,46,107,0.82,101,45,33.70995622,38.31432369,37.99911787,35.45347114,34.89989254,174.2,38760000,,,,
1709,陝西,2019,5,Shaanxi,21,21.2,53,498,77,6,43,115,0.58,117,42,37.36870625,35.53933124,34.5880802,36.67073294,34.12040947,161.3,38760000,,,,
1710,陝西,2019,6,Shaanxi,25.5,112.7,60,598,78,5,34,54,0.61,144,26,32.68557813,35.02714219,31.32446667,31.92083906,31.51703194,130.8,38760000,,,,
1711,陝西,2019,7,Shaanxi,27.5,55.6,62,286,79,5,32,49,0.56,152,22,23.91911562,28.30234687,28.83549907,30.96880087,32.67402154,204.6,38760000,,,,
1712,陝西,2019,8,Shaanxi,26.7,80.8,65,121,80,5,34,56,0.68,138,26,29.90180347,26.91045954,31.10527444,31.50035036,32.08546142,176.1,38760000,,,,
1713,陝西,2019,9,Shaanxi,20.9,163.7,75,213,81,6,41,54,0.7,109,28,39.49490422,34.69835384,34.60753778,31.93543224,32.47921209,163.3,38760000,,,,
1714,陝西,2019,10,Shaanxi,14.5,56.8,80,222,82,7,46,75,0.77,48,38,34.42590565,36.96040493,36.1917138,34.61923621,33.73222889,85.3,38760000,,,,
1715,陝西,2019,11,Shaanxi,8.8,9.7,70,298,83,10,58,125,0.96,32,79,34.65433152,34.54011858,33.08814558,34.68983524,31.72322291,102.2,38760000,,,,
1716,陝西,2019,12,Shaanxi,3.9,0.3,56,200,84,15,65,143,1.15,32,100,30.18419957,32.41926555,28.23176822,29.78030258,27.11065931,155.4,38760000,,,,
1717,陝西,2020,1,Shaanxi,2.4,3.1,68,104,85,13,49,144,1.49,46,130,19.85677358,25.02048658,22.15768647,25.28184773,28.60535154,83.7,39550000,,,,
1718,陝西,2020,2,Shaanxi,6.2,7.2,54,8,86,11,29,97,0.97,88,74,16.43208624,18.14442991,26.0627422,27.09310655,28.22975296,172.6,39550000,,,,
1719,陝西,2020,3,Shaanxi,12.6,16.5,49,16,87,9,46,111,0.61,86,47,41.89936679,29.16572652,30.36926389,27.74114131,30.91966958,164.9,39550000,,,,
1720,陝西,2020,4,Shaanxi,16.4,8.4,47,12,88,9,49,94,0.6,105,39,32.77633862,37.33785271,39.43649602,33.68539358,33.03485789,186.1,39550000,,,,
1721,陝西,2020,5,Shaanxi,23,81.7,47,31,89,7,38,85,0.52,129,28,43.63378266,38.20506064,35.6142788,37.1855508,37.01125355,221.3,39550000,,,,
1722,陝西,2020,6,Shaanxi,24.9,131.2,67,30,90,6,31,58,0.62,128,25,30.43271512,37.03324889,36.79352078,35.78922524,36.04853196,132.6,39550000,,,,
1723,陝西,2020,7,Shaanxi,25.7,102.9,76,27,91,5,28,54,0.63,134,26,36.31406457,33.37338985,34.61084617,36.86658029,35.7113662,143.3,39550000,,,,
1724,陝西,2020,8,Shaanxi,25.4,116.6,79,47,92,5,29,47,0.63,110,22,37.08575882,36.6999117,34.83011107,33.73076208,35.19427156,147.1,39550000,,,,
1725,陝西,2020,9,Shaanxi,21.8,40.7,70,35,93,7,43,70,0.69,110,33,31.09050982,34.08813432,36.40819271,36.38466068,37.5249498,161.1,39550000,,,,
1726,陝西,2020,10,Shaanxi,13.6,68.5,78,50,94,7,45,86,0.73,43,37,41.04830949,36.06940965,38.0749752,37.82767111,36.73564822,69.2,39550000,,,,
1727,陝西,2020,11,Shaanxi,9.4,42.9,68,112,95,9,56,125,0.92,50,71,42.08610629,41.56720789,38.50065749,36.64812057,36.64812057,110.1,39550000,,,,
1728,陝西,2020,12,Shaanxi,1,2.7,63,147,96,13,54,120,1.04,33,80,32.36755668,37.22683149,37.22683149,38.50065749,38.50065749,83.6,39550000,,,,
1729,青海,2013,1,Qinghai,-11.05,1.53,38.74,5,1,47,44,154,2.8,20,89,2.30492152,2.30492152,12.93724579,12.93724579,21.01123992,213.87,5780000,,,,
1730,青海,2013,2,Qinghai,-5.02,4.3,36.21,1,2,42,31,196,2.2,41,84,23.56957007,12.93724579,21.01123992,21.01123992,23.16672479,208.59,5780000,,,,
1731,青海,2013,3,Qinghai,-0.09,1.95,27.71,6,3,39,32,405,1.9,52,116,37.15922816,30.36439912,30.12065922,23.16672479,24.96127799,264.82,5780000,,,,
1732,青海,2013,4,Qinghai,3.81,13.23,36.71,12,4,31,31,237,1,107,73,29.63317942,33.39620379,32.97729946,30.62536711,28.78368823,255.06,5780000,,,,
1733,青海,2013,5,Qinghai,8.02,56.87,52.91,37,5,25,31,124,1.1,85,53,32.13949079,30.8863351,27.72988097,30.08721777,27.98754799,218.5,5780000,,,,
1734,青海,2013,6,Qinghai,13.2,52.15,52.18,41,6,38,29,109,1.4,92,48,21.4169727,26.77823174,24.38177745,25.69462794,25.73548425,260.26,5780000,,,,
1735,青海,2013,7,Qinghai,14.08,92.78,62.76,19,7,26,39,111,1.3,72,54,19.58886888,20.50292079,22.30158369,24.76106046,25.37882857,186.82,5780000,,,,
1736,青海,2013,8,Qinghai,14.77,43.17,54.09,18,8,52,33,112,1.3,97,56,25.89890949,22.74388918,24.44589313,23.68866302,23.72051305,287.06,5780000,,,,
1737,青海,2013,9,Qinghai,8.33,47.48,58.59,27,9,41,42,102,1.3,81,54,27.84990101,26.87440525,25.86557456,24.29639814,24.26443775,195.64,5780000,,,,
1738,青海,2013,10,Qinghai,2.74,14.85,51.06,34,10,47,49,109,1.5,62,50,23.84791319,25.8489071,25.27813679,25.43332997,23.43734368,237.71,5780000,,,,
1739,青海,2013,11,Qinghai,-5.72,3.46,48.38,25,11,56,60,130,2.3,38,66,24.13659619,23.99225469,21.1459693,22.82195223,20.04423696,227.23,5780000,,,,
1740,青海,2013,12,Qinghai,-10.71,1.22,44.91,20,12,96,66,136,3,27,82,15.45339852,19.79499735,16.17445686,18.09282094,22.00589418,225.87,5780000,,,,
1741,青海,2014,1,Qinghai,-9.82,1.1,35.71,1,13,87,52,163,2.5,35,89,8.933375883,12.1933872,20.68165384,21.54538943,23.52207158,224.25,5830000,,,,
1742,青海,2014,2,Qinghai,-6.31,5.7,40,2,14,44,30,148,1.6,58,81,37.65818711,23.2957815,26.00678773,23.36844043,24.53529779,187.36,5830000,,,,
1743,青海,2014,3,Qinghai,-0.98,7.65,37.91,7,15,33,37,157,1.3,50,63,31.4288002,34.54349365,32.76323819,26.80577261,27.28014381,234.91,5830000,,,,
1744,青海,2014,4,Qinghai,3.7,21.75,45.79,12,16,36,28,156,1.1,66,67,29.20272725,30.31576373,29.93638535,31.86683579,30.1818829,233.71,5830000,,,,
1745,青海,2014,5,Qinghai,7.61,27.16,41.79,26,17,41,28,153,1,78,62,29.17762859,29.19017792,27.27414239,28.31280684,26.20719354,248.59,5830000,,,,
1746,青海,2014,6,Qinghai,11.45,94.52,59.44,27,18,29,30,85,0.9,68,50,23.44207134,26.30984996,23.46814674,24.90179187,24.08148914,177,5830000,,,,
1747,青海,2014,7,Qinghai,14.3,65.53,57.12,16,19,32,32,86,1,75,48,17.7847403,20.61340582,20.67569663,22.80117962,25.54107114,244.26,5830000,,,,
1748,青海,2014,8,Qinghai,12.27,82.65,61.59,5,20,33,35,91,1,83,53,20.80027824,19.29250927,25.02855192,24.63193177,24.7756545,198.46,5830000,,,,
1749,青海,2014,9,Qinghai,9.3,66.6,62.76,17,21,30,36,90,0.9,74,50,36.50063722,28.65045773,27.55048696,25.10905029,24.68774035,181.04,5830000,,,,
1750,青海,2014,10,Qinghai,3.48,21,58.41,30,22,28,40,92,1.1,59,51,25.35054542,30.92559132,28.28456108,26.41349037,24.64797091,221.84,5830000,,,,
1751,青海,2014,11,Qinghai,-4.1,3.41,47.91,24,23,40,49,100,1.6,44,71,23.00250059,24.176523,21.97964636,25.60989408,22.78506592,211.94,5830000,,,,
1752,青海,2014,12,Qinghai,-9.85,2.29,41.32,15,24,57,49,107,2.1,45,59,17.58589308,20.29419683,17.35804899,19.35617309,20.95684536,217.08,5830000,,,,
1753,青海,2015,1,Qinghai,-10.05,4.36,44.32,2,25,30,23,98,1.2,77,48,11.48575329,14.53582319,18.8103936,19.85842034,24.69054593,221.34,5880000,,,,
1754,青海,2015,2,Qinghai,-6,2.24,36.79,1,26,25,17,97,0.9,96,46,27.35953442,19.42264386,27.62144533,25.11255726,26.64899384,198.94,5880000,,,,
1755,青海,2015,3,Qinghai,-0.31,4.56,34.26,7,27,22,17,141,0.8,109,50,44.01904826,35.68929134,34.72444094,28.91476903,28.86885039,228.59,5880000,,,,
1756,青海,2015,4,Qinghai,3.7,22.67,44.79,32,28,19,18,105,0.6,121,46,32.79474013,38.4068942,35.16632142,33.21462467,31.84191576,239.07,5880000,,,,
1757,青海,2015,5,Qinghai,8.12,41.81,50.59,54,29,15,17,102,0.8,129,40,28.68517585,30.73995799,29.27699871,32.96251109,29.96360947,237.38,5880000,,,,
1758,青海,2015,6,Qinghai,11.43,78.5,59.65,90,30,16,20,72,0.7,127,38,26.35108013,27.51812799,24.33475299,26.44974978,24.87085428,200.23,5880000,,,,
1759,青海,2015,7,Qinghai,13,51.9,55.85,48,31,16,20,59,0.7,111,33,17.96800299,22.15954156,20.95811848,22.88988282,24.0341498,278.6,5880000,,,,
1760,青海,2015,8,Qinghai,12.7,49.24,55.21,17,32,16,20,66,0.7,111,36,18.55527231,18.26163765,21.71149767,22.87139329,24.77619014,245.09,5880000,,,,
1761,青海,2015,9,Qinghai,9.34,61.51,63.76,16,33,17,21,57,0.7,91,32,28.61121772,23.58324501,26.52062253,24.38246765,24.7117306,185.35,5880000,,,,
1762,青海,2015,10,Qinghai,3.49,10.84,47.56,45,34,19,24,79,0.8,83,38,32.39537757,30.50329764,29.01179257,26.3976625,26.02092412,250.51,5880000,,,,
1763,青海,2015,11,Qinghai,-1.85,3.99,46.21,64,35,27,26,89,1.1,68,46,26.02878241,29.21207999,27.64604352,27.88733707,25.80313262,217.72,5880000,,,,
1764,青海,2015,12,Qinghai,-9.9,1.21,43.53,68,36,31,25,86,1.2,69,47,24.51397058,25.2713765,22.66968927,25.10111135,23.50410202,214.17,5880000,,,,
1765,青海,2016,1,Qinghai,-10.96,2.07,40.85,38,37,28,20,88,1.1,70,41,17.46631483,20.99014271,19.69878337,21.28128313,23.21963618,NA,5930000,,,,
1766,青海,2016,2,Qinghai,-7.41,1.77,32.56,9,38,23,15,99,1,69,41,17.11606468,17.29118976,21.85180931,22.51734963,24.12970398,206.93,5930000,,,,
1767,青海,2016,3,Qinghai,-0.75,11.82,36.94,12,39,18,17,124,0.9,89,47,30.97304842,24.04455655,26.22274483,24.03363733,24.70695848,192.15,5930000,,,,
1768,青海,2016,4,Qinghai,4.28,22.75,46.5,27,40,16,17,87,0.7,99,33,30.57912139,30.77608491,29.6508043,26.5171194,26.63277733,197.63,5930000,,,,
1769,青海,2016,5,Qinghai,8.28,50.62,50.82,42,41,14,17,90,0.7,104,36,27.40024309,28.98968224,28.35825785,29.01195549,27.33474338,216.63,5930000,,,,
1770,青海,2016,6,Qinghai,12.5,48.46,52.03,54,42,15,19,59,0.8,117,28,27.09540906,27.24782608,25.0405157,26.42516713,24.99105907,235.54,5930000,,,,
1771,青海,2016,7,Qinghai,14.8,79.25,57.41,51,43,15,17,62,0.8,112,30,20.62589495,23.86065201,22.32531029,23.59404349,25.15002962,222.07,5930000,,,,
1772,青海,2016,8,Qinghai,15.94,83.09,60.88,16,44,14,18,57,0.9,106,30,19.25462685,19.9402609,23.75149865,24.58747625,24.87449471,232.13,5930000,,,,
1773,青海,2016,9,Qinghai,8.74,51.01,64.85,28,45,13,19,41,0.8,89,20,31.37397413,25.31430049,25.55038985,24.31926613,24.34900512,154.06,5930000,,,,
1774,青海,2016,10,Qinghai,3.55,0.96,55.78,39,46,16,23,68,0.9,84,30,26.02256856,28.69827135,27.28816793,25.27978266,24.29440676,196.55,5930000,,,,
1775,青海,2016,11,Qinghai,-3.03,1.67,42.12,39,47,27,29,103,1.2,74,41,24.46796111,25.24526483,23.61447761,25.55435174,24.09049575,205.58,5930000,,,,
1776,青海,2016,12,Qinghai,-7.12,1.57,41.06,27,48,39,29,79,1.2,73,38,20.35290317,22.41043214,21.01864535,22.26962615,22.86727996,206.79,5930000,,,,
1777,青海,2017,1,Qinghai,-9.09,2.71,45.47,10,49,35,26,119,1.2,81,44,18.23507178,19.29398747,21.2819567,22.0784578,23.71778693,192.61,5980000,,,,
1778,青海,2017,2,Qinghai,-4.81,5,40.46,7,50,30,22,102,1.1,92,39,25.25789516,21.74648347,24.58935679,23.53024339,24.69198987,168.07,5980000,,,,
1779,青海,2017,3,Qinghai,-2.66,12.11,46.79,12,51,24,20,76,1,110,33,30.27510343,27.7664993,28.29065814,25.77676155,26.62131828,195.4,5980000,,,,
1780,青海,2017,4,Qinghai,3.93,21.25,46.35,21,52,20,20,85,0.9,114,30,29.33897582,29.80703963,29.87120816,28.71787991,28.6311869,224.51,5980000,,,,
1781,青海,2017,5,Qinghai,7.32,47.9,49.72,37,53,15,18,58,0.7,127,24,29.99954521,29.66926052,29.2076453,29.47450983,27.85032844,247.62,5980000,,,,
1782,青海,2017,6,Qinghai,10.6,68.09,61.97,64,54,13,18,44,0.7,123,21,28.28441486,29.14198004,26.54585431,27.24413469,26.17815312,189.62,5980000,,,,
1783,青海,2017,7,Qinghai,14.87,54.49,57.12,56,55,13,17,48,0.8,126,24,21.35360287,24.81900886,23.85074819,25.38794744,26.0515578,256.16,5980000,,,,
1784,青海,2017,8,Qinghai,13.32,103.85,65.72,27,56,10,16,37,0.8,104,21,21.91422683,21.63391485,23.9912763,25.06456094,25.05097722,190.04,5980000,,,,
1785,青海,2017,9,Qinghai,9.52,66.22,68.3,39,57,13,20,38,0.8,94,22,28.7059992,25.31011302,25.20562278,24.24261781,24.31379683,176.85,5980000,,,,
1786,青海,2017,10,Qinghai,4.05,35,61.6,42,58,15,23,53,0.9,82,27,24.99664232,26.85132076,26.10038482,25.05384532,24.51364407,200.55,5980000,,,,
1787,青海,2017,11,Qinghai,-3.8,2.74,47.79,41,59,22,27,66,1.1,78,33,24.59851294,24.79757763,23.98266477,25.16349838,24.05470659,221.87,5980000,,,,
1788,青海,2017,12,Qinghai,-7.39,1.31,39.25,31,60,31,32,96,1.2,75,47,22.35283905,23.475676,22.19029714,22.89188344,23.09345645,229.47,5980000,,,,
1789,青海,2018,1,Qinghai,-8.84,2.42,38.01,17,61,29,27,89,1.1,84,43,19.61953943,20.98618924,21.95737566,22.61765998,24.45045241,208.55,6030000,,,,
1790,青海,2018,2,Qinghai,-6.63,3.23,36.64,9,62,24,20,91,1.1,98,36,23.89974851,21.75964397,25.10030336,24.41343728,25.32091609,190.23,6030000,,,,
1791,青海,2018,3,Qinghai,-0.24,11.53,41.91,19,63,19,22,92,1,106,34,31.78162214,27.84068533,28.21073399,26.06293535,27.01588205,231.22,6030000,,,,
1792,青海,2018,4,Qinghai,3.99,NA,45.39,29,64,15,20,111,0.8,110,39,28.95083132,30.36622673,30.52004076,28.8649677,28.21071997,221.98,6030000,,,,
1793,青海,2018,5,Qinghai,8.52,46.5,53.47,60,65,12,18,79,0.7,118,32,30.82766883,29.88925008,28.45740974,29.28846284,27.65237214,225.78,6030000,,,,
1794,青海,2018,6,Qinghai,11.94,87.47,62.73,78,66,12,18,43,0.8,124,23,25.59372906,28.21069894,25.84313575,26.62005964,24.73543792,185.08,6030000,,,,
1795,青海,2018,7,Qinghai,14.41,101.6,64.83,56,67,12,17,40,0.8,119,22,21.10800937,23.35086921,21.29956315,23.68158957,24.59047895,218.16,6030000,,,,
1796,青海,2018,8,Qinghai,13.84,115.14,69.3,21,68,11,18,35,0.8,102,20,17.19695103,19.1524802,22.17699895,23.03118148,25.71517076,188.02,6030000,,,,
1797,青海,2018,9,Qinghai,9.3,72.79,68.31,12,69,12,19,42,0.8,103,21,28.22603646,22.71149375,27.29137179,25.74553118,25.32863269,157.8,6030000,,,,
1798,青海,2018,10,Qinghai,1.32,18.14,60,63,70,14,22,55,0.8,93,27,36.45112788,32.33858217,29.44606769,26.38378852,26.28231842,215.03,6030000,,,,
1799,青海,2018,11,Qinghai,-4.53,13.01,58.01,60,71,19,27,78,1,84,33,23.66103872,30.0560833,28.6628682,28.55366027,26.39650729,191.67,6030000,,,,
1800,青海,2018,12,Qinghai,-8.99,3.19,49.48,72,72,20,29,87,1.2,82,41,25.87643801,24.76873837,22.43512403,25.93912499,25.463755,207.07,6030000,,,,
1801,青海,2019,1,Qinghai,-7.2,2.4,54,35,73,32,51,86,2.05,58,58,17.76789536,21.82216669,22.40220279,22.71691178,24.255457,180.6,6080000,,,,
1802,青海,2019,2,Qinghai,-3.1,2.4,51,15,74,18,32,84,1.34,73,41,23.56227501,20.66508519,23.91326942,24.40406157,24.48875482,162.6,6080000,,,,
1803,青海,2019,3,Qinghai,2.7,4.1,39,33,75,16,38,88,1.16,98,36,30.40963788,26.98595645,26.26648024,24.14183402,25.45141172,220.2,6080000,,,,
1804,青海,2019,4,Qinghai,10.3,22,44,28,76,18,34,82,1.07,112,37,24.82752782,27.61858285,28.64229607,27.37229081,27.29838059,227.2,6080000,,,,
1805,青海,2019,5,Qinghai,11.4,52.4,58,51,77,11,24,97,0.81,114,42,30.68972252,27.75862517,27.50666336,28.23240699,26.60498183,197.1,6080000,,,,
1806,青海,2019,6,Qinghai,14.7,95.8,69,66,78,13,27,36,0.88,114,22,27.00273974,28.84623113,25.92924782,25.65381782,24.54966109,154.2,6080000,,,,
1807,青海,2019,7,Qinghai,16.5,69.8,65,57,79,14,30,42,0.94,116,25,20.09528121,23.54901047,22.4103517,24.4801944,26.63700252,206.1,6080000,,,,
1808,青海,2019,8,Qinghai,16.6,129.3,65,16,80,12,27,35,0.9,119,18,20.13303416,20.11415768,25.16418345,25.62382252,26.0528234,212.4,6080000,,,,
1809,青海,2019,9,Qinghai,12.3,125.3,72,43,81,11,34,40,0.95,97,21,35.26423499,27.69863457,27.72203202,25.81534432,26.09524288,180.4,6080000,,,,
1810,青海,2019,10,Qinghai,6.6,29.4,68,66,82,12,41,53,1.09,67,29,27.76882693,31.51653096,30.08263301,27.59523329,26.33460455,165.2,6080000,,,,
1811,青海,2019,11,Qinghai,0.9,2.5,53,94,83,21,51,78,1.4,61,47,27.2148371,27.49183202,25.4252512,27.88499715,25.69474297,198.9,6080000,,,,
1812,青海,2019,12,Qinghai,-5.3,1.1,51,68,84,26,53,65,1.94,54,51,21.29208958,24.25346334,21.81355098,23.30236997,21.80185867,227.4,6080000,,,,
1813,青海,2020,1,Qinghai,-5.3,4.8,59,26,85,22,46,73,2.04,79,61,16.93372626,19.11290792,18.00854311,20.31011661,20.91829107,198.5,5930000,,,,
1814,青海,2020,2,Qinghai,-2.4,1.6,36,6,86,18,31,70,1.28,94,38,15.79981347,16.36676987,18.69484288,19.34415456,21.26265497,245.6,5930000,,,,
1815,青海,2020,3,Qinghai,2.8,5.1,44,3,87,13,32,86,0.96,99,34,23.35098891,19.57540119,22.69581968,21.25529632,22.19848379,215.3,5930000,,,,
1816,青海,2020,4,Qinghai,6.6,3.9,44,4,88,11,33,83,0.95,106,33,28.93665664,26.14382278,26.08629307,23.51467317,25.74507675,210.5,5930000,,,,
1817,青海,2020,5,Qinghai,11.7,62.9,51,5,89,11,29,61,0.75,114,28,25.97123364,27.45394514,29.85819379,28.23139257,29.15046112,215.3,5930000,,,,
1818,青海,2020,6,Qinghai,14.8,64.1,61,7,90,12,31,45,0.74,117,23,34.66669108,30.31896236,31.15488669,30.60032918,28.10395656,170.4,5930000,,,,
1819,青海,2020,7,Qinghai,16.8,82,67,37,91,14,29,39,0.81,125,21,32.82673534,33.74671321,28.5372975,27.89578153,28.4312895,179.3,5930000,,,,
1820,青海,2020,8,Qinghai,16.1,123.6,70,15,92,14,29,40,0.85,108,21,18.11846607,25.47260071,27.17284092,29.04630346,28.83849568,184.6,5930000,,,,
1821,青海,2020,9,Qinghai,12.4,72.7,74,17,93,12,33,41,0.75,91,24,30.57332135,24.34589371,25.56635066,27.38144683,26.7461524,164.1,5930000,,,,
1822,青海,2020,10,Qinghai,6.2,2.4,56,30,94,13,40,65,0.98,81,33,28.00726456,29.29029296,27.59518685,25.22600666,27.9748229,187.6,5930000,,,,
1823,青海,2020,11,Qinghai,0.7,3.1,57,25,95,22,57,97,1.62,59,61,24.20497465,26.10611961,30.39410902,30.4389121,30.4389121,187.6,5930000,,,,
1824,青海,2020,12,Qinghai,-7.1,1.6,58,48,96,24,47,75,1.58,53,55,38.97008784,31.58753124,31.58753124,30.39410902,30.39410902,187.3,5930000,,,,
1825,山東,2013,1,Shandong,-2.5,10.22,73.91,372,1,171,84,268,2.5,32,183,3.657813445,3.657813445,15.22242235,15.22242235,23.24194974,139.32,97330000,,,,
1826,山東,2013,2,Shandong,0.33,14.64,72.87,80,2,107,52,182,1.6,66,123,26.78703126,15.22242235,23.24194974,23.24194974,25.38858922,124.51,97330000,,,,
1827,山東,2013,3,Shandong,6.36,10.2,54.22,210,3,64,40,169,1.1,83,71,39.28100451,33.03401788,32.63218114,25.38858922,27.16814684,229.46,97330000,,,,
1828,山東,2013,4,Shandong,11.35,16.81,53.7,238,4,50,36,160,0.9,108,64,31.82850766,35.55475609,35.13196317,33.04573019,31.4369072,249.5,97330000,,,,
1829,山東,2013,5,Shandong,18.99,111.37,67.17,344,5,45,36,131,1,118,69,34.28637735,33.0574425,30.37216674,32.59937618,30.49522793,231.88,97330000,,,,
1830,山東,2013,6,Shandong,23.04,36.28,72.87,264,6,35,29,124,1,123,69,25.00161521,29.64399628,27.12220917,28.29878379,28.8551483,210.81,97330000,,,,
1831,山東,2013,7,Shandong,26.3,244.78,84.43,88,7,35,31,118,0.9,119,66,22.07863494,23.54012507,26.05361883,28.11180846,29.78455642,139.34,97330000,,,,
1832,山東,2013,8,Shandong,27.36,85.46,75.87,62,8,41,32,101,0.9,147,50,31.08060634,26.57962064,29.87826318,28.65910119,30.48139059,260.21,97330000,,,,
1833,山東,2013,9,Shandong,21.6,53.51,71.96,93,9,43,41,156,1,122,59,36.47554825,33.7780773,35.10890093,31.85133443,33.17774037,194.32,97330000,,,,
1834,山東,2013,10,Shandong,15.25,6.61,63.61,171,10,52,49,167,1.2,101,74,37.77054819,37.12304822,37.57648686,35.95251673,35.51069556,231.43,97330000,,,,
1835,山東,2013,11,Shandong,7.45,38.73,60.91,351,11,67,53,148,1.3,47,77,38.48336415,38.12695617,36.6657744,36.61821787,33.98814044,188.95,97330000,,,,
1836,山東,2013,12,Shandong,0.82,2.08,58.43,588,12,130,72,223,1.8,11,138,33.74341088,36.11338751,31.89820192,33.36628849,32.25711245,182.36,97330000,,,,
1837,山東,2014,1,Shandong,1.03,1.57,61.74,382,13,103,62,211,1.9,42,137,23.46783073,28.60562081,28.3438833,30.87875351,32.83269482,160.34,97890000,,,,
1838,山東,2014,2,Shandong,0.92,16.42,66.04,152,14,73,44,136,1.5,70,94,27.82040829,25.64411951,30.64556636,31.42002749,31.81856139,133.14,97890000,,,,
1839,山東,2014,3,Shandong,9.39,2.72,55.57,372,15,70,53,169,1.4,92,91,40.64846005,34.23443417,33.96052178,31.33734902,31.88682025,214.2,97890000,,,,
1840,山東,2014,4,Shandong,14.52,43.47,63,492,16,56,46,147,1.2,110,77,33.41269701,37.03057853,36.04862075,33.99156763,32.55253146,207.03,97890000,,,,
1841,山東,2014,5,Shandong,20.64,57.18,53.61,752,17,48,39,144,1.1,138,64,34.08470518,33.7487011,31.43126299,33.73556226,31.86693628,295.66,97890000,,,,
1842,山東,2014,6,Shandong,22.92,67.01,71.96,577,18,38,34,110,1.1,142,65,26.79638679,30.44054598,28.42450811,29.67155533,29.3121817,181.17,97890000,,,,
1843,山東,2014,7,Shandong,25.88,123.14,74.52,296,19,35,32,108,1.1,149,60,24.39243236,25.59440957,26.35450211,28.28705288,29.83423258,203.96,97890000,,,,
1844,山東,2014,8,Shandong,24.77,66.95,76.61,156,20,42,36,107,1.2,143,60,27.87468717,26.13355977,29.43002365,28.77161443,30.40919828,207.14,97890000,,,,
1845,山東,2014,9,Shandong,20.68,93.15,77.48,209,21,41,38,103,1.3,110,58,36.02295141,31.94881929,33.61905741,31.31240115,32.28112891,147.81,97890000,,,,
1846,山東,2014,10,Shandong,15.69,25.8,68.3,348,22,47,46,130,1.3,99,72,36.95953365,36.49124253,36.37950835,34.25330305,33.86679704,199.53,97890000,,,,
1847,山東,2014,11,Shandong,8.38,32.14,65.04,629,23,63,58,163,1.7,58,99,36.15603998,36.55778681,35.14544888,35.36482451,33.75539187,141,97890000,,,,
1848,山東,2014,12,Shandong,0.32,5.63,51.87,771,24,88,58,164,1.7,43,93,32.32077301,34.2384065,31.93149142,33.18850198,31.61351259,189.16,97890000,,,,
1849,山東,2015,1,Shandong,0.59,8.32,59.35,666,25,67,47,140,1.6,47,90,27.31766128,29.81921715,28.31732978,30.27700733,31.00738317,161.2,98470000,,,,
1850,山東,2015,2,Shandong,1.95,13.17,58.43,307,26,55,38,132,1.5,64,78,25.31355504,26.31560816,28.85336761,29.72021896,31.20049362,167.67,98470000,,,,
1851,山東,2015,3,Shandong,7.75,4.69,53.22,305,27,44,38,137,1.2,85,67,33.92888651,29.62122078,32.1213446,30.92042377,31.53514315,232.63,98470000,,,,
1852,山東,2015,4,Shandong,13.08,56.88,61.22,494,28,32,32,111,1,115,58,37.12159225,35.52523938,35.01483314,32.58951362,31.72537499,221.84,98470000,,,,
1853,山東,2015,5,Shandong,19.06,41.65,62.39,802,29,30,30,99,0.9,132,49,33.99402065,35.55780645,33.12814446,33.32832998,31.65598554,247.03,98470000,,,,
1854,山東,2015,6,Shandong,23.43,61.97,65.22,663,30,26,24,92,0.9,149,48,28.26882048,31.13142057,29.07648297,31.08776029,30.19305423,216.8,98470000,,,,
1855,山東,2015,7,Shandong,25.71,113.71,74.3,399,31,21,23,79,0.9,132,43,24.96660779,26.61771414,26.61655274,28.46091972,30.08163557,199.2,98470000,,,,
1856,山東,2015,8,Shandong,25.34,145.74,78.74,180,32,22,27,78,1,134,43,26.61422995,25.79041887,29.38177891,29.1035393,30.5109068,206.05,98470000,,,,
1857,山東,2015,9,Shandong,21.26,40.94,73.17,244,33,26,33,80,0.9,126,42,36.56449899,31.58936447,33.10636858,31.07142838,32.14000446,193.28,98470000,,,,
1858,山東,2015,10,Shandong,15.71,18.01,63.52,390,34,31,41,124,1.1,106,70,36.1403768,36.35243789,36.37306152,33.93335363,33.99042245,197.31,98470000,,,,
1859,山東,2015,11,Shandong,6.63,91.84,79.7,654,35,34,38,111,1.4,56,76,36.41430876,36.27734278,35.59112777,35.83447057,33.56780392,71.17,98470000,,,,
1860,山東,2015,12,Shandong,1.97,4.19,67.39,947,36,59,53,181,1.9,42,120,34.21869774,35.31650325,31.71138126,32.81863015,31.37838716,134.81,98470000,,,,
1861,山東,2016,1,Shandong,-2.42,4.34,59.09,755,37,57,48,147,1.6,48,96,24.50113729,29.35991752,28.11241675,30.18788975,32.12908242,NA,99470000,,,,
1862,山東,2016,2,Shandong,1.67,26.06,54.13,240,38,43,35,113,1.4,73,69,25.61741521,25.05927625,30.00413521,31.05777584,31.34423471,188.76,99470000,,,,
1863,山東,2016,3,Shandong,8.37,5.33,50.17,526,39,35,37,135,1.1,101,65,39.89385312,32.75563417,32.66711285,30.62561896,31.76606322,229.31,99470000,,,,
1864,山東,2016,4,Shandong,15.33,24.04,57.78,601,40,28,33,149,1,127,63,32.4900702,36.19196166,36.23725454,33.58229471,32.53012037,211.59,99470000,,,,
1865,山東,2016,5,Shandong,19.08,49.39,59.52,978,41,25,31,100,0.9,141,47,36.3278403,34.40895525,32.37977784,34.25829666,31.95399798,218.14,99470000,,,,
1866,山東,2016,6,Shandong,23.52,107.36,67.7,969,42,18,23,74,0.8,150,38,28.321423,32.32463165,29.12868885,29.96903419,29.69345243,220.59,99470000,,,,
1867,山東,2016,7,Shandong,26.32,160.87,80.13,428,43,14,19,68,0.8,128,37,22.73680325,25.52911313,26.54978389,28.99429799,30.85079883,182.72,99470000,,,,
1868,山東,2016,8,Shandong,26.13,121.24,78.17,207,44,16,23,59,0.8,114,29,28.5911254,25.66396433,29.86824362,29.48153846,30.3717066,193.24,99470000,,,,
1869,山東,2016,9,Shandong,22.17,33.41,70.26,352,45,22,31,87,0.9,141,46,38.2768022,33.4339638,33.60010224,30.88427749,31.63317456,163.34,99470000,,,,
1870,山東,2016,10,Shandong,15.57,2.21,73.85,514,46,19,34,78,0.9,85,43,33.93237912,36.10459066,35.61264804,33.85726738,33.64904789,116.79,99470000,,,,
1871,山東,2016,11,Shandong,7.36,14.29,68.04,649,47,28,43,117,1.2,60,68,34.6287628,34.28057096,33.79243728,34.91352851,33.00329725,142.03,99470000,,,,
1872,山東,2016,12,Shandong,2.46,24.26,69.35,890,48,37,49,145,1.6,52,96,32.81616991,33.72246636,30.9357683,31.68492101,31.27693567,119.72,99470000,,,,
1873,山東,2017,1,Shandong,0.17,22.66,66.57,584,49,42,48,158,1.8,55,103,25.3623722,29.08927105,29.27451215,30.61307481,31.99621653,139.49,100060000,,,,
1874,山東,2017,2,Shandong,2.68,8.19,55.66,327,50,41,42,129,1.3,81,80,29.64499433,27.50368326,30.84538332,31.33807997,32.09683323,171.67,100060000,,,,
1875,山東,2017,3,Shandong,7.36,12.62,51.86,566,51,33,43,113,1.1,101,62,37.52878343,33.58688888,34.10187468,31.91699906,32.66481728,199.13,100060000,,,,
1876,山東,2017,4,Shandong,15.24,33.72,56.18,768,52,25,38,118,1,122,55,35.13184628,36.33031485,36.10557329,34.49042855,33.16481941,239.47,100060000,,,,
1877,山東,2017,5,Shandong,21.23,29.77,56.41,1318,53,23,30,136,0.8,162,53,35.65609016,35.39396822,32.88343977,34.04477568,31.95950534,299.18,100060000,,,,
1878,山東,2017,6,Shandong,23.87,77.25,62.02,1141,54,18,28,93,0.9,173,43,27.86238286,31.75923651,29.04563232,30.56718581,29.78754305,240.53,100060000,,,,
1879,山東,2017,7,Shandong,27.31,203.5,80.07,559,55,13,23,78,0.9,137,39,23.61842395,25.7404034,26.04992628,28.45146725,29.86399556,164.34,100060000,,,,
1880,山東,2017,8,Shandong,25.96,162.77,80.01,244,56,12,24,62,0.8,134,30,26.66897202,25.14369799,28.6005016,28.41597191,29.95911375,185.24,100060000,,,,
1881,山東,2017,9,Shandong,22.54,25.53,70.85,304,57,15,32,81,0.9,146,38,35.51410883,31.09154042,32.77158732,30.48329648,31.84955883,215.83,100060000,,,,
1882,山東,2017,10,Shandong,14.5,43.51,69.71,440,58,17,42,90,1,92,49,36.1316811,35.82289496,36.32013273,33.90734255,33.67203411,144.22,100060000,,,,
1883,山東,2017,11,Shandong,7.52,1.87,52.52,802,59,23,48,115,1,69,56,37.31460826,36.72314468,35.39236323,35.42279963,33.43279416,195.4,100060000,,,,
1884,山東,2017,12,Shandong,1.21,2.56,53.59,1059,60,30,55,139,1.4,52,80,32.73080031,35.02270429,31.83939362,32.91246549,31.41070086,177.76,100060000,,,,
1885,山東,2018,1,Shandong,-1.93,6.99,57.26,771,61,29,50,138,1.4,56,85,25.47277228,29.1017863,27.86907164,30.2304558,31.73257258,130.51,100470000,,,,
1886,山東,2018,2,Shandong,0.56,4.13,51.21,301,62,25,35,114,1.1,84,63,25.40364233,25.43820731,29.53915145,30.33706366,31.71728452,173.76,100470000,,,,
1887,山東,2018,3,Shandong,8.64,27.94,60.16,401,63,19,36,108,1,114,59,37.74103973,31.57234103,33.46095,31.46390557,32.00808269,210.06,100470000,,,,
1888,山東,2018,4,Shandong,14.63,NA,56.59,738,64,17,32,124,0.8,135,47,37.23816795,37.48960384,36.3879996,33.64191029,32.66925817,208.26,100470000,,,,
1889,山東,2018,5,Shandong,19.66,99.09,65.85,1072,65,14,30,94,0.8,153,40,34.18479114,35.71147954,33.40053626,34.48566212,32.42360965,222.02,100470000,,,,
1890,山東,2018,6,Shandong,24.44,121.93,65.75,1006,66,12,24,79,0.7,185,36,28.77864968,31.48172041,29.04628019,31.09425213,30.4219996,239.16,100470000,,,,
1891,山東,2018,7,Shandong,27.29,141.68,79.58,496,67,9,20,55,0.6,134,29,24.17539976,26.47702472,26.89567964,28.71795752,30.22556186,204.01,100470000,,,,
1892,山東,2018,8,Shandong,27.24,237.52,78.7,257,68,10,20,53,0.7,138,26,27.73298949,25.95419462,29.38812283,29.23575454,31.33136917,221,100470000,,,,
1893,山東,2018,9,Shandong,21.32,49.14,67.98,308,69,13,34,69,0.7,134,29,36.25597924,31.99448436,34.5675988,31.96954904,33.09916196,203.03,100470000,,,,
1894,山東,2018,10,Shandong,14.4,15.33,58.15,619,70,17,48,98,0.8,116,43,39.71382769,37.98490346,37.86247351,35.33010251,34.91322903,237.67,100470000,,,,
1895,山東,2018,11,Shandong,8.59,20.99,71.07,1256,71,16,52,146,1.1,77,77,37.61761362,38.66572065,36.85905881,36.70828892,34.27811812,134.38,100470000,,,,
1896,山東,2018,12,Shandong,0.46,20.84,60.86,1680,72,21,53,129,1.1,51,69,33.24573513,35.43167437,31.8069279,33.78365285,32.27660809,141.62,100470000,,,,
1897,山東,2019,1,Shandong,0.8,NA,42,1227,73,29,67,168,1.3,48,95,24.55743495,28.90158504,28.01719972,30.41730319,32.31513214,161.1,100700000,,,,
1898,山東,2019,2,Shandong,2.3,5.4,55,415,74,20,53,142,1.11,76,92,26.24842907,25.40293201,30.23743732,30.98951177,31.34564794,117.6,100700000,,,,
1899,山東,2019,3,Shandong,11.8,0.7,36,867,75,13,50,122,0.62,108,51,39.90644795,33.07743851,32.9750232,30.87062614,31.75665967,252.3,100700000,,,,
1900,山東,2019,4,Shandong,15.4,35.4,54,1012,76,15,45,119,0.78,121,54,32.77019259,36.33832027,35.99247811,33.55646585,32.75871922,186.4,100700000,,,,
1901,山東,2019,5,Shandong,23.2,21.5,38,1484,77,13,34,97,0.63,154,36,35.3007938,34.03549319,32.54623969,34.38629175,32.48957329,278.2,100700000,,,,
1902,山東,2019,6,Shandong,28.9,18.8,44,1432,78,12,28,84,0.63,206,36,29.56773268,32.43426324,29.92374197,30.63535462,30.03424821,265.1,100700000,,,,
1903,山東,2019,7,Shandong,28.7,140.7,62,830,79,9,29,67,0.71,180,36,24.90269943,27.23521605,27.36675155,29.35026211,30.84019541,197.4,100700000,,,,
1904,山東,2019,8,Shandong,25.6,366.9,70,391,80,8,33,53,0.73,125,26,27.62982256,26.26626099,29.77748352,29.72504581,31.13913034,164.4,100700000,,,,
1905,山東,2019,9,Shandong,23.2,33,60,550,81,11,45,86,0.82,149,39,36.79992859,32.21487557,33.74173987,31.53197976,32.66683602,205.1,100700000,,,,
1906,山東,2019,10,Shandong,16.1,31.7,57,833,82,11,48,108,0.81,97,49,36.79546846,36.79769852,36.93388604,34.60787017,33.88975383,191.6,100700000,,,,
1907,山東,2019,11,Shandong,9.9,29.8,55,1565,83,14,53,132,0.95,59,61,37.20626107,37.00086476,35.00633933,35.45473665,32.15488742,156.4,100700000,,,,
1908,山東,2019,12,Shandong,3.1,19.5,57,1759,84,19,54,127,1.27,42,84,31.01728847,34.11177477,29.05968001,30.99362712,27.72457516,210.2,100700000,,,,
1909,山東,2020,1,Shandong,1.1,29,67,794,85,24,51,143,1.55,59,107,18.9554905,24.98638949,21.54038209,25.45685183,26.45400398,211.3,101650000,,,,
1910,山東,2020,2,Shandong,5.6,36.9,58,77,86,12,24,75,0.85,84,53,14.6483673,16.8019289,21.34882346,23.76593971,25.32107893,196.5,101650000,,,,
1911,山東,2020,3,Shandong,11.2,7.7,44,47,87,11,33,97,0.74,103,45,30.44261259,22.54548994,25.54420523,23.89702655,25.56767539,294.7,101650000,,,,
1912,山東,2020,4,Shandong,14.8,36,42,41,88,12,35,93,0.73,125,40,31.54163582,30.9921242,31.41150638,27.22072161,28.19457206,312.5,101650000,,,,
1913,山東,2020,5,Shandong,22.2,42.9,50,48,89,11,26,85,0.69,156,32,32.25027073,31.89595327,31.9606268,31.58112325,32.22622316,329.9,101650000,,,,
1914,山東,2020,6,Shandong,26.3,82,55,41,90,10,27,87,0.74,183,36,32.08997385,32.17012229,33.04895579,32.6721258,32.59722436,313.4,101650000,,,,
1915,山東,2020,7,Shandong,25.2,75.7,71,62,91,9,23,61,0.76,152,35,34.8066228,33.44829832,33.06473842,32.8611215,33.96545501,316.1,101650000,,,,
1916,山東,2020,8,Shandong,26.4,248.5,79,58,92,9,24,52,0.74,132,30,32.29761861,33.55212071,35.16234349,34.39425108,34.7580028,260.7,101650000,,,,
1917,山東,2020,9,Shandong,22.4,35.5,62,100,93,11,37,70,0.74,147,33,38.38278905,35.34020383,35.63113912,35.42501004,35.52924762,226.9,101650000,,,,
1918,山東,2020,10,Shandong,14.9,10.5,53,161,94,13,51,102,0.91,88,47,36.21300968,37.29789937,36.84733223,35.70990382,35.23154869,166.7,101650000,,,,
1919,山東,2020,11,Shandong,9.4,46.4,57,247,95,14,50,109,1,64,59,35.94619795,36.07960382,35.15911193,35.96503121,35.96503121,160.6,101650000,,,,
1920,山東,2020,12,Shandong,0.7,10.7,52,321,96,20,49,129,1.18,50,84,33.31812816,34.63216305,34.63216305,35.15911193,35.15911193,180.9,101650000,,,,
1921,寧夏,2013,1,Ningxia,-6.12,1.75,44.5,46,1,228,63,190,2.6,32,110,3.758635896,3.758635896,19.06496627,19.06496627,27.08928787,219.63,6540000,,,,
1922,寧夏,2013,2,Ningxia,-1.69,5.35,38.08,14,2,99,44,131,1.6,69,52,34.37129663,19.06496627,27.08928787,27.08928787,29.22095054,196.37,6540000,,,,
1923,寧夏,2013,3,Ningxia,7.28,4.22,28.33,57,3,52,37,175,1,84,47,43.13793109,38.75461386,37.70838875,29.22095054,31.88860989,247.8,6540000,,,,
1924,寧夏,2013,4,Ningxia,11.11,11.04,29.25,64,4,30,36,139,0.8,99,41,35.61593853,39.37693481,40.43770564,38.92110339,37.08030439,293.79,6540000,,,,
1925,寧夏,2013,5,Ningxia,17.19,39.74,43.58,187,5,32,39,99,0.9,107,34,42.5592473,39.08759291,35.96409808,37.75755633,35.12908462,264.87,6540000,,,,
1926,寧夏,2013,6,Ningxia,20.57,59.34,54.75,187,6,21,24,75,0.6,87,30,29.71710841,36.13817785,32.2971845,33.12687301,31.63908077,240.91,6540000,,,,
1927,寧夏,2013,7,Ningxia,21.37,114.02,66.33,106,7,14,17,52,0.5,64,22,24.61519779,27.1661531,26.67340602,30.64486634,32.64756625,203.58,6540000,,,,
1928,寧夏,2013,8,Ningxia,21.95,27.65,59.33,36,8,13,21,52,0.6,64,23,25.68791185,25.15155482,30.32049185,30.16964599,31.48998172,268.83,6540000,,,,
1929,寧夏,2013,9,Ningxia,15.38,50.42,64.25,54,9,29,41,71,0.9,68,31,40.6583659,33.17313888,34.37253413,31.93320005,32.37390206,195.31,6540000,,,,
1930,寧夏,2013,10,Ningxia,9.73,16.39,57.08,98,10,60,55,109,1.1,86,49,36.77132465,38.71484528,37.18880022,34.31357813,33.38238662,224.31,6540000,,,,
1931,寧夏,2013,11,Ningxia,1.05,7.18,51.25,110,11,132,60,147,1.6,52,63,34.13671012,35.45401738,33.52188512,35.30600532,32.55761067,189.74,6540000,,,,
1932,寧夏,2013,12,Ningxia,-5.53,1.12,51.42,113,12,157,65,154,2,29,88,29.6576206,31.89716536,28.4527876,30.53242186,30.67652143,220.87,6540000,,,,
1933,寧夏,2014,1,Ningxia,-4.46,2.25,35.08,38,13,169,55,154,2.1,46,81,21.56403207,25.61082634,27.49152413,29.15282063,31.32409121,229.34,6620000,,,,
1934,寧夏,2014,2,Ningxia,-3.87,8.66,61.83,19,14,118,36,135,1.2,65,76,31.25291971,26.40847589,30.94204178,30.62093648,32.132405,158.65,6620000,,,,
1935,寧夏,2014,3,Ningxia,5.2,6.79,37.42,36,15,94,36,143,1.1,92,52,40.00917356,35.63104663,36.48012411,32.7511011,34.73077649,262.39,6620000,,,,
1936,寧夏,2014,4,Ningxia,11.28,43.43,52.67,53,16,40,25,154,0.9,116,51,38.17827908,39.09372632,40.2789769,38.0224626,36.56832072,214.91,6620000,,,,
1937,寧夏,2014,5,Ningxia,16.04,9.42,35.42,128,17,32,27,136,0.8,123,41,42.64947805,40.41387857,37.19317012,37.89717098,34.86275075,298.98,6620000,,,,
1938,寧夏,2014,6,Ningxia,20.19,58.94,53.33,172,18,37,28,70,0.9,134,31,30.75175322,36.70061564,32.04210037,33.57614505,32.75276122,251.11,6620000,,,,
1939,寧夏,2014,7,Ningxia,22.04,53.16,60.08,64,19,29,27,87,0.7,117,34,22.72506984,26.73841153,27.64534965,31.39638175,32.90214808,283.84,6620000,,,,
1940,寧夏,2014,8,Ningxia,19.25,65.53,66.5,32,20,30,28,76,0.7,88,34,29.45922588,26.09214786,30.36983638,30.46531559,32.67621446,241.31,6620000,,,,
1941,寧夏,2014,9,Ningxia,15.9,83.21,69.5,42,21,31,35,80,0.8,86,32,38.9252134,34.19221964,36.63474975,33.15732977,33.32896609,181.05,6620000,,,,
1942,寧夏,2014,10,Ningxia,10.28,27.36,64.83,89,22,39,43,119,1,77,50,41.51980996,40.22251168,38.15351157,35.97994015,34.7774513,208.77,6620000,,,,
1943,寧夏,2014,11,Ningxia,1.36,8.04,63.67,140,23,110,49,133,1.3,53,68,34.01551137,37.76766066,35.16760574,36.10700765,33.20608903,173.13,6620000,,,,
1944,寧夏,2014,12,Ningxia,-6,0.44,43.5,95,24,142,41,135,1.3,49,59,29.96749589,31.99150363,28.52847392,31.77630793,30.44701512,223.21,6620000,,,,
1945,寧夏,2015,1,Ningxia,-4.7,3.14,49.08,56,25,98,38,138,1.3,43,74,21.60241452,25.7849552,25.56658476,27.67881641,32.51082815,196.52,6680000,,,,
1946,寧夏,2015,2,Ningxia,-1.76,1.66,45.58,9,26,60,25,132,1,56,58,25.12984387,23.3661292,32.85704451,32.13465735,31.87982176,206.87,6680000,,,,
1947,寧夏,2015,3,Ningxia,4.61,8.1,40.58,59,27,49,24,134,0.8,66,47,51.83887513,38.4843595,35.94306613,32.35790323,34.66110831,246.05,6680000,,,,
1948,寧夏,2015,4,Ningxia,10.63,37.18,47.5,51,28,21,21,121,0.8,75,42,30.86047938,41.34967725,42.19109439,37.92578176,36.82903087,240.56,6680000,,,,
1949,寧夏,2015,5,Ningxia,16.23,33.17,42,115,29,19,19,107,0.8,92,38,43.87392866,37.36720402,35.72547845,39.75382762,36.71872305,276.82,6680000,,,,
1950,寧夏,2015,6,Ningxia,19.88,19.95,49.92,154,30,17,18,91,0.7,103,33,32.44202732,38.15797799,33.63142024,32.93868502,31.95193401,252.25,6680000,,,,
1951,寧夏,2015,7,Ningxia,22.33,29.37,50.83,81,31,18,22,83,0.8,139,32,24.57830475,28.51016603,28.341754,32.22479766,33.95374581,295.45,6680000,,,,
1952,寧夏,2015,8,Ningxia,20.58,37.58,53.92,32,32,18,22,77,0.8,124,30,28.00492993,26.29161734,31.15092435,31.47370009,32.37441336,283.44,6680000,,,,
1953,寧夏,2015,9,Ningxia,15.29,76.99,69.25,50,33,13,20,67,0.7,95,29,40.86953838,34.43723415,34.95057825,32.35750988,32.43944733,190.33,6680000,,,,
1954,寧夏,2015,10,Ningxia,8.98,19.77,58.25,78,34,27,32,102,0.8,84,44,35.97726645,38.42340241,36.53800065,34.40473297,33.73059761,231.94,6680000,,,,
1955,寧夏,2015,11,Ningxia,2.9,21.27,75.17,76,35,67,35,117,1.2,48,62,32.76719712,34.37223179,33.25950658,35.16201453,33.05153238,152.87,6680000,,,,
1956,寧夏,2015,12,Ningxia,-4.51,8.34,62.33,67,36,84,39,116,1.4,54,67,31.03405616,31.90062664,29.47028569,31.09703088,30.99695651,196.4,6680000,,,,
1957,寧夏,2016,1,Ningxia,-8.66,2.42,56.25,34,37,91,33,105,1.1,55,61,24.60960378,27.82182997,28.74677299,29.75187902,32.53856708,NA,6750000,,,,
1958,寧夏,2016,2,Ningxia,-4.26,6.33,45.75,15,38,75,27,141,0.9,70,56,30.59665903,27.60313141,32.96386071,32.48140957,33.7667853,206.2,6750000,,,,
1959,寧夏,2016,3,Ningxia,4.62,20.6,46.42,34,39,52,29,142,0.8,83,54,43.68531931,37.14098917,37.73008886,34.44996759,35.83861308,224.7,6750000,,,,
1960,寧夏,2016,4,Ningxia,12.39,12.84,40.83,56,40,23,26,99,0.6,97,36,38.90828824,41.29680378,41.32893419,38.6458654,37.50535804,246.87,6750000,,,,
1961,寧夏,2016,5,Ningxia,15.03,42.53,47.58,116,41,16,20,117,0.6,111,40,41.39319502,40.15074163,37.74827062,39.23253279,36.1264652,274.92,6750000,,,,
1962,寧夏,2016,6,Ningxia,20.83,28.1,49.08,152,42,20,21,76,0.6,133,31,32.9433286,37.16826181,32.67957282,34.23675168,32.73595803,286.4,6750000,,,,
1963,寧夏,2016,7,Ningxia,22.88,64.95,59.25,73,43,13,19,61,0.6,135,26,23.70219484,28.32276172,27.79276897,31.19287548,33.46907348,269.41,6750000,,,,
1964,寧夏,2016,8,Ningxia,22.2,69.22,65.92,25,44,14,17,57,0.7,116,27,26.73278347,25.21748915,31.00294793,31.4880431,33.7840459,227.51,6750000,,,,
1965,寧夏,2016,9,Ningxia,16.34,29.14,62.75,37,45,18,26,59,0.7,106,30,42.57386547,34.65332447,37.42490203,33.99422523,34.88322076,195.2,6750000,,,,
1966,寧夏,2016,10,Ningxia,9.68,1.14,65.22,92,46,26,30,91,0.9,80,42,42.96805714,42.77096131,41.32704183,37.67847724,36.36009169,180.38,6750000,,,,
1967,寧夏,2016,11,Ningxia,2.09,0.86,49.75,162,47,61,41,159,1.4,61,63,38.43920289,40.70363001,37.49793651,38.76691875,35.62276799,206.65,6750000,,,,
1968,寧夏,2016,12,Ningxia,-1.98,0.4,53.17,174,48,78,45,137,1.7,49,76,31.0865495,34.76287619,30.85730578,33.88499362,33.21647335,191.2,6750000,,,,
1969,寧夏,2017,1,Ningxia,-4.9,0.3,42.21,69,49,79,40,146,1.6,54,67,23.04616495,27.06635723,28.22503557,30.7785774,33.13968344,202,6820000,,,,
1970,寧夏,2017,2,Ningxia,-1.25,9.69,44.95,30,50,59,36,118,1.3,78,59,30.54239227,26.79427861,32.05755494,31.81480358,33.43528516,176.58,6820000,,,,
1971,寧夏,2017,3,Ningxia,3.21,12.12,48.66,58,51,36,31,89,1,97,41,42.5841076,36.56324993,37.68123712,34.02246908,35.72237709,188,6820000,,,,
1972,寧夏,2017,4,Ningxia,12.11,10.59,39.7,98,52,21,28,106,0.7,122,33,39.91721149,41.25065955,41.67444274,38.89143012,37.65358283,238.32,6820000,,,,
1973,寧夏,2017,5,Ningxia,17.49,22.87,36.77,212,53,21,27,156,0.7,130,53,42.52200913,41.21961031,38.38047144,39.43138048,35.93875971,292.02,6820000,,,,
1974,寧夏,2017,6,Ningxia,21.28,49.24,48.22,291,54,19,25,86,0.7,149,30,32.70219368,37.61210141,32.39749315,34.27742274,32.9943237,289.69,6820000,,,,
1975,寧夏,2017,7,Ningxia,24.53,58.37,52.79,111,55,15,22,83,0.7,143,30,21.96827665,27.33523517,27.51079929,31.26360175,32.91863295,292.42,6820000,,,,
1976,寧夏,2017,8,Ningxia,20.52,102.64,65,37,56,17,26,67,0.7,124,26,27.86192755,24.9151021,29.78965397,30.5177889,31.65063365,203.47,6820000,,,,
1977,寧夏,2017,9,Ningxia,17.64,16.29,60.71,56,57,21,33,91,0.7,105,32,39.53875772,33.70034263,34.52756598,31.38774365,32.59653858,209.71,6820000,,,,
1978,寧夏,2017,10,Ningxia,8.85,44.26,70.6,66,58,23,34,95,0.9,76,41,36.18201268,37.8603852,37.71749623,35.25360406,34.43561455,181.96,6820000,,,,
1979,寧夏,2017,11,Ningxia,2.16,0,46.71,99,59,44,39,120,1,69,47,37.43171831,36.80686549,34.92579582,36.0790363,33.33764849,224.35,6820000,,,,
1980,寧夏,2017,12,Ningxia,-4.74,0.47,46.28,87,60,45,40,127,1.3,65,55,31.16365649,34.2976874,30.32249069,31.78737118,31.36804989,216.14,6820000,,,,
1981,寧夏,2018,1,Ningxia,-7.29,5.22,51.27,41,61,39,31,102,1,69,49,22.37209727,26.76787688,27.74217282,30.16455919,34.38686458,166.37,6880000,,,,
1982,寧夏,2018,2,Ningxia,-4.04,2.11,36.37,11,62,40,27,112,1,90,43,29.69076471,26.03143099,34.44631604,33.62565115,34.14508317,219.9,6880000,,,,
1983,寧夏,2018,3,Ningxia,8.65,4.96,37.64,53,63,30,32,169,0.9,108,55,51.27608614,40.48342542,39.0632207,34.89043984,36.71605126,256.79,6880000,,,,
1984,寧夏,2018,4,Ningxia,12.96,NA,36.94,69,64,18,27,160,0.6,118,48,36.22281126,43.7494487,43.83913144,40.30203976,39.16793463,234.09,6880000,,,,
1985,寧夏,2018,5,Ningxia,17.85,34.98,41.81,159,65,14,23,151,0.6,134,44,44.01849691,40.12065409,38.29094077,41.53722711,38.07597244,281.51,6880000,,,,
1986,寧夏,2018,6,Ningxia,21.95,34.55,48.03,220,66,14,24,74,0.7,153,26,34.63151412,39.32500552,34.29365493,34.77594401,32.94133654,265.87,6880000,,,,
1987,寧夏,2018,7,Ningxia,22.84,114.48,68.05,125,67,9,17,82,0.7,130,29,24.23095376,29.43123394,28.15512484,32.12096786,34.80718419,226.84,6880000,,,,
1988,寧夏,2018,8,Ningxia,22.35,104.62,70.05,33,68,10,19,57,0.8,125,25,25.60290663,24.9169302,31.79530331,32.50435601,33.89984401,209.2,6880000,,,,
1989,寧夏,2018,9,Ningxia,14.68,39.59,63.28,61,69,13,27,65,0.7,104,26,45.55204954,35.57747809,36.87891738,33.71692648,34.24893869,181.86,6880000,,,,
1990,寧夏,2018,10,Ningxia,8.37,8.1,52.96,124,70,19,37,89,0.8,92,38,39.48179597,42.51692276,40.47027768,36.75343492,36.04581241,241.16,6880000,,,,
1991,寧夏,2018,11,Ningxia,1.61,8.8,55.22,153,71,27,43,156,1.1,67,56,36.37698753,37.92939175,36.3580353,38.65653886,35.39635698,191.25,6880000,,,,
1992,寧夏,2018,12,Ningxia,-7.2,1.12,46.57,170,72,32,37,141,1.1,60,50,33.21532239,34.79615496,30.64931312,32.85743384,32.29510464,185.3,6880000,,,,
1993,寧夏,2019,1,Ningxia,-6.8,0.4,42,73,73,36,53,109,1.92,48,56,22.35562945,27.78547592,28.53891323,30.4984318,34.14434996,171.2,6950000,,,,
1994,寧夏,2019,2,Ningxia,-1.9,NA,38,23,74,24,36,94,1.3,82,45,30.04578783,26.20070864,33.7098133,33.58619057,34.39429421,191.8,6950000,,,,
1995,寧夏,2019,3,Ningxia,6.2,0.2,32,75,75,16,38,84,0.94,94,35,48.72802261,39.38690522,38.80017307,34.68903716,35.80634213,261.9,6950000,,,,
1996,寧夏,2019,4,Ningxia,15.7,5.5,32,115,76,11,31,89,0.75,119,31,37.62670877,43.17736569,42.21009779,39.1690203,38.33426408,276.4,6950000,,,,
1997,寧夏,2019,5,Ningxia,17.3,15,41,196,77,9,27,102,0.56,122,32,40.275562,38.95113538,37.63250332,40.40638314,37.34508849,234.2,6950000,,,,
1998,寧夏,2019,6,Ningxia,22.3,86.7,56,242,78,9,26,46,0.66,129,21,34.9952392,37.6354006,33.4569037,34.49935496,32.94823073,210.3,6950000,,,,
1999,寧夏,2019,7,Ningxia,24.5,4.8,52,150,79,9,28,49,0.59,136,20,25.0999099,30.04757455,28.94629429,31.77861122,34.03054255,269.2,6950000,,,,
2000,寧夏,2019,8,Ningxia,23.1,2.7,53,42,80,10,27,43,0.66,132,19,26.74373377,25.92182183,31.62730386,32.46928769,33.6656997,244.9,6950000,,,,
2001,寧夏,2019,9,Ningxia,18.3,14.5,63,79,81,9,37,45,0.63,118,21,43.03826791,34.89100084,36.07778313,33.33331482,34.82095783,226.8,6950000,,,,
2002,寧夏,2019,10,Ningxia,10.1,11.2,60,105,82,11,41,63,0.71,74,28,38.45134771,40.74480781,40.75371516,37.25121981,35.84680914,190.5,6950000,,,,
2003,寧夏,2019,11,Ningxia,3.6,4.4,52,209,83,17,45,82,0.95,57,35,40.77152985,39.61143878,36.48401468,38.12257799,34.55556219,168.1,6950000,,,,
2004,寧夏,2019,12,Ningxia,-2.5,0.1,50,184,84,19,50,83,1.23,54,47,30.22916648,35.50034817,30.42939845,32.43488576,29.79554848,215.4,6950000,,,,
2005,寧夏,2020,1,Ningxia,-4.2,0.3,61,65,85,20,51,125,1.69,59,90,20.28749901,25.25833274,23.25162161,27.63159867,29.08366761,150.4,7210000,,,,
2006,寧夏,2020,2,Ningxia,0.2,NA,35,9,86,22,30,92,1,92,42,19.23819935,19.76284918,24.80588058,26.16170205,28.32609483,220.3,7210000,,,,
2007,寧夏,2020,3,Ningxia,7.2,NA,30,7,87,14,29,86,0.67,99,28,34.89194339,27.06507137,30.37126956,27.85032692,30.01093238,237.5,7210000,,,,
2008,寧夏,2020,4,Ningxia,12.8,4,23,7,88,12,33,71,0.58,118,25,36.98366595,35.93780467,36.84298785,32.44179072,32.95078473,296.7,7210000,,,,
2009,寧夏,2020,5,Ningxia,18.8,8.9,35,12,89,10,27,94,0.47,121,27,38.6533542,37.81851007,36.87459363,36.37893107,35.84482601,274.9,7210000,,,,
2010,寧夏,2020,6,Ningxia,23.7,43,39,11,90,11,26,61,0.49,144,23,34.98676074,36.82005747,35.78284023,36.08304666,34.91710166,268.3,7210000,,,,
2011,寧夏,2020,7,Ningxia,25.1,13.7,48,14,91,8,24,51,0.49,137,17,33.70840576,34.34758325,32.98282939,34.40046059,36.38524825,229.3,7210000,,,,
2012,寧夏,2020,8,Ningxia,22.5,82.5,59,7,92,8,27,45,0.56,116,17,30.25332167,31.98086371,36.09537543,35.81822176,36.42146814,190.7,7210000,,,,
2013,寧夏,2020,9,Ningxia,17.3,26.7,63,13,93,8,35,56,0.65,104,23,44.32439887,37.28886027,37.80405806,36.78014498,37.01323213,205.7,7210000,,,,
2014,寧夏,2020,10,Ningxia,8.8,0.5,54,22,94,15,45,76,0.77,80,29,38.83445364,41.57942626,40.3681444,37.83943872,38.56293851,208.2,7210000,,,,
2015,寧夏,2020,11,Ningxia,2.7,6.6,63,29,95,17,50,99,1.21,61,54,37.94558069,38.39001717,39.412324,40.64034272,40.64034272,164.8,7210000,,,,
2016,寧夏,2020,12,Ningxia,-7,0.3,59,45,96,17,50,109,1.48,44,64,41.45693766,39.70125918,39.70125918,39.412324,39.412324,164,7210000,,,,
2017,山西,2013,1,Shanxi,-5.62,3.39,51.89,188,1,142,41,233,2,26,154,4.048637929,4.048637929,15.31762149,15.31762149,23.0524408,181.64,36300000,,,,
2018,山西,2013,2,Shanxi,-1.14,5.33,51.78,49,2,78,30,174,1.6,52,130,26.58660505,15.31762149,23.0524408,23.0524408,25.83111747,143.67,36300000,,,,
2019,山西,2013,3,Shanxi,6.99,2.23,38,112,3,70,45,222,1.6,62,92,38.52207941,32.55434223,33.09194398,25.83111747,27.4485382,222.58,36300000,,,,
2020,山西,2013,4,Shanxi,11.18,21.69,38.63,161,4,52,34,172,2.1,81,64,34.16714747,36.34461344,35.53581601,33.29851327,31.76208005,247.24,36300000,,,,
2021,山西,2013,5,Shanxi,19.13,44.5,44.78,267,5,59,45,118,1.5,124,58,33.91822115,34.04268431,31.23390527,33.0559488,31.12771203,226.19,36300000,,,,
2022,山西,2013,6,Shanxi,22.4,80.96,58.44,200,6,49,46,121,1.3,166,65,25.61634719,29.76728417,27.64977775,29.27912018,28.49505587,207.76,36300000,,,,
2023,山西,2013,7,Shanxi,23.23,192.32,75.96,91,7,32,46,94,1.3,116,46,23.41476491,24.51555605,24.79663691,27.07703297,28.38166604,171.81,36300000,,,,
2024,山西,2013,8,Shanxi,23.01,80.28,70.33,45,8,40,44,98,1.6,115,48,25.35879862,24.38678177,27.45792062,26.99752726,29.46666265,234.68,36300000,,,,
2025,山西,2013,9,Shanxi,17.29,66.07,68.96,40,9,51,40,114,2,81,57,33.60019832,29.47949847,32.76740038,30.42924151,31.33784204,173.48,36300000,,,,
2026,山西,2013,10,Shanxi,10.83,21.19,61.48,93,10,77,51,177,1.8,64,89,39.3432042,36.47170126,35.97188222,33.31861132,32.87831694,207.49,36300000,,,,
2027,山西,2013,11,Shanxi,2.67,8.4,53.07,156,11,129,45,160,2,27,79,34.97224415,37.15772417,35.14419592,34.75819652,32.11068409,182.85,36300000,,,,
2028,山西,2013,12,Shanxi,-4.21,0.15,47.37,206,12,98,39,149,2.4,13,113,31.11713941,33.04469178,29.20333932,31.73830554,31.14054827,182.43,36300000,,,,
2029,山西,2014,1,Shanxi,-3.48,0.08,38.19,104,13,97,43,140,2.7,35,81,21.52063439,26.3188869,27.12909766,29.08988428,31.64900379,186.55,36480000,,,,
2030,山西,2014,2,Shanxi,-2.88,14.86,65.15,41,14,69,39,150,2.3,42,97,28.74951919,25.13507679,30.71854513,30.8181937,31.44243266,92.62,36480000,,,,
2031,山西,2014,3,Shanxi,6.69,10.19,43.22,130,15,59,37,136,2.2,65,59,41.88548183,35.31750051,34.85812983,31.52375597,32.98199367,222.8,36480000,,,,
2032,山西,2014,4,Shanxi,12.87,47.77,56.85,171,16,39,35,131,2.1,78,60,33.93938847,37.91243515,38.21327159,35.84733349,34.27754631,190.59,36480000,,,,
2033,山西,2014,5,Shanxi,17.84,48.26,43.3,398,17,37,34,135,1.4,85,52,38.81494448,36.37716647,33.58424352,35.6595531,32.86377972,260.93,36480000,,,,
2034,山西,2014,6,Shanxi,21.46,61.38,57.04,425,18,30,31,97,1.5,92,49,27.99839761,33.40667105,29.49800944,30.60835419,29.32868931,212.29,36480000,,,,
2035,山西,2014,7,Shanxi,23.25,97.37,66.96,185,19,33,34,91,1.2,107,49,21.68068622,24.83954192,24.62970454,28.17601453,29.69022841,230.42,36480000,,,,
2036,山西,2014,8,Shanxi,20.54,109.46,72.04,65,20,34,32,82,1.4,91,45,24.2100298,22.94535801,27.21259998,27.40904939,29.44059303,188.17,36480000,,,,
2037,山西,2014,9,Shanxi,16.59,134.34,78.33,75,21,33,30,81,1.5,67,45,35.74708394,29.97855687,32.50796045,29.80114189,30.82301307,133.84,36480000,,,,
2038,山西,2014,10,Shanxi,11.63,17.85,68.33,143,22,49,40,134,1.8,60,72,37.5667676,36.65692577,36.0747831,33.10859478,32.76447642,164.31,36480000,,,,
2039,山西,2014,11,Shanxi,2.99,6.77,60.15,239,23,107,39,134,2,44,78,34.91049777,36.23863269,34.62175612,34.90308808,32.96313531,152.79,36480000,,,,
2040,山西,2014,12,Shanxi,-5.06,0.58,40.67,279,24,124,36,121,2.4,39,66,31.38800299,33.14925038,30.50060834,32.26714815,31.16934133,191.88,36480000,,,,
2041,山西,2015,1,Shanxi,-3.64,5.45,49.15,201,25,140,43,139,2.9,44,88,25.20332425,28.29566362,27.78981376,29.56998476,31.30687327,161.74,36640000,,,,
2042,山西,2015,2,Shanxi,-1.56,9.65,48.81,88,26,92,33,105,2.2,62,58,26.77811404,25.99071914,30.07862186,30.40596714,31.43509191,169.74,36640000,,,,
2043,山西,2015,3,Shanxi,5.72,5.28,41.96,149,27,60,32,105,2,74,50,38.25442728,32.51627066,33.52804411,31.44686414,32.41923126,213.79,36640000,,,,
2044,山西,2015,4,Shanxi,11.89,34.99,48.41,240,28,39,28,92,1.6,82,39,35.551591,36.90300914,36.704906,34.22320801,33.24731844,234.77,36640000,,,,
2045,山西,2015,5,Shanxi,17.68,44.31,49.37,408,29,39,29,99,1.3,119,47,36.30869971,35.93014535,33.73468363,34.86461954,32.21133538,248.75,36640000,,,,
2046,山西,2015,6,Shanxi,21.06,63.02,57.33,479,30,31,26,85,1.4,124,45,29.34376018,32.82622995,29.08355288,30.70056241,29.74670771,184.87,36640000,,,,
2047,山西,2015,7,Shanxi,23.28,57.64,63.07,201,31,29,27,84,1.3,131,51,21.59819875,25.47097946,25.62441595,28.29548689,29.92725718,242.1,36640000,,,,
2048,山西,2015,8,Shanxi,21.86,62.44,64.81,80,32,27,25,71,1.3,97,38,25.93128891,23.76474383,27.99460866,28.33189654,29.99172581,236.43,36640000,,,,
2049,山西,2015,9,Shanxi,16.9,86.04,73.67,104,33,29,28,64,1.4,82,39,36.45433833,31.19281362,33.0055567,30.15371722,31.18456025,166.35,36640000,,,,
2050,山西,2015,10,Shanxi,10.48,33.85,63.48,181,34,41,39,84,1.6,68,46,36.63104287,36.5426906,36.13110452,33.58115062,33.50189851,201.49,36640000,,,,
2051,山西,2015,11,Shanxi,3.36,49.56,79.44,288,35,84,41,102,2.2,39,68,35.30793237,35.96948762,35.04128843,35.39455091,32.94648882,89.86,36640000,,,,
2052,山西,2015,12,Shanxi,-2.68,2.72,61.81,378,36,115,45,152,2.5,36,99,33.18489005,34.24641121,30.54902097,32.06952644,30.72408213,151.55,36640000,,,,
2053,山西,2016,1,Shanxi,-7.01,1.57,48,269,37,114,42,129,2.6,45,81,23.15424049,28.16956527,27.22714515,29.24734195,31.6970912,NA,36820000,,,,
2054,山西,2016,2,Shanxi,-2.73,8.49,42.81,75,38,84,30,97,2.3,68,55,25.3423049,24.24827269,29.99754453,30.79438091,31.15722923,191,36820000,,,,
2055,山西,2016,3,Shanxi,5.5,4.54,41.52,203,39,72,40,139,1.8,91,66,41.49608822,33.41919656,33.1490052,30.65031403,31.94890999,NA,36820000,,,,
2056,山西,2016,4,Shanxi,13.83,33.51,46.96,229,40,35,31,103,1.4,111,46,32.6086225,37.05235536,37.08266819,34.14757737,33.13961461,199.78,36820000,,,,
2057,山西,2016,5,Shanxi,16.9,44.76,49.52,433,41,35,29,94,1.2,121,43,37.14329387,34.87595818,32.95322664,35.08894203,32.4457005,225.38,36820000,,,,
2058,山西,2016,6,Shanxi,21.39,71.56,59.93,421,42,32,27,79,1.3,125,40,29.10776356,33.12552871,29.37459727,30.18310358,28.90537705,221.46,36820000,,,,
2059,山西,2016,7,Shanxi,23.33,183.19,73.7,219,43,20,22,71,1.3,110,40,21.87273438,25.49024897,24.92498964,27.97956569,30.31936884,183.49,36820000,,,,
2060,山西,2016,8,Shanxi,23.09,89.07,73.63,57,44,25,23,63,1.2,101,33,23.79447097,22.83360268,28.44859559,28.61338758,29.92454691,185.21,36820000,,,,
2061,山西,2016,9,Shanxi,17.71,33.51,68.78,107,45,34,34,74,1.4,90,37,39.67858142,31.7365262,32.88074555,30.12874275,31.69942062,155.67,36820000,,,,
2062,山西,2016,10,Shanxi,11.09,2.57,72.32,153,46,38,38,80,1.4,67,41,35.16918424,37.42388283,37.60996592,34.15609218,33.38002463,128.39,36820000,,,,
2063,山西,2016,11,Shanxi,3.12,10.36,62.19,298,47,126,55,181,2.2,52,101,37.9821321,36.57565817,34.47569025,35.77641304,33.57552663,151.97,36820000,,,,
2064,山西,2016,12,Shanxi,-1.53,8.66,61.07,355,48,171,59,188,2.7,44,126,30.27575439,34.12894325,31.00995582,32.04976293,31.49934675,145.44,36820000,,,,
2065,山西,2017,1,Shanxi,-3.69,3.01,51.55,199,49,157,54,184,2.5,56,124,24.77198097,27.52386768,28.11513914,30.58188738,31.66524387,160.23,37020000,,,,
2066,山西,2017,2,Shanxi,-0.79,10.15,48.23,112,50,118,48,141,2,81,89,29.29768205,27.03483151,30.02277762,30.08602182,31.55805524,155.14,37020000,,,,
2067,山西,2017,3,Shanxi,4.08,12.69,47.29,166,51,65,42,109,1.4,98,61,35.99866985,32.64817595,34.24751361,31.87863045,33.31003229,172.38,37020000,,,,
2068,山西,2017,4,Shanxi,12.23,31.29,45.43,237,52,36,40,110,1.2,118,47,37.44618894,36.72242939,37.49349947,35.44454512,33.88577864,220.87,37020000,,,,
2069,山西,2017,5,Shanxi,19.16,36.08,40.19,594,53,22,34,121,1.1,160,45,39.03563963,38.24091429,34.7108471,35.03280279,32.10757701,282.12,37020000,,,,
2070,山西,2017,6,Shanxi,21.42,63.9,55.93,552,54,24,34,86,1.2,178,43,27.65071273,33.34317618,29.03100876,31.1348038,29.45578567,229.85,37020000,,,,
2071,山西,2017,7,Shanxi,24.83,129.66,67.32,217,55,22,29,85,1.3,167,45,20.40667391,24.02869332,23.59903326,27.45818485,29.59866767,218.74,37020000,,,,
2072,山西,2017,8,Shanxi,21.89,126.64,73.29,53,56,23,31,79,1.3,142,43,22.73971314,21.57319352,27.10232866,27.23942468,29.226469,197.9,37020000,,,,
2073,山西,2017,9,Shanxi,17.92,22.99,67.77,74,57,34,43,109,1.5,124,52,38.16059894,30.45015604,32.69165279,29.62040807,30.78667748,197.59,37020000,,,,
2074,山西,2017,10,Shanxi,9.52,106.47,78.81,125,58,29,42,97,1.5,67,55,37.17464629,37.66762261,36.92900012,33.38167837,33.0489372,116.47,37020000,,,,
2075,山西,2017,11,Shanxi,2.24,0.33,50.19,216,59,58,50,134,1.7,60,67,35.45175514,36.31320071,34.78145798,35.62624322,33.48752045,198.47,37020000,,,,
2076,山西,2017,12,Shanxi,-3.97,1.44,45.43,221,60,86,51,139,2,51,79,31.71797253,33.58486383,30.70078568,32.31925083,30.60488345,196.36,37020000,,,,
2077,山西,2018,1,Shanxi,-6.79,8.7,54.73,174,61,77,49,142,1.9,53,86,24.93262937,28.32530095,26.79933861,28.96244274,31.2613815,146.63,37180000,,,,
2078,山西,2018,2,Shanxi,-3.02,2.02,36.55,48,62,66,37,132,1.6,85,74,23.74741393,24.34002165,29.71239328,30.21378809,31.87896045,198.87,37180000,,,,
2079,山西,2018,3,Shanxi,8.29,9.49,46.68,87,63,37,43,148,1.4,110,75,40.45713653,32.10227523,34.24806679,31.91920743,33.61646339,215.72,37180000,,,,
2080,山西,2018,4,Shanxi,13.41,NA,47.15,153,64,23,36,147,1.1,127,51,38.5396499,39.49839322,39.80075788,35.78742189,34.62210169,208.08,37180000,,,,
2081,山西,2018,5,Shanxi,18.42,53.95,51.14,395,65,21,36,120,1,152,46,40.4054872,39.47256855,36.30198599,37.34077363,34.10815649,233.54,37180000,,,,
2082,山西,2018,6,Shanxi,22.49,48.92,50.89,471,66,20,36,89,1,178,39,29.96082087,35.18315404,30.51466533,32.52091147,30.84334584,232.93,37180000,,,,
2083,山西,2018,7,Shanxi,24.12,157.47,75.52,206,67,12,23,67,1,151,41,21.17768792,25.5692544,25.0905307,28.91926982,30.91014044,189.9,37180000,,,,
2084,山西,2018,8,Shanxi,23.76,97.2,73.58,57,68,13,25,68,1.1,148,39,24.1330833,22.65538561,28.06146471,28.53630375,30.52328378,213.59,37180000,,,,
2085,山西,2018,9,Shanxi,15.45,69.98,69.74,88,69,14,33,66,1,102,30,38.87362291,31.50335311,33.82597003,30.6638995,32.20877956,168.41,37180000,,,,
2086,山西,2018,10,Shanxi,9.07,6.47,53.19,152,70,21,48,101,1.1,99,45,38.47120388,38.6724134,38.57770886,34.96655247,34.37616393,231.37,37180000,,,,
2087,山西,2018,11,Shanxi,2.69,10.87,58.11,341,71,39,56,152,1.6,60,77,38.3882998,38.42975184,36.29137115,36.93693409,34.03594771,162.68,37180000,,,,
2088,山西,2018,12,Shanxi,-5.75,1.41,41.83,389,72,55,52,148,1.6,46,69,32.01460976,35.20145478,30.94497058,32.8265289,31.09955779,153.32,37180000,,,,
2089,山西,2019,1,Shanxi,-4.7,NA,43,254,73,58,75,191,1.94,34,111,22.43200217,27.22330597,26.21276176,29.25664627,32.32078251,154.3,37290000,,,,
2090,山西,2019,2,Shanxi,-1.5,1.1,45,55,74,40,49,137,1.37,70,92,24.19167335,23.31183776,30.40033433,30.80390319,31.23079791,145.5,37290000,,,,
2091,山西,2019,3,Shanxi,7.1,NA,30,175,75,22,48,113,0.93,99,50,44.57732747,34.38450041,33.9024592,31.03484494,32.8366984,270.1,37290000,,,,
2092,山西,2019,4,Shanxi,13.1,48.9,51,209,76,17,50,132,0.92,108,57,32.93837678,38.75785213,39.18660549,35.43787246,34.59149622,230.2,37290000,,,,
2093,山西,2019,5,Shanxi,19.5,2.6,35,408,77,15,47,123,0.71,139,45,40.04411223,36.49124451,34.72949344,37.19145194,33.93934125,275.1,37290000,,,,
2094,山西,2019,6,Shanxi,24.3,26.2,50,562,78,13,38,74,0.79,182,39,31.20599129,35.62505176,30.72700067,31.2798447,30.1784209,218.1,37290000,,,,
2095,山西,2019,7,Shanxi,25.4,43.2,61,235,79,9,34,63,0.81,176,35,20.9308985,26.0684449,25.96987183,29.48843193,31.64946766,238.6,37290000,,,,
2096,山西,2019,8,Shanxi,23.1,61.2,66,72,80,9,34,51,0.76,132,26,25.7727257,23.3518121,28.99907826,29.55080651,31.08936282,234.6,37290000,,,,
2097,山西,2019,9,Shanxi,18.7,89.3,67,132,81,12,48,67,0.83,121,31,40.29361056,33.03316813,34.43664143,31.0602057,32.54167032,222.3,37290000,,,,
2098,山西,2019,10,Shanxi,11.6,33.7,73,216,82,15,51,104,0.97,70,51,37.24358803,38.7685993,38.66824247,35.44436328,34.41878504,170.6,37290000,,,,
2099,山西,2019,11,Shanxi,4.8,4.1,56,432,83,25,57,128,1.04,42,68,38.46752883,37.85555843,35.34252965,36.58029988,32.72515961,128.8,37290000,,,,
2100,山西,2019,12,Shanxi,-1.7,2.3,53,496,84,30,56,110,1.12,38,67,30.3164721,34.39200046,28.69619981,30.83304687,27.87147529,196.1,37290000,,,,
2101,山西,2020,1,Shanxi,-3.4,16.1,71,170,85,33,57,151,1.53,53,117,17.30459851,23.81053531,21.21541986,25.5284471,26.75900179,120.9,34900000,,,,
2102,山西,2020,2,Shanxi,0.6,5.5,56,17,86,26,39,109,1.1,73,78,16.02518897,16.66489374,21.670336,23.83187003,24.95583184,180.4,34900000,,,,
2103,山西,2020,3,Shanxi,8.3,9.5,37,14,87,18,43,92,0.69,94,45,31.68122052,23.85320475,25.71936286,23.61567178,26.08285169,252.2,34900000,,,,
2104,山西,2020,4,Shanxi,12.1,17.4,40,9,88,13,49,103,0.67,119,45,29.4516791,30.56644981,32.36149032,28.27741498,28.9947851,280.5,34900000,,,,
2105,山西,2020,5,Shanxi,20,64.3,44,13,89,13,41,99,0.66,136,39,35.95157134,32.70162522,32.42250534,32.23718414,32.49598874,339.4,34900000,,,,
2106,山西,2020,6,Shanxi,23.6,14.8,54,13,90,15,43,101,0.82,181,45,31.86426559,33.90791847,33.78234802,32.69968079,32.86641632,318.7,34900000,,,,
2107,山西,2020,7,Shanxi,23.2,97.5,75,15,91,7,34,63,0.84,168,37,33.53120714,32.69773636,32.97627705,33.72010062,34.27683505,308.5,34900000,,,,
2108,山西,2020,8,Shanxi,22.4,243.6,82,16,92,8,34,54,0.81,132,28,33.53335842,33.53228278,34.52277944,33.85815098,34.70895976,276.8,34900000,,,,
2109,山西,2020,9,Shanxi,18,38.2,70,23,93,10,42,68,0.8,120,33,36.50377276,35.01856559,36.04977536,35.4201333,36.30958434,297,34900000,,,,
2110,山西,2020,10,Shanxi,10.2,9.3,62,37,94,18,55,116,1.05,75,59,38.1121949,37.30798383,38.16111872,37.00417864,36.36963066,271.3,34900000,,,,
2111,山西,2020,11,Shanxi,4.3,29.5,60,77,95,20,57,119,1.14,52,71,39.86738849,38.98979169,37.27034071,37.07869872,37.07869872,221.5,34900000,,,,
2112,山西,2020,12,Shanxi,-5.1,1.3,52,120,96,27,51,100,1.15,45,56,33.83143874,36.84941361,36.84941361,37.27034071,37.27034071,236,34900000,,,,
2113,甘肅,2013,1,Gansu,-6.73,1.46,49.24,43,1,70,52,140,2,16,97,3.23667835,3.23667835,15.62029859,15.62029859,24.16605393,212.31,25820000,,,,
2114,甘肅,2013,2,Gansu,-2.05,4.03,43.07,11,2,49,33,129,0.8,54,70,28.00391883,15.62029859,24.16605393,24.16605393,25.95878274,194.06,25820000,,,,
2115,甘肅,2013,3,Gansu,6.97,0.87,29.17,49,3,35,41,300,0.7,84,109,41.25756462,34.63074173,33.53281754,25.95878274,27.66592631,260.98,25820000,,,,
2116,甘肅,2013,4,Gansu,10.69,16.35,33.62,81,4,22,29,166,0.3,81,77,31.33696916,36.29726689,35.69634478,33.7732383,33.22697991,265.68,25820000,,,,
2117,甘肅,2013,5,Gansu,15.95,43.03,43.52,141,5,19,25,151,0.4,59,65,34.49450057,32.91573487,32.2911387,34.53274518,32.00348792,243.15,25820000,,,,
2118,甘肅,2013,6,Gansu,19.42,52.9,54.76,234,6,20,30,142,0.6,90,56,31.04194636,32.76822346,29.1409686,29.68996874,28.00007332,234.78,25820000,,,,
2119,甘肅,2013,7,Gansu,20.44,91.87,63.83,160,7,29,55,129,1.1,119,57,21.88645886,26.46420261,24.72296563,27.16584936,28.05939256,179.86,25820000,,,,
2120,甘肅,2013,8,Gansu,20.66,45.06,59.31,52,8,23,28,111,0.9,89,50,21.24049165,21.56347526,24.92017195,26.45061555,27.84862796,260.09,25820000,,,,
2121,甘肅,2013,9,Gansu,14.74,45.03,58.97,54,9,19,19,99,0.5,51,44,31.63356533,26.43702849,28.7715782,27.05029836,27.85780824,190.2,25820000,,,,
2122,甘肅,2013,10,Gansu,9.19,11.23,52.38,86,10,27,39,135,1,44,63,33.44067761,32.53712147,32.05403023,29.35064558,28.53734755,221.65,25820000,,,,
2123,甘肅,2013,11,Gansu,0.28,5.03,52.24,138,11,40,40,202,1.3,48,99,31.08784774,32.26426267,29.93756026,30.36156153,28.34388983,191.07,25820000,,,,
2124,甘肅,2013,12,Gansu,-5.71,0.69,52.76,113,12,49,35,144,1.7,19,82,25.28415542,28.18600158,25.54840206,27.52147095,26.85734365,209.04,25820000,,,,
2125,甘肅,2014,1,Gansu,-5.12,0.17,36.59,54,13,73,40,123,1.7,64,60,20.27320302,22.77867922,23.25273096,25.21151016,27.66119232,224.33,25910000,,,,
2126,甘肅,2014,2,Gansu,-3.85,7.24,51.59,19,14,55,30,135,1.4,75,53,24.20083445,22.23701874,27.31131949,26.80452847,27.82311178,151.2,25910000,,,,
2127,甘肅,2014,3,Gansu,4.38,4.36,38.66,41,15,46,36,168,1.4,96,50,37.45992099,30.83037772,31.18606681,28.45785087,29.4873705,249.14,25910000,,,,
2128,甘肅,2014,4,Gansu,10.31,39.79,48.69,66,16,31,35,216,1.1,113,63,31.897445,34.67868299,34.32093835,31.79091237,31.45868575,208.3,25910000,,,,
2129,甘肅,2014,5,Gansu,14.62,18.87,38.52,106,17,29,32,152,1,134,49,33.60544906,32.75144703,31.87755777,33.27314858,30.86421465,264.85,25910000,,,,
2130,甘肅,2014,6,Gansu,18.95,48.22,53.21,157,18,29,23,95,1.2,113,37,30.12977926,31.86761416,28.32123575,29.21528806,28.02006304,213.99,25910000,,,,
2131,甘肅,2014,7,Gansu,21.19,49.62,56.24,94,19,22,29,78,1,108,29,21.22847893,25.6791291,24.86580705,27.05071755,28.73834698,263.76,25910000,,,,
2132,甘肅,2014,8,Gansu,18.66,57.16,61.45,33,20,25,28,74,1.1,105,30,23.23916294,22.23382094,26.65216887,27.52157147,28.64585458,224.74,25910000,,,,
2133,甘肅,2014,9,Gansu,14.97,68.53,63.38,53,21,25,27,108,1.2,87,38,35.48886472,29.36401383,30.62367157,28.27487341,28.57293757,170.1,25910000,,,,
2134,甘肅,2014,10,Gansu,9.2,23.89,60.97,91,22,28,30,94,1.1,77,36,33.14298705,34.31592589,32.79901533,30.40905223,28.88872201,196.83,25910000,,,,
2135,甘肅,2014,11,Gansu,0.61,4.11,60.45,127,23,43,39,105,1.6,62,47,29.76519422,31.45409064,28.57186079,30.30111178,28.4026047,171.02,25910000,,,,
2136,甘肅,2014,12,Gansu,-6.69,1.71,51.48,81,24,65,40,134,1.5,62,59,22.80740111,26.28629766,24.46039058,26.6310397,27.29596911,208.88,25910000,,,,
2137,甘肅,2015,1,Gansu,-5.03,2.98,49.76,31,25,79,46,147,1.9,59,78,20.80857642,21.80798877,24.5238881,25.83421463,27.8160961,199.56,26000000,,,,
2138,甘肅,2015,2,Gansu,-2.27,2.44,47.62,20,26,56,32,132,1.5,77,63,29.95568677,25.38213159,28.83596172,27.32882157,28.06523891,192.62,26000000,,,,
2139,甘肅,2015,3,Gansu,4.24,7.29,41.03,48,27,38,31,157,1.3,94,57,35.74362197,32.84965437,32.23673901,29.37969836,30.86889675,224.36,26000000,,,,
2140,甘肅,2015,4,Gansu,10.36,25.62,46.24,57,28,19,27,129,1,115,44,31.01090828,33.37726513,34.52674019,33.38397683,32.53823072,232.08,26000000,,,,
2141,甘肅,2015,5,Gansu,15.45,32.96,45.83,123,29,15,26,102,0.8,117,38,36.8256903,33.91829929,32.33061495,33.18386671,30.91888263,254.72,26000000,,,,
2142,甘肅,2015,6,Gansu,18.61,43.27,54.24,183,30,14,26,78,0.7,113,32,29.15524628,32.99046829,29.27996097,29.7126978,29.14081643,203.2,26000000,,,,
2143,甘肅,2015,7,Gansu,20.87,37.32,53.48,101,31,13,23,60,0.8,117,26,21.85894633,25.50709631,25.95582785,28.67329346,29.895519,281.59,26000000,,,,
2144,甘肅,2015,8,Gansu,19.93,32.72,50.38,51,32,14,24,66,0.8,111,25,26.85329094,24.35611864,27.83221946,28.16297617,28.73977609,273.89,26000000,,,,
2145,甘肅,2015,9,Gansu,14.29,47.14,65.38,94,33,13,25,54,0.8,92,23,34.78442112,30.81885603,30.89489595,28.63590854,29.38357781,168.64,26000000,,,,
2146,甘肅,2015,10,Gansu,8.65,16.41,52.79,118,34,19,31,69,0.9,82,28,31.04697578,32.91569845,32.73521725,31.26473568,30.57639142,216.92,26000000,,,,
2147,甘肅,2015,11,Gansu,2.69,9.97,64.66,184,35,38,37,78,1.3,57,38,32.37425486,31.71061532,30.41474835,31.50716654,29.49650869,167.06,26000000,,,,
2148,甘肅,2015,12,Gansu,-4.85,3.77,58.55,185,36,55,41,89,1.6,56,49,27.8230144,30.09863463,27.21704885,28.17453059,27.06923105,200.32,26000000,,,,
2149,甘肅,2016,1,Gansu,-8.08,3.67,56.52,112,37,52,36,92,1.5,62,49,21.4538773,24.63844585,23.97497488,26.07479487,27.52633021,NA,26100000,,,,
2150,甘肅,2016,2,Gansu,-3.79,3.32,43.72,34,38,43,28,118,1.1,74,43,22.64803292,22.05095511,25.81146059,26.31434905,27.52239015,209.28,26100000,,,,
2151,甘肅,2016,3,Gansu,4.69,13.12,46.14,53,39,28,31,125,1,94,42,33.33247156,27.99025224,29.44501968,27.44723408,29.88636039,212.22,26100000,,,,
2152,甘肅,2016,4,Gansu,11.51,18.67,43.62,58,40,16,26,70,0.8,108,25,32.35455456,32.84351306,35.10996391,31.99448117,31.59954374,196.24,26100000,,,,
2153,甘肅,2016,5,Gansu,14.16,44.72,48.76,179,41,14,21,89,0.8,115,33,39.64286563,35.99871009,34.00573807,33.83742144,31.16941145,232.56,26100000,,,,
2154,甘肅,2016,6,Gansu,19.86,43.2,49.07,270,42,12,22,74,0.7,122,31,30.01979402,34.83132982,30.05334372,30.62864643,28.7655951,240.68,26100000,,,,
2155,甘肅,2016,7,Gansu,22.08,60.59,56.52,166,43,11,21,62,0.8,120,28,20.4973715,25.25858276,23.94351844,27.86835524,30.04502576,249.99,26100000,,,,
2156,甘肅,2016,8,Gansu,21.57,62.64,64.34,39,44,11,19,61,0.8,108,31,21.3133898,20.90538065,26.85415638,27.64556579,28.39578954,208.64,26100000,,,,
2157,甘肅,2016,9,Gansu,15.9,34.29,59.55,82,45,13,28,56,0.8,105,26,38.75170785,30.03254882,30.48726073,27.98978842,28.51219053,170.32,26100000,,,,
2158,甘肅,2016,10,Gansu,8.34,0.93,62.12,130,46,17,30,75,1,82,32,31.39668453,35.07419619,33.58339712,30.51589529,29.71642275,155.8,26100000,,,,
2159,甘肅,2016,11,Gansu,1.11,0.88,49.9,158,47,40,43,155,1.3,73,60,30.60179899,30.99924176,29.50567204,31.81718099,29.63868635,195.92,26100000,,,,
2160,甘肅,2016,12,Gansu,-2.74,0.73,53.72,148,48,44,49,123,1.5,65,63,26.5185326,28.56016579,26.01501313,27.36043098,27.05123915,190.72,26100000,,,,
2161,甘肅,2017,1,Gansu,-4.71,1.19,47.07,67,49,45,38,151,1.3,73,65,20.9247078,23.7216202,24.41923741,25.9648778,27.83193374,189.45,26260000,,,,
2162,甘肅,2017,2,Gansu,-1.06,6.78,47.81,30,50,37,32,120,1.1,88,52,25.81447183,23.36958981,27.34644571,27.13946743,28.58955228,168.3,26260000,,,,
2163,甘肅,2017,3,Gansu,2.45,19.48,53,50,51,25,30,93,0.8,101,38,35.30015751,30.55731467,31.83484033,29.1073072,30.4973998,180.02,26260000,,,,
2164,甘肅,2017,4,Gansu,9.95,23.86,50.78,82,52,14,25,86,0.6,111,30,34.38989165,34.84502458,35.24927313,32.89057281,32.49249707,214.18,26260000,,,,
2165,甘肅,2017,5,Gansu,14.87,42.32,46.35,176,53,12,24,114,0.5,126,37,36.05777024,35.22383094,33.78261867,34.16200338,31.64981246,264.35,26260000,,,,
2166,甘肅,2017,6,Gansu,18.47,59.6,55.76,260,54,11,22,76,0.6,131,26,30.90019413,33.47898218,29.51967104,30.7372262,29.27240843,244.2,26260000,,,,
2167,甘肅,2017,7,Gansu,22.33,55.16,55.58,174,55,11,20,58,0.5,128,20,21.60104877,26.25062145,25.30479343,27.99303763,29.53230218,280.24,26260000,,,,
2168,甘肅,2017,8,Gansu,18.86,107.59,68.03,52,56,12,20,47,0.5,111,18,23.41313738,22.50709308,26.90118217,27.90093516,28.43352584,186.25,26260000,,,,
2169,甘肅,2017,9,Gansu,15.42,36.26,65.6,104,57,13,26,63,0.6,98,23,35.68936036,29.55124887,29.88879543,27.81685877,29.05926342,179.86,26260000,,,,
2170,甘肅,2017,10,Gansu,7.78,44.12,71.08,108,58,14,27,67,0.7,75,27,30.56388855,33.12662446,33.42737699,30.92381709,29.49259096,156.38,26260000,,,,
2171,甘肅,2017,11,Gansu,1.52,1.15,53.84,209,59,27,39,101,1,72,43,34.02888204,32.2963853,29.45348568,31.01245435,28.77832576,206.1,26260000,,,,
2172,甘肅,2017,12,Gansu,-4.52,0.25,48.2,152,60,35,43,153,1.4,66,59,23.76768645,28.89828425,25.87945996,27.05056711,26.8988038,213.6,26260000,,,,
2173,甘肅,2018,1,Gansu,-7.58,6.64,56.49,58,61,30,34,115,1.2,70,52,19.8418114,21.80474892,23.30041613,25.98253261,28.57467155,172.46,26370000,,,,
2174,甘肅,2018,2,Gansu,-4.28,3.78,47.31,23,62,25,28,111,1,91,44,26.29175053,23.06678097,28.35892976,27.21111893,28.86733674,207.56,26370000,,,,
2175,甘肅,2018,3,Gansu,6.93,7.63,43.73,56,63,17,30,166,0.8,105,49,38.94322734,32.61748893,33.57572862,30.14224932,31.55613186,239.08,26370000,,,,
2176,甘肅,2018,4,Gansu,10.55,NA,45.58,102,64,12,26,132,0.6,116,39,35.49220801,37.21771767,37.21569913,34.48471198,33.42588193,222.8,26370000,,,,
2177,甘肅,2018,5,Gansu,15.32,46.56,49.44,260,65,11,21,113,0.5,127,36,37.21166204,36.35193502,33.9648106,35.20941478,32.37026257,253.46,26370000,,,,
2178,甘肅,2018,6,Gansu,19.35,64.28,55.35,336,66,12,21,64,0.5,134,26,29.19056175,33.2011119,29.13862583,30.72702137,28.85235518,225.03,26370000,,,,
2179,甘肅,2018,7,Gansu,20.96,117.41,68.34,192,67,10,19,56,0.5,120,24,21.01365369,25.10210772,23.85263528,27.19239197,28.94819721,210.11,26370000,,,,
2180,甘肅,2018,8,Gansu,20.33,106.04,71.36,51,68,11,18,54,0.6,114,25,21.3536904,21.18367204,26.11292075,26.882331,28.20740999,206.08,26370000,,,,
2181,甘肅,2018,9,Gansu,13.66,58.2,68.88,73,69,12,22,58,0.6,101,23,35.97141816,28.66255428,30.2776115,27.96162205,28.59452086,166.45,26370000,,,,
2182,甘肅,2018,10,Gansu,7.21,9.58,59.5,126,70,16,31,98,0.7,95,38,33.50772595,34.73957206,33.53508675,30.48973766,30.00606152,218.8,26370000,,,,
2183,甘肅,2018,11,Gansu,0.54,14.9,60.61,169,71,24,36,146,1,73,54,31.12611613,32.31692104,30.90173301,32.1691543,30.07655643,180.47,26370000,,,,
2184,甘肅,2018,12,Gansu,-7.01,2.93,58.97,164,72,28,35,143,1.1,64,61,28.07135694,29.59873654,26.96787934,28.602841,28.03807093,170.64,26370000,,,,
2185,甘肅,2019,1,Gansu,-8.2,2.2,62,94,73,58,75,191,1.94,34,111,21.70616496,24.88876095,25.18550418,26.67065717,28.76320896,187.5,26470000,,,,
2186,甘肅,2019,2,Gansu,-3.2,1.9,55,35,74,40,49,137,1.37,70,92,25.77899065,23.7425778,28.20619058,28.17248217,28.51521037,141.1,26470000,,,,
2187,甘肅,2019,3,Gansu,4.4,1.3,39,82,75,22,48,113,0.93,99,50,37.13341614,31.4562034,30.93284331,28.62617373,30.39209979,222.5,26470000,,,,
2188,甘肅,2019,4,Gansu,12.7,21.7,42,87,76,17,50,132,0.92,108,57,29.88612315,33.50976965,34.82511444,32.5635835,32.29334126,239.8,26470000,,,,
2189,甘肅,2019,5,Gansu,14.2,56.7,57,164,77,15,47,123,0.71,139,45,37.45580404,33.6709636,32.85143317,33.92192892,31.21894722,208.2,26470000,,,,
2190,甘肅,2019,6,Gansu,18.9,47,65,288,78,13,38,74,0.79,182,39,31.21237233,34.33408819,29.69173226,29.74032998,28.943368,152.6,26470000,,,,
2191,甘肅,2019,7,Gansu,20.6,51.1,65,147,79,9,34,63,0.81,176,35,20.40702041,25.80969637,25.79163761,28.70767922,30.43594101,232.6,26470000,,,,
2192,甘肅,2019,8,Gansu,19.8,33,65,53,80,9,34,51,0.76,132,26,25.75552008,23.08127025,27.83717622,28.68097525,28.90808059,202.4,26470000,,,,
2193,甘肅,2019,9,Gansu,15.2,29.4,73,121,81,12,48,67,0.83,121,31,37.34898817,31.55225412,30.97367006,28.33200765,29.36460924,199.9,26470000,,,,
2194,甘肅,2019,10,Gansu,7.5,30.8,78,135,82,15,51,104,0.97,70,51,29.81650194,33.58274506,33.5535019,31.60400644,30.70349413,158.5,26470000,,,,
2195,甘肅,2019,11,Gansu,0.4,0.9,68,195,83,25,57,128,1.04,42,68,33.49501558,31.65575876,30.13765413,31.94048764,29.1718976,189.7,26470000,,,,
2196,甘肅,2019,12,Gansu,-6.8,0.5,59,207,84,30,56,110,1.12,38,67,27.10144488,30.29823023,26.23133263,27.12762496,25.43966806,218.5,26470000,,,,
2197,甘肅,2020,1,Gansu,-6.2,1.8,66,74,85,33,57,151,1.53,53,117,18.09753743,22.59949116,21.29560759,24.34545959,24.93579971,162.8,25010000,,,,
2198,甘肅,2020,2,Gansu,-3.2,0.1,40,15,86,26,39,109,1.1,73,78,18.68784045,18.39268894,21.36084602,22.79599574,23.63265101,225.3,25010000,,,,
2199,甘肅,2020,3,Gansu,4.5,3,41,10,87,18,43,92,0.69,94,45,27.29716018,22.99250032,24.32142424,22.76545254,24.87985541,223.3,25010000,,,,
2200,甘肅,2020,4,Gansu,9.9,0.3,31,7,88,13,49,103,0.67,119,45,26.97927209,27.13821614,29.20463306,26.5754349,28.586138,230.3,25010000,,,,
2201,甘肅,2020,5,Gansu,15.7,35.5,46,8,89,13,41,99,0.66,136,39,33.33746689,30.15836949,32.31522978,31.06071238,30.87832966,240.4,25010000,,,,
2202,甘肅,2020,6,Gansu,20.4,25.6,48,16,90,15,43,101,0.82,181,45,36.62895036,34.98320863,33.37173868,31.77362203,31.09310775,204.5,25010000,,,,
2203,甘肅,2020,7,Gansu,21.6,49.2,63,24,91,7,34,63,0.84,168,37,30.14879877,33.38887457,31.7162666,32.12156667,32.17695471,218.6,25010000,,,,
2204,甘肅,2020,8,Gansu,19.8,72.4,68,18,92,8,34,54,0.81,132,28,28.37105066,29.25992471,30.30611877,31.88682667,32.16238059,191.8,25010000,,,,
2205,甘肅,2020,9,Gansu,14.8,34.1,77,25,93,10,42,68,0.8,120,33,32.39850688,30.38477877,31.34471795,31.04573815,32.5671941,172.7,25010000,,,,
2206,甘肅,2020,10,Gansu,7.9,1.6,55,29,94,18,55,116,1.05,75,59,33.2645963,32.83155159,34.77204035,33.17179293,30.56220215,171.6,25010000,,,,
2207,甘肅,2020,11,Gansu,0.5,0.1,60,74,95,20,57,119,1.14,52,71,38.65301788,35.95880709,30.68048441,31.10999003,31.10999003,174,25010000,,,,
2208,甘肅,2020,12,Gansu,-8.1,NA,56,63,96,27,51,100,1.15,45,56,20.12383905,29.38842847,29.38842847,30.68048441,30.68048441,189.7,25010000,,,,
2209,天津,2013,1,Tianjin,-4.23,3.08,66.75,70,1,147,77,242,3.8,22,162,5.76275596,5.76275596,21.79724442,21.79724442,33.22908917,123.2,14720000,,,,
2210,天津,2013,2,Tianjin,-1.28,5.95,62.25,19,2,83,45,159,2.3,53,112,37.83173288,21.79724442,33.22908917,33.22908917,37.17272599,146.4,14720000,,,,
2211,天津,2013,3,Tianjin,5.2,10.2,51.5,47,3,48,50,153,2,61,90,56.09277868,46.96225578,47.642716,37.17272599,39.27858415,220.05,14720000,,,,
2212,天津,2013,4,Tianjin,10.9,5.6,48.25,79,4,26,42,125,1.7,89,68,49.00363646,52.54820757,50.93281063,47.65754119,45.03066165,254.45,14720000,,,,
2213,天津,2013,5,Tianjin,19.78,10.33,57.5,126,5,27,45,144,1.6,109,84,47.70201676,48.35282661,43.74293223,46.83039384,43.57615195,250.35,14720000,,,,
2214,天津,2013,6,Tianjin,23.28,67.18,73.75,99,6,19,45,144,1.5,137,100,34.52314347,41.11258011,37.59478154,40.44699527,40.42120121,171.3,14720000,,,,
2215,天津,2013,7,Tianjin,26.65,155.63,77.25,32,7,12,38,124,1.5,112,74,30.5591844,32.54116394,35.13345095,38.2755924,39.71269908,193.85,14720000,,,,
2216,天津,2013,8,Tianjin,27.4,85.43,73.75,22,8,18,32,131,1.6,131,77,40.31802499,35.43860469,38.77944506,37.71536966,40.51757556,222.3,14720000,,,,
2217,天津,2013,9,Tianjin,21.33,59.4,72.75,21,9,35,45,124,2,98,77,45.46112579,42.88957539,45.83518331,42.01618358,44.04382534,168.75,14720000,,,,
2218,天津,2013,10,Tianjin,14.48,15.25,64.25,38,10,43,59,140,1.7,70,85,51.72639914,48.59376247,49.7806391,47.41498557,47.34416912,210.9,14720000,,,,
2219,天津,2013,11,Tianjin,7.13,2.38,50.25,66,11,80,64,161,1.9,32,104,52.15439238,51.94039576,50.31389827,49.10070515,45.66048978,190.65,14720000,,,,
2220,天津,2013,12,Tianjin,0.18,2.28,53.25,127,12,132,80,206,2.7,25,120,47.0609033,49.60764784,43.70497465,45.71033077,45.15138397,195.45,14720000,,,,
2221,天津,2014,1,Tianjin,-0.43,0,60.75,70,13,119,72,184,2.5,26,113,31.89962828,39.48026579,40.6253761,43.50763017,46.22560113,164.4,15170000,,,,
2222,天津,2014,2,Tianjin,-0.1,3.45,63,39,14,101,61,138,2,45,95,42.91559673,37.40761251,43.97090333,44.74340332,45.95031962,123.55,15170000,,,,
2223,天津,2014,3,Tianjin,8.75,3.08,56,104,15,70,71,174,1.9,64,108,57.09748497,50.00654085,50.26368884,45.6726737,46.30543064,231,15170000,,,,
2224,天津,2014,4,Tianjin,15.38,9.55,55,177,16,35,57,156,1.4,97,83,50.77798483,53.9377349,52.2373094,49.90688123,46.53061413,242.65,15170000,,,,
2225,天津,2014,5,Tianjin,20.93,37.15,51.25,359,17,28,49,132,1.4,116,68,48.83645841,49.80722162,44.21332965,47.43436848,43.49690252,298.6,15170000,,,,
2226,天津,2014,6,Tianjin,24.23,60.2,67.75,227,18,21,42,93,1.4,145,57,33.02554571,40.93100206,36.53634761,40.09675691,39.52481911,240.95,15170000,,,,
2227,天津,2014,7,Tianjin,27.43,58.58,69.5,73,19,22,39,114,1.5,158,73,27.7470387,30.38629221,32.6698841,36.71152768,40.56922043,190.95,15170000,,,,
2228,天津,2014,8,Tianjin,25.88,126.18,72,27,20,20,41,99,1.4,124,56,37.23706788,32.49205329,40.32803267,38.50241093,41.13731172,217.5,15170000,,,,
2229,天津,2014,9,Tianjin,21.28,35.15,70.75,56,21,22,41,86,1.2,83,55,55.99999143,46.61852965,48.30465807,43.16525323,44.70777882,156.3,15170000,,,,
2230,天津,2014,10,Tianjin,14.98,26.43,66.75,106,22,19,53,149,1.1,52,100,51.6769149,53.83845316,52.85159584,48.94796385,48.21841819,146.6,15170000,,,,
2231,天津,2014,11,Tianjin,7.4,2.2,58,212,23,53,69,153,1.9,44,108,50.87788119,51.27739805,49.28501054,50.96375576,47.36578007,154.8,15170000,,,,
2232,天津,2014,12,Tianjin,-0.48,1.23,43.25,268,24,77,65,151,2,36,105,45.30023553,48.08905836,43.05066467,45.20722723,42.7012534,214.25,15170000,,,,
2233,天津,2015,1,Tianjin,-0.63,1.48,53.25,213,25,77,70,156,2.3,35,99,32.9738773,39.13705641,36.98382363,40.45733802,43.68889623,176.45,15470000,,,,
2234,天津,2015,2,Tianjin,1.13,11.15,52,55,26,61,52,144,1.7,52,80,32.67735808,32.82561769,40.75545482,41.89164999,42.7372509,170.1,15470000,,,,
2235,天津,2015,3,Tianjin,7.65,1.13,45.25,124,27,37,52,159,1.4,62,71,56.61512907,44.64624358,45.13738057,42.09650475,43.39505236,252.2,15470000,,,,
2236,天津,2015,4,Tianjin,13.95,46.3,56.75,167,28,16,33,112,1,79,71,46.11965455,51.36739181,50.44134215,46.00034613,43.90875155,237.95,15470000,,,,
2237,天津,2015,5,Tianjin,20.4,42.33,53.25,266,29,14,27,85,1,129,49,48.58924282,47.35444868,43.4170902,46.71659992,43.63012985,278.1,15470000,,,,
2238,天津,2015,6,Tianjin,24.2,32.3,63.25,220,30,15,33,84,1.3,143,57,35.54237323,42.06580802,38.47195521,40.38388004,39.7968553,216.55,15470000,,,,
2239,天津,2015,7,Tianjin,26.28,103.5,71.5,79,31,7,18,88,0.7,116,47,31.28424958,33.4133114,34.7584597,38.21615548,39.5597522,209.6,15470000,,,,
2240,天津,2015,8,Tianjin,26.55,64.38,72.25,47,32,11,25,93,1,110,49,37.44875631,34.36650294,37.88904832,37.30237955,41.06674999,225.5,15470000,,,,
2241,天津,2015,9,Tianjin,21.45,131.53,71.5,37,33,12,25,74,0.9,80,44,44.93413909,41.1914477,46.16904239,42.44784419,43.92956856,189.9,15470000,,,,
2242,天津,2015,10,Tianjin,15.13,17.03,59.75,86,34,17,41,100,1.1,70,53,56.12423177,50.52918543,50.30494565,47.09089831,46.82602579,212.9,15470000,,,,
2243,天津,2015,11,Tianjin,4.15,44.25,75.5,157,35,36,57,133,2,36,88,49.85646608,52.99034893,50.58241119,49.17034316,46.07945179,51.15,15470000,,,,
2244,天津,2015,12,Tianjin,0.55,0.38,68.75,226,36,45,66,189,2.1,21,125,45.76653571,47.81150089,43.1129627,46.36577997,44.32477612,120.95,15470000,,,,
2245,天津,2016,1,Tianjin,-4.1,1.48,50,157,37,36,58,123,1.6,34,73,33.71588632,39.74121101,38.54772758,41.3749122,43.34394269,NA,15620000,,,,
2246,天津,2016,2,Tianjin,0.75,11.93,45.75,62,38,26,41,85,1.3,52,50,36.16076071,34.93832351,40.36557056,41.71581185,43.3653371,200,15620000,,,,
2247,天津,2016,3,Tianjin,8.38,0,45.25,99,39,29,53,148,1.5,61,80,51.22006466,43.69041268,45.78142116,42.76503745,44.36431138,212.5,15620000,,,,
2248,天津,2016,4,Tianjin,15.23,5.75,49.5,142,40,18,43,128,1,97,63,49.9634381,50.59175138,50.64830329,47.02641764,44.60870304,217.3,15620000,,,,
2249,天津,2016,5,Tianjin,20.83,45.93,49,304,41,16,42,93,0.9,132,50,50.7614071,50.3624226,45.22089661,46.72068862,42.77927501,NA,15620000,,,,
2250,天津,2016,6,Tianjin,24.3,103.43,65.75,232,42,12,35,77,1,151,53,34.93784464,42.84962587,37.57095743,40.6690776,39.9254293,216.5,15620000,,,,
2251,天津,2016,7,Tianjin,26.7,199.85,81.25,75,43,7,28,70,0.9,127,52,27.01362056,30.9757326,32.96743377,37.4159271,41.1159094,181.05,15620000,,,,
2252,天津,2016,8,Tianjin,26.6,132.93,77.5,25,44,8,31,65,0.9,104,40,36.95083611,31.98222834,39.96009842,38.70453498,40.94492669,191.5,15620000,,,,
2253,天津,2016,9,Tianjin,22.55,41.48,68.5,57,45,14,42,83,1.2,124,52,55.9158386,46.43333736,47.59105608,42.4466972,44.95051823,178,15620000,,,,
2254,天津,2016,10,Tianjin,13.73,1.15,72.11,88,46,17,50,89,1.4,64,63,49.90649353,52.91116606,53.59604482,49.43474264,47.99490471,114,15620000,,,,
2255,天津,2016,11,Tianjin,5.6,11.45,67.75,212,47,27,65,149,2,37,104,54.96580234,52.43614793,49.03594962,50.75592187,47.11319119,98,15620000,,,,
2256,天津,2016,12,Tianjin,0.75,3.3,67.75,281,48,34,83,177,2.7,32,134,42.235553,48.60067767,43.24787461,44.91252934,43.86038414,95.5,15620000,,,,
2257,天津,2017,1,Tianjin,-1.36,2,58.8,153,49,31,67,141,2.4,44,108,32.54226849,37.38891074,38.14320828,42.34885679,44.65911949,130.45,15570000,,,,
2258,天津,2017,2,Tianjin,2.2,5.5,45.7,74,50,28,64,123,1.6,71,84,39.65180335,36.09703592,42.03141404,42.08244878,43.77788744,160.55,15570000,,,,
2259,天津,2017,3,Tianjin,8.5,10.65,44.85,146,51,24,64,112,1.3,98,70,53.90017028,46.77598682,48.03720523,44.16347105,45.48067115,161.3,15570000,,,,
2260,天津,2017,4,Tianjin,16.86,2.5,42.25,235,52,19,57,131,1.2,114,64,50.55964207,52.22990617,51.73642797,48.71527182,46.04396498,242.65,15570000,,,,
2261,天津,2017,5,Tianjin,22.79,19.55,46.39,483,53,12,40,166,0.9,156,60,50.74947157,50.65455682,45.55595043,47.64200539,43.89357002,322.95,15570000,,,,
2262,天津,2017,6,Tianjin,25.55,61.05,52.05,397,54,10,36,84,1,171,46,35.35873763,43.0541046,38.33601258,41.39191995,40.87756262,268.45,15570000,,,,
2263,天津,2017,7,Tianjin,28.1,125.55,71.5,132,55,6,30,79,1.1,154,51,28.89982854,32.12928309,34.35956649,38.45704276,40.67987545,191.85,15570000,,,,
2264,天津,2017,8,Tianjin,26.6,195.5,72.85,62,56,8,31,58,1.1,141,37,38.82013328,33.85998091,39.09705602,38.16247643,40.26533849,217.95,15570000,,,,
2265,天津,2017,9,Tianjin,24,0.95,61.43,91,57,13,40,92,1.2,152,54,49.57120624,44.19566976,45.68937543,41.49198871,43.92977962,236.55,15570000,,,,
2266,天津,2017,10,Tianjin,13.8,86.9,68.15,125,58,12,54,78,1.3,63,61,48.67678677,49.12399651,50.64297876,47.68726739,47.35355251,129.55,15570000,,,,
2267,天津,2017,11,Tianjin,5.25,0,45.1,252,59,14,58,88,1.1,45,53,53.68094326,51.17886501,49.45880768,49.48690732,45.65755639,205.8,15570000,,,,
2268,天津,2017,12,Tianjin,0,0,43.55,405,60,18,61,101,1.5,40,68,46.01869302,49.84981814,43.34659631,44.67914392,42.34284693,190.2,15570000,,,,
2269,天津,2018,1,Tianjin,-3.5,6.8,43.9,238,61,19,56,84,1.4,47,51,30.34015265,38.17942283,36.45216821,40.75936198,44.22217178,170.25,15600000,,,,
2270,天津,2018,2,Tianjin,-0.95,0,43.8,64,62,17,42,92,1.2,77,61,32.99765898,31.66890581,40.47040754,41.85747891,43.92847245,185,15600000,,,,
2271,天津,2018,3,Tianjin,7.65,1.45,51.75,132,63,15,59,116,1.2,94,78,58.07341099,45.53553498,47.76117219,43.4059173,44.42411381,200.55,15600000,,,,
2272,天津,2018,4,Tianjin,15.68,NA,50.33,278,64,10,44,124,0.9,129,53,52.2124466,55.14292879,52.92758581,47.9451041,45.49626943,214.85,15600000,,,,
2273,天津,2018,5,Tianjin,22.21,18,51.55,488,65,9,41,104,0.9,151,47,48.49689985,50.35467322,45.4700924,48.62092205,44.12493869,242.35,15600000,,,,
2274,天津,2018,6,Tianjin,26.65,62.9,58.3,400,66,8,32,80,0.9,198,44,35.70093076,42.09891531,36.77961195,40.63782061,39.77954808,252.6,15600000,,,,
2275,天津,2018,7,Tianjin,28.35,207.7,78.3,117,67,5,26,61,0.9,154,42,26.14100525,30.92096801,32.72946466,36.67132345,40.15609239,181.75,15600000,,,,
2276,天津,2018,8,Tianjin,27.8,164.15,74.8,39,68,7,31,57,1.1,157,33,36.34645796,31.2437316,38.86087711,38.07089052,41.17949884,215.05,15600000,,,,
2277,天津,2018,9,Tianjin,21.85,16.7,57.25,74,69,9,40,60,0.8,117,32,54.09516812,45.22081304,48.01851939,42.54914086,46.06699678,227.8,15600000,,,,
2278,天津,2018,10,Tianjin,14.3,14.9,49.25,130,70,13,59,77,1,90,46,53.61393211,53.85455011,55.94917357,51.04849467,49.80951163,237.1,15600000,,,,
2279,天津,2018,11,Tianjin,7.15,12.4,65.35,435,71,17,70,116,1.4,50,84,60.13842049,56.8761763,52.86864403,53.17527505,48.13423259,166.9,15600000,,,,
2280,天津,2018,12,Tianjin,-1.45,2.85,42.15,755,72,17,61,100,1.2,41,54,44.85357948,52.49599999,44.32068758,46.64399871,44.48465251,175.75,15600000,,,,
2281,天津,2019,1,Tianjin,-1.5,NA,38,361,73,19,62,112,1.43,42,81,27.97006275,36.41182112,36.22363666,42.20233262,45.50368932,172.2,15620000,,,,
2282,天津,2019,2,Tianjin,-0.3,2.9,47,96,74,14,45,105,1.22,69,78,35.84726774,31.90866524,40.84214887,41.84500652,41.88430767,126,15620000,,,,
2283,天津,2019,3,Tianjin,9.9,4.6,37,301,75,11,45,84,0.87,94,54,58.70911612,47.27819193,45.53263204,41.14198972,42.61165149,269.3,15620000,,,,
2284,天津,2019,4,Tianjin,14.5,28.3,48,312,76,11,38,95,0.79,112,49,42.04151227,50.37531419,49.74697566,46.27204868,44.17028459,236.5,15620000,,,,
2285,天津,2019,5,Tianjin,23.2,21.4,41,443,77,11,33,88,0.65,156,41,48.4902986,45.26590543,42.09834637,46.2510388,42.47271594,314.8,15620000,,,,
2286,天津,2019,6,Tianjin,26.6,11.9,55,376,78,9,29,65,0.86,184,42,35.76322823,42.12676341,37.20431711,38.4136159,38.90279338,260.1,15620000,,,,
2287,天津,2019,7,Tianjin,28,196.1,71,112,79,6,23,54,0.89,181,41,27.35942451,31.56132637,34.66071867,38.11811365,40.97276997,229.4,15620000,,,,
2288,天津,2019,8,Tianjin,25.7,177.5,71,52,80,6,29,44,0.81,129,26,40.85950327,34.10946389,40.20344101,39.09338782,41.13510566,213.8,15620000,,,,
2289,天津,2019,9,Tianjin,23.2,18.7,67,106,81,11,41,71,0.92,153,41,52.39139525,46.62544926,47.51762518,42.47807502,45.44415439,243.1,15620000,,,,
2290,天津,2019,10,Tianjin,14.4,9.9,60,137,82,10,48,82,0.88,78,50,49.30197703,50.84668614,53.00061473,49.96533686,47.99230193,201.2,15620000,,,,
2291,天津,2019,11,Tianjin,7,11.2,57,382,83,13,56,90,1.04,41,51,57.3084719,53.30522446,48.90353705,49.7755016,44.25849494,154.4,15620000,,,,
2292,天津,2019,12,Tianjin,-0.5,7.5,58,485,84,10,57,77,1.16,35,61,40.10016222,48.70431706,39.86636748,42.22526987,38.0250169,175.9,15620000,,,,
2293,天津,2020,1,Tianjin,-1.1,3.4,62,141,85,12,60,105,1.45,50,101,22.19046832,31.14531527,27.83821186,35.20577687,35.15676106,167.7,13870000,,,,
2294,天津,2020,2,Tianjin,1.9,13.5,65,14,86,9,33,62,0.93,68,61,21.22400504,21.70723668,26.12505707,29.61883336,31.39210145,160.9,13870000,,,,
2295,天津,2020,3,Tianjin,9.3,13.6,45,8,87,8,37,67,0.7,89,43,34.96069785,28.09235144,31.55662556,29.21508625,33.63756584,265.2,13870000,,,,
2296,天津,2020,4,Tianjin,15.3,11.8,37,3,88,9,34,79,0.68,123,40,38.4851738,36.72293583,41.59111862,36.49934022,38.91706649,305.4,13870000,,,,
2297,天津,2020,5,Tianjin,20.7,73.3,60,8,89,7,32,63,0.73,129,35,51.3274842,44.906329,46.13354319,43.34033185,35.8214955,243.6,13870000,,,,
2298,天津,2020,6,Tianjin,26.4,46.1,57,6,90,8,29,76,0.83,171,38,48.58797156,49.95772788,35.22053529,36.03669492,28.94092542,211.4,13870000,,,,
2299,天津,2020,7,Tianjin,27,108.9,70,3,91,5,23,53,0.85,163,41,5.746150107,27.16706083,18.29732303,26.55486332,63.62994185,186.4,13870000,,,,
2300,天津,2020,8,Tianjin,26.3,209.3,80,-,92,5,26,45,0.94,136,34,0.557847413,3.15199876,72.74475116,66.70555626,58.93758198,168.9,13870000,,,,
2301,天津,2020,9,Tianjin,21.4,191.5,71,9,93,7,35,44,0.86,113,29,211.930256,106.2440517,80.11792941,61.52498458,62.41678966,225.7,13870000,,,,
2302,天津,2020,10,Tianjin,13.4,4.7,59,16,94,10,52,80,0.85,78,54,27.86568485,119.8979704,101.9266503,76.58444955,65.07340847,239.7,13870000,,,,
2303,天津,2020,11,Tianjin,6.9,28.4,57,37,95,10,53,76,0.89,47,47,65.98400996,46.9248474,37.62631298,81.20229873,81.20229873,186.2,13870000,,,,
2304,天津,2020,12,Tianjin,-2.4,NA,48,29,96,12,56,78,0.98,38,53,19.02924415,42.50662705,42.50662705,37.62631298,37.62631298,205,13870000,,,,
2305,河北,2013,1,Hebei,-7.57,3.24,69.05,133,1,171,78,315,3.8,26,225,4.089098946,4.089098946,13.56161987,13.56161987,19.97220545,146.72,73330000,,,,
2306,河北,2013,2,Hebei,-3.73,4.05,60.75,43,2,107,49,215,2.3,55,141,23.0341408,13.56161987,19.97220545,19.97220545,23.02326686,160.35,73330000,,,,
2307,河北,2013,3,Hebei,4.28,7.53,49.35,75,3,82,48,201,1.8,69,98,32.79337659,27.9137587,29.33465616,23.02326686,24.64515442,225.65,73330000,,,,
2308,河北,2013,4,Hebei,9.9,12.44,45.35,129,4,56,41,152,1.4,89,66,32.1764511,32.48491385,32.03417745,29.78416829,28.42730814,257.28,73330000,,,,
2309,河北,2013,5,Hebei,19.74,16.38,50.1,245,5,59,42,174,1.3,122,81,31.13270467,31.65457788,28.76967443,29.77559997,28.14218804,258.72,73330000,,,,
2310,河北,2013,6,Hebei,22.57,100.15,68.6,211,6,39,38,163,1.2,136,97,22.99986752,27.0662861,25.2470375,26.9793909,26.95519764,179.72,73330000,,,,
2311,河北,2013,7,Hebei,25.14,176.13,75,95,7,29,32,124,1.2,125,68,21.60854032,22.30420392,23.82227748,25.64988428,26.28785996,204.38,73330000,,,,
2312,河北,2013,8,Hebei,24.99,116.03,73.05,78,8,36,34,134,1.2,135,69,26.85842461,24.23348246,25.7689092,25.07664878,26.36257691,221.23,73330000,,,,
2313,河北,2013,9,Hebei,18.65,63.45,71.7,86,9,42,48,162,1.5,102,87,28.83976267,27.84909364,29.06815891,27.20325426,28.20551561,184.3,73330000,,,,
2314,河北,2013,10,Hebei,11.33,24.73,65.35,130,10,49,62,211,1.7,75,112,31.50628945,30.17302606,30.8535377,29.85475943,29.27770122,203.47,73330000,,,,
2315,河北,2013,11,Hebei,3.6,2.72,51.15,229,11,73,62,198,1.8,39,99,32.21456099,31.86042522,30.23010628,29.88252038,27.91631387,202.88,73330000,,,,
2316,河北,2013,12,Hebei,-3.3,0.45,50.65,316,12,116,75,249,2.7,32,157,26.9694684,29.5920147,26.41183908,27.68545167,27.14569501,199.07,73330000,,,,
2317,河北,2014,1,Hebei,-3.48,0.42,51.8,156,13,120,69,246,2.6,33,156,20.05148786,23.51047813,24.00254154,26.0555464,27.35336227,174.75,73840000,,,,
2318,河北,2014,2,Hebei,-2.63,6.36,59.1,80,14,95,58,226,2.2,53,154,24.98666836,22.51907811,25.86092731,26.13806259,27.26020429,126.78,73840000,,,,
2319,河北,2014,3,Hebei,7.18,4.37,45,131,15,69,57,195,1.7,79,103,32.54462572,28.76564704,29.76002172,27.33288826,28.22860497,235.93,73840000,,,,
2320,河北,2014,4,Hebei,14.46,20.25,49.8,209,16,44,45,169,1.1,112,80,31.74877109,32.1466984,32.03495621,30.27288424,29.36493607,235.09,73840000,,,,
2321,河北,2014,5,Hebei,19.67,46.14,46.35,396,17,40,40,150,1,139,59,31.81147182,31.78012145,29.76446209,30.45950299,28.74270854,277.86,73840000,,,,
2322,河北,2014,6,Hebei,22.89,83.49,63.35,421,18,30,34,108,1,147,61,25.73314336,28.77230759,26.47338197,27.79222925,27.15257811,231.51,73840000,,,,
2323,河北,2014,7,Hebei,25.74,69.71,67.45,250,19,26,33,120,1,140,72,21.87553074,23.80433705,24.06754922,26.00352987,27.13077033,199.85,73840000,,,,
2324,河北,2014,8,Hebei,23.66,80.54,69.6,136,20,25,34,104,1,130,58,24.59397354,23.23475214,26.03641215,25.96059496,27.17706651,227.73,73840000,,,,
2325,河北,2014,9,Hebei,18.44,68.87,72.25,190,21,25,37,106,1.1,91,60,31.63973218,28.11685286,29.42555282,27.5380473,27.99695953,170.34,73840000,,,,
2326,河北,2014,10,Hebei,12.4,24.1,66.3,310,22,38,57,189,1.5,70,111,32.04295274,31.84134246,31.17176446,29.52731673,28.59908944,162.87,73840000,,,,
2327,河北,2014,11,Hebei,3.91,3.7,55.9,515,23,56,63,183,1.9,44,107,29.83260846,30.9377806,28.92058049,29.60036842,28.21602105,166.07,73840000,,,,
2328,河北,2014,12,Hebei,-3.97,2.21,44.8,430,24,88,58,168,2.4,37,99,24.88618028,27.35939437,25.79914011,27.36009327,26.41248258,204.92,73840000,,,,
2329,河北,2015,1,Hebei,-3.56,2.1,50.7,287,25,92,63,189,2.6,38,116,22.67863158,23.78240593,23.39561723,25.00486504,26.07969897,185,74250000,,,,
2330,河北,2015,2,Hebei,-1.34,8.86,48.2,134,26,68,46,165,1.9,60,96,22.62203983,22.65033571,25.22656871,25.1414716,26.88211636,183.68,74250000,,,,
2331,河北,2015,3,Hebei,6.17,3.37,37.15,146,27,50,48,176,1.4,88,79,30.37903471,26.50053727,28.94858998,27.38110038,28.37985787,262.24,74250000,,,,
2332,河北,2015,4,Hebei,12.92,39.52,49.85,261,28,32,40,135,1.1,115,65,33.84469541,32.11186506,32.19953931,29.80516444,29.1417688,239.63,74250000,,,,
2333,河北,2015,5,Hebei,18.89,48.92,49.3,555,29,27,36,114,0.9,134,55,32.37488782,33.10979161,30.90258982,30.77170104,29.01752659,275.3,74250000,,,,
2334,河北,2015,6,Hebei,22.64,66.68,60,600,30,23,32,104,0.9,137,56,26.48818624,29.43153703,26.95463428,28.67714957,27.4920139,206.03,74250000,,,,
2335,河北,2015,7,Hebei,24.86,119.54,68.55,398,31,20,30,103,0.9,131,60,22.0008288,24.24450752,23.74682875,25.90384352,27.14455212,206.19,74250000,,,,
2336,河北,2015,8,Hebei,23.98,84.99,72.35,169,32,19,35,96,1,122,53,22.75147122,22.37615001,25.61989552,25.8369682,26.85794766,235.83,74250000,,,,
2337,河北,2015,9,Hebei,18.71,82.99,73.05,227,33,22,41,86,1,102,44,32.10738654,27.42942888,28.60024109,26.95038802,27.54461137,190.89,74250000,,,,
2338,河北,2015,10,Hebei,12.25,16.71,58.65,358,34,28,51,118,1.2,75,58,30.94186552,31.52462603,30.99025227,28.93055701,28.58649534,216.83,74250000,,,,
2339,河北,2015,11,Hebei,1.43,45.44,76.1,498,35,42,57,137,1.8,40,92,29.92150476,30.43168514,29.35787299,30.04525138,27.98024267,72.57,74250000,,,,
2340,河北,2015,12,Hebei,-2.65,0.87,66.95,559,36,65,71,212,3,29,142,27.21024869,28.56587672,25.61732044,26.94845671,25.88804675,151.85,74250000,,,,
2341,河北,2016,1,Hebei,-7.77,2.29,51.7,316,37,62,61,141,2.2,43,92,19.72020786,23.46522828,22.85895449,24.62459206,26.64023319,NA,74700000,,,,
2342,河北,2016,2,Hebei,-2.22,10.45,46.65,95,38,48,45,97,1.6,70,61,21.64640693,20.6833074,25.35647084,25.8199153,27.00761613,208.59,74700000,,,,
2343,河北,2016,3,Hebei,6.49,1.18,40.95,174,39,44,56,148,1.4,90,72,34.70279773,28.17460233,29.36920803,26.95695799,28.19069136,216.38,74700000,,,,
2344,河北,2016,4,Hebei,14.23,12.4,44.2,278,40,28,44,131,1,120,55,31.75841943,33.23060858,33.195614,30.30831223,29.36759089,NA,74700000,,,,
2345,河北,2016,5,Hebei,18.83,38.41,49.25,554,41,25,40,97,0.9,146,45,33.12562484,32.44202213,30.1629166,31.29788688,29.20574754,254.28,74700000,,,,
2346,河北,2016,6,Hebei,23.22,90.49,59.15,626,42,22,36,86,1,157,47,25.60470553,29.36516518,26.52250684,27.83148499,27.21937807,221.06,74700000,,,,
2347,河北,2016,7,Hebei,25.24,201.59,75.7,301,43,17,32,90,1,137,56,20.83719016,23.22094784,23.73761536,26.08461773,27.04032656,170.71,74700000,,,,
2348,河北,2016,8,Hebei,24.61,121.25,75.05,163,44,15,33,65,1,109,35,24.77095041,22.80407028,25.49043415,25.51900199,26.64667285,216.28,74700000,,,,
2349,河北,2016,9,Hebei,19.61,40.98,70.1,201,45,20,44,95,1,121,51,30.86316188,27.81705615,28.93048953,26.90716468,27.53572883,180.81,74700000,,,,
2350,河北,2016,10,Hebei,11.74,1.63,71.45,300,46,23,55,120,1.3,67,67,31.15735629,31.01025909,30.69016786,29.21036349,28.57377683,129.98,74700000,,,,
2351,河北,2016,11,Hebei,2.29,9.37,66.55,429,47,39,64,175,1.9,38,101,30.0499854,30.60367084,29.07825728,29.52448343,27.86759389,133.81,74700000,,,,
2352,河北,2016,12,Hebei,-2.34,3.45,65.25,432,48,53,76,222,2.9,32,151,26.02743016,28.03870778,25.77248375,27.11870189,26.68579105,134.9,74700000,,,,
2353,河北,2017,1,Hebei,-4.81,4.06,60.43,238,49,55,65,200,2.7,43,131,21.24003571,23.63373293,24.07387119,25.56789974,27.18513555,146.4,75200000,,,,
2354,河北,2017,2,Hebei,-0.89,5.77,48.7,117,50,50,58,148,1.8,74,95,24.9541477,23.0970917,26.6160874,26.46892309,27.79099542,176.68,75200000,,,,
2355,河北,2017,3,Hebei,5.57,7.71,46.61,199,51,33,51,113,1.2,98,62,33.6540788,29.30411325,30.56250375,28.23188674,29.15056364,184.73,75200000,,,,
2356,河北,2017,4,Hebei,14.54,5.42,40.79,338,52,28,45,123,1,111,54,33.07928476,33.36668178,33.18621159,31.12819562,29.95101339,251.26,75200000,,,,
2357,河北,2017,5,Hebei,20.73,33.13,45.48,708,53,24,38,156,1,161,53,32.82527121,32.95227799,30.38228014,31.20022981,29.36824215,311.58,75200000,,,,
2358,河北,2017,6,Hebei,23.37,69.97,54.73,702,54,20,38,96,0.9,183,47,25.24228445,29.03377783,26.70261573,28.29678299,27.36535948,253.93,75200000,,,,
2359,河北,2017,7,Hebei,26.11,126.71,73.97,384,55,14,30,86,0.9,158,49,22.04029153,23.64128799,23.64074715,25.93687817,26.64102598,184.46,75200000,,,,
2360,河北,2017,8,Hebei,24,155.03,76.16,202,56,15,33,73,0.9,136,40,23.63966547,22.8399785,25.04585808,25.09496468,26.70314764,209.67,75200000,,,,
2361,河北,2017,9,Hebei,20.43,18.8,65.06,193,57,21,45,108,1,143,52,29.45761725,26.54864136,28.74438741,27.06836344,27.96131091,238.4,75200000,,,,
2362,河北,2017,10,Hebei,10.89,72.36,72.48,319,58,14,48,104,1.1,65,61,33.13587949,31.29674837,31.37553251,29.44156575,29.03719962,145.85,75200000,,,,
2363,河北,2017,11,Hebei,1.95,0.48,48.98,553,59,23,53,117,1.2,52,62,31.53310079,32.33449014,30.69623847,30.38658316,28.59501448,214.93,75200000,,,,
2364,河北,2017,12,Hebei,-3.57,0.16,47.54,624,60,33,57,127,1.6,45,77,27.41973512,29.47641795,26.79385855,28.37936379,27.00705563,201.06,75200000,,,,
2365,河北,2018,1,Hebei,-6.99,1.79,47.21,397,61,32,53,123,1.6,51,75,21.42873974,24.42423743,23.45543262,25.47484966,26.80867016,184.87,75560000,,,,
2366,河北,2018,2,Hebei,-3.75,0.47,40.86,139,62,31,41,127,1.4,82,76,21.517823,21.47328137,25.03017163,25.6275625,27.20068098,200.49,75560000,,,,
2367,河北,2018,3,Hebei,6.47,3.13,46.2,169,63,22,48,152,1.3,106,80,32.14395214,26.83088757,29.05164334,27.14591744,28.46330522,216.48,75560000,,,,
2368,河北,2018,4,Hebei,13.61,NA,50.87,298,64,19,38,131,1,133,52,33.49315488,32.81855351,33.12332112,30.22194659,29.64825583,216,75560000,,,,
2369,河北,2018,5,Hebei,19.91,29.76,53.5,606,65,18,35,111,0.9,153,44,33.73285635,33.61300561,31.52650134,31.68086404,29.42972171,240.71,75560000,,,,
2370,河北,2018,6,Hebei,24.71,58.91,55.99,800,66,16,32,86,0.9,194,39,27.35349278,30.54317457,27.1705005,28.7511641,27.44662256,250.15,75560000,,,,
2371,河北,2018,7,Hebei,26.39,191.1,78.89,405,67,11,25,67,0.8,148,38,20.42515238,23.88932258,23.33570052,25.93498948,27.18212541,184.56,75560000,,,,
2372,河北,2018,8,Hebei,25.54,164.53,77.16,160,68,12,29,59,0.8,144,31,22.22845639,21.32680439,24.94142597,25.54444268,27.70787976,217.12,75560000,,,,
2373,河北,2018,9,Hebei,18.27,26.23,64.99,177,69,15,40,69,0.8,114,34,32.17066915,27.19956277,30.25358454,27.7964765,28.67537698,211.89,75560000,,,,
2374,河北,2018,10,Hebei,10.53,10.21,55.32,413,70,19,55,100,1,92,50,36.36162807,34.26614861,33.57442538,30.73793313,29.95246361,238.18,75560000,,,,
2375,河北,2018,11,Hebei,3.49,4.68,61.78,853,71,22,62,157,1.5,52,86,32.19097891,34.27630349,31.78773084,31.88346541,29.65306539,168.85,75560000,,,,
2376,河北,2018,12,Hebei,-5.34,2.52,45.82,890,72,26,57,132,1.5,44,70,26.81058552,29.50078222,26.57767658,29.02366445,27.82076427,186.23,75560000,,,,
2377,河北,2019,1,Hebei,-0.7,NA,40,530,73,39,82,232,2.34,30,145,20.7314653,23.77102541,23.51707145,25.68554832,27.42072477,125.4,75920000,,,,
2378,河北,2019,2,Hebei,0.7,6.9,53,179,74,21,49,187,1.51,64,121,23.00916353,21.87031442,26.03401981,26.22816124,26.89234124,105.3,75920000,,,,
2379,河北,2019,3,Hebei,11.4,NA,32,344,75,17,43,130,0.81,98,62,34.36143059,28.68529706,28.97321846,26.91278017,28.1436547,251.5,75920000,,,,
2380,河北,2019,4,Hebei,15,65.6,54,410,76,15,38,92,0.74,115,52,29.54906125,31.95524592,32.32588155,29.99670205,29.33773683,209.9,75920000,,,,
2381,河北,2019,5,Hebei,23.3,0.4,42,716,77,19,39,88,0.7,156,34,33.06715282,31.30810704,29.77269667,30.91988015,29.05144756,269.6,75920000,,,,
2382,河北,2019,6,Hebei,27.7,38.5,50,830,78,14,31,86,0.83,202,39,26.70187595,29.88451438,27.11558198,27.7239518,27.08622872,208.1,75920000,,,,
2383,河北,2019,7,Hebei,28.3,193,66,450,79,11,27,71,0.76,189,37,21.57771717,24.13979656,24.27164317,26.47052059,27.54037105,200.2,75920000,,,,
2384,河北,2019,8,Hebei,26.4,54,68,225,80,10,29,56,0.58,136,27,24.5353364,23.05652679,25.97760883,26.15867561,27.46289624,178,75920000,,,,
2385,河北,2019,9,Hebei,23.4,70.3,61,289,81,12,47,80,0.75,150,35,31.81977291,28.17755465,29.67829603,27.65315131,28.42284883,229.9,75920000,,,,
2386,河北,2019,10,Hebei,15.2,37.6,68,459,82,11,48,87,0.75,76,51,32.67977877,32.24977584,32.00039686,30.13413175,29.13169338,164.1,75920000,,,,
2387,河北,2019,11,Hebei,7.4,2.5,58,784,83,13,60,132,1.01,36,72,31.50163892,32.09070884,29.76778586,30.28078263,27.54678084,115,75920000,,,,
2388,河北,2019,12,Hebei,0.6,1.8,58,725,84,15,61,135,1.5,27,83,25.12193991,28.31178941,24.41145083,26.47853282,24.21140089,168.4,75920000,,,,
2389,河北,2020,1,Hebei,-1,9.1,72,264,85,19,65,210,2.3,46,150,16.61077368,20.86635679,18.95852893,22.09430642,23.32571344,104.6,74640000,,,,
2390,河北,2020,2,Hebei,3.9,4.5,58,37,86,11,29,112,1.14,72,79,15.14287319,15.87682343,20.0016628,21.28173208,22.92806344,165.3,74640000,,,,
2391,河北,2020,3,Hebei,10.8,11.2,45,25,87,12,40,87,0.8,88,49,28.25134153,21.69710736,24.30253454,22.37959432,23.66326985,237.7,74640000,,,,
2392,河北,2020,4,Hebei,15.8,14.6,41,30,88,12,38,67,0.56,117,33,29.51338889,28.88236521,28.85423413,25.4263939,25.23362614,277.8,74640000,,,,
2393,河北,2020,5,Hebei,22,54.7,56,33,89,11,34,68,0.57,132,36,28.79797198,29.15568043,27.59130533,27.75631438,27.76856185,233.2,74640000,,,,
2394,河北,2020,6,Hebei,27.2,124.6,50,29,90,12,30,81,0.63,183,38,24.46255514,26.63026356,27.02602628,27.64786693,29.08106864,168.8,74640000,,,,
2395,河北,2020,7,Hebei,26,128.9,73,17,91,9,25,71,0.66,152,46,27.81755172,26.14005343,29.03132745,28.97298858,28.41916088,122.2,74640000,,,,
2396,河北,2020,8,Hebei,26.1,230.5,77,43,92,9,24,54,0.71,140,32,34.8138755,31.31571361,29.61175909,28.3244581,29.02317743,168.6,74640000,,,,
2397,河北,2020,9,Hebei,22.6,49.1,63,37,93,9,35,62,0.64,128,31,26.20385005,30.50886277,30.9452601,30.16333301,30.26472666,219,74640000,,,,
2398,河北,2020,10,Hebei,14.5,NA,57,49,94,14,56,109,0.9,70,57,31.81805476,29.01095241,29.5640687,30.8765204,31.04579767,213.4,74640000,,,,
2399,河北,2020,11,Hebei,8.1,30.6,59,68,95,13,58,127,1.02,39,72,30.6703013,31.24417803,31.40375427,30.10377822,30.10377822,204.4,74640000,,,,
2400,河北,2020,12,Hebei,-,0.3,49,95,96,17,58,115,1.19,33,68,31.72290676,31.19660403,31.19660403,31.40375427,31.40375427,223.7,74640000,,,,
2401,北京,2013,1,Beijing,-6.83,4.07,62.33,203,1,72,97,205,3.9,16,187,6.303561089,6.303561089,26.30886186,26.30886186,37.21560138,143.4,21150000,,,,
2402,北京,2013,2,Beijing,-2.93,3.6,50.67,62,2,47,59,117,1.9,51,102,46.31416262,26.30886186,37.21560138,37.21560138,40.43638521,159.45,21150000,,,,
2403,北京,2013,3,Beijing,4.57,14.03,48,159,3,39,68,131,1.5,63,104,59.02908042,52.67162152,51.81399325,40.43638521,43.6467164,201.15,21150000,,,,
2404,北京,2013,4,Beijing,10.93,9.07,41.67,163,4,20,45,97,0.9,96,60,50.0987367,54.56390856,55.2052861,52.98250523,50.35585476,247.9,21150000,,,,
2405,北京,2013,5,Beijing,20.67,9.17,48,307,5,26,49,132,1,147,81,56.48804119,53.29338894,48.81201025,51.36627779,48.51615288,239.95,21150000,,,,
2406,北京,2013,6,Beijing,22.6,145.23,74,244,6,13,47,133,1.4,137,102,39.84925285,48.16864702,44.48431575,45.88792099,45.47053258,127.9,21150000,,,,
2407,北京,2013,7,Beijing,26.07,178.77,74.33,106,7,7,37,87,1,146,67,37.11565323,38.48245304,40.25529501,44.31348155,45.87179616,199.65,21150000,,,,
2408,北京,2013,8,Beijing,25.53,123.93,73,67,8,5,38,86,0.9,153,61,43.80097895,40.45831609,44.34056225,43.2177349,45.95541199,212.35,21150000,,,,
2409,北京,2013,9,Beijing,19.07,60.47,73,69,9,10,51,102,1.2,100,76,52.10505458,47.95301677,50.93738463,47.48195178,49.21194329,163.95,21150000,,,,
2410,北京,2013,10,Beijing,11.73,17.17,64.67,122,10,15,63,114,1.2,55,92,56.90612036,54.50558747,55.04769475,52.2360158,52.56310669,189.95,21150000,,,,
2411,北京,2013,11,Beijing,4.17,0.07,46,197,11,21,56,99,1.4,41,76,56.13190933,56.51901484,55.63649996,54.75363862,50.82003491,195,21150000,,,,
2412,北京,2013,12,Beijing,-2.13,0,42,349,12,39,59,98,1.9,36,78,53.87147021,55.00168977,48.36299988,50.49878,48.32970336,194.3,21150000,,,,
2413,北京,2014,1,Beijing,-2.63,0,43.67,237,13,53,68,130,2,33,97,35.08562009,44.47854515,42.87016238,46.18559912,50.16987308,173.55,21520000,,,,
2414,北京,2014,2,Beijing,-2.13,3.77,54.67,75,14,58,71,169,2.2,42,149,39.65339684,37.36950846,46.94866196,48.67936402,50.36915951,97.55,21520000,,,,
2415,北京,2014,3,Beijing,8,3.4,37,197,15,34,65,139,1.4,81,93,66.10696894,52.88018289,54.29623575,49.49358184,50.68993498,221.1,21520000,,,,
2416,北京,2014,4,Beijing,15.73,17.87,44,381,16,17,59,148,0.9,127,89,57.12834149,61.61765521,59.57021932,54.5910137,51.47975578,208.95,21520000,,,,
2417,北京,2014,5,Beijing,20.43,35.5,41.67,780,17,15,50,126,0.9,146,62,55.47534755,56.30184452,50.5461377,54.43634551,49.97131693,251.6,21520000,,,,
2418,北京,2014,6,Beijing,23.53,104.37,61,622,18,6,41,83,0.8,171,53,39.03472407,47.25503581,42.20709141,45.93740393,45.1900365,226.4,21520000,,,,
2419,北京,2014,7,Beijing,26.6,91.67,63.33,216,19,6,40,123,0.9,170,90,32.1112026,35.57296334,37.78216449,42.20546025,45.37112384,163.7,21520000,,,,
2420,北京,2014,8,Beijing,24.67,84.13,63.33,97,20,5,44,97,0.9,169,64,42.2005668,37.1558847,44.11518253,42.84506791,45.16041339,218.4,21520000,,,,
2421,北京,2014,9,Beijing,19.13,93.13,69.33,158,21,7,52,98,1,105,67,58.03377818,50.11717249,51.55204675,46.69183572,47.63818644,146.15,21520000,,,,
2422,北京,2014,10,Beijing,12.23,20.73,66,274,22,9,74,159,1.4,54,120,54.42179528,56.22778673,54.6263876,51.5199324,51.62775227,117.4,21520000,,,,
2423,北京,2014,11,Beijing,4.23,0.07,51,388,23,16,67,133,1.6,37,88,51.42358933,52.9226923,52.63480545,53.98454863,50.6082868,154.6,21520000,,,,
2424,北京,2014,12,Beijing,-3.13,0.13,37.33,493,24,28,55,97,1.5,43,57,52.05903175,51.74131054,46.86195352,48.75191396,45.75395422,202.7,21520000,,,,
2425,北京,2015,1,Beijing,-2.83,0.9,43,466,25,35,68,129,2,39,98,37.10323948,44.58113561,40.9747955,43.58699395,47.21352937,179.55,21710000,,,,
2426,北京,2015,2,Beijing,-0.63,6.5,41,105,26,26,53,131,1.5,59,94,33.76211526,35.43267737,44.19500859,46.16101438,47.22377232,171.95,21710000,,,,
2427,北京,2015,3,Beijing,6.97,3.03,32.67,225,27,21,56,150,1.2,85,88,61.71967102,47.74089314,48.98553012,46.01495746,47.7571463,235.15,21710000,,,,
2428,北京,2015,4,Beijing,14.17,36.13,44.33,307,28,9,45,121,0.8,124,72,51.47480409,56.59723756,55.97345892,50.42062301,48.88661827,219.55,21710000,,,,
2429,北京,2015,5,Beijing,19.97,38.33,44.33,558,29,8,39,100,0.7,153,56,54.72590166,53.10035287,49.65043503,52.66774402,48.90631992,260,21710000,,,,
2430,北京,2015,6,Beijing,23.23,65.4,58.33,530,30,6,36,82,1.2,156,61,42.75059933,48.73825049,43.77904149,45.70298214,44.17691849,190.85,21710000,,,,
2431,北京,2015,7,Beijing,25.33,143.97,65.33,261,31,4,36,79,0.8,176,61,33.86062348,38.3056114,38.22796223,42.35244709,45.27069044,201.2,21710000,,,,
2432,北京,2015,8,Beijing,24.77,82.07,67.33,92,32,3,31,68,0.8,158,44,38.07266389,35.96664369,42.95898373,42.90688763,45.17586786,238.05,21710000,,,,
2433,北京,2015,9,Beijing,19.03,116.13,72.33,142,33,4,43,67,0.8,109,49,56.94366383,47.50816386,49.75603883,45.78218499,47.61836296,187.4,21710000,,,,
2434,北京,2015,10,Beijing,12.63,13.6,59.67,234,34,5,54,89,1,74,74,54.25178878,55.5977263,55.38617582,51.05779784,50.16806059,209.45,21710000,,,,
2435,北京,2015,11,Beijing,2.1,40.33,76.33,415,35,11,61,150,2,24,118,54.96307485,54.60743181,51.94132508,53.19190977,48.84177103,58.35,21710000,,,,
2436,北京,2015,12,Beijing,-1.8,2.27,63.33,526,36,19,76,162,2.9,26,151,46.60911163,50.78609324,44.33780086,46.81629784,44.94577632,138.45,21710000,,,,
2437,北京,2016,1,Beijing,-6.63,0.9,41.33,260,37,20,52,82,1.6,42,67,31.44121609,39.02516386,38.50467266,42.61927321,46.33200926,NA,21730000,,,,
2438,北京,2016,2,Beijing,-0.93,11.4,37.67,72,38,15,35,53,0.9,67,43,37.46369026,34.45245318,43.36261994,44.17424286,45.52099478,NA,21730000,,,,
2439,北京,2016,3,Beijing,7.2,0,34.33,169,39,18,57,131,1.2,79,92,61.18295345,49.32332186,49.85154872,45.24896557,47.05745701,NA,21730000,,,,
2440,北京,2016,4,Beijing,15.23,9.33,37.33,231,40,10,44,118,0.8,116,68,50.90800246,56.04547796,55.4607929,50.96151724,48.92269681,NA,21730000,,,,
2441,北京,2016,5,Beijing,19.73,37.13,46.33,419,41,8,37,92,0.7,160,53,54.29142279,52.59971263,48.65561344,51.78744844,48.06624605,NA,21730000,,,,
2442,北京,2016,6,Beijing,24.13,93.03,57.67,386,42,5,35,80,0.8,182,59,40.76741506,47.52941893,42.74675811,44.7870692,44.00088694,198,21730000,,,,
2443,北京,2016,7,Beijing,26.13,272,72,163,43,3,33,82,0.9,158,69,33.18143648,36.97442577,38.26833648,42.27410806,44.66011974,136.5,21730000,,,,
2444,北京,2016,8,Beijing,25.83,82.73,69.67,74,44,2,35,63,0.8,135,46,40.8561579,37.01879719,42.74725362,42.25229398,44.21792476,211,21730000,,,,
2445,北京,2016,9,Beijing,20.03,78.3,69.67,109,45,3,44,81,0.8,107,56,54.20416647,47.53016218,49.04692408,45.08055218,46.71710281,146.5,21730000,,,,
2446,北京,2016,10,Beijing,11.84,2.48,73.44,158,46,4,55,111,1.2,47,84,52.08044787,53.14230717,53.18263989,50.10101939,49.43734317,94,21730000,,,,
2447,北京,2016,11,Beijing,2.6,10.8,62,260,47,11,67,138,1.8,27,99,53.26330532,52.6718766,50.70879715,51.58263948,48.00330056,130,21730000,,,,
2448,北京,2016,12,Beijing,-1.67,0,54.67,320,48,17,79,158,2.5,28,132,46.78263826,50.02297179,44.57729615,46.45308408,44.94560984,NA,21730000,,,,
2449,北京,2017,1,Beijing,-2.71,0.8,50.77,192,49,18,64,146,2.2,41,114,33.68594487,40.23429157,39.79476533,43.16190033,46.89951045,153.95,21710000,,,,
2450,北京,2017,2,Beijing,1,4.45,38.35,63,50,18,53,85,1.3,65,70,38.91571285,36.30082886,44.81720289,45.30856173,47.07608286,174.2,21710000,,,,
2451,北京,2017,3,Beijing,7.8,11.1,40.95,159,51,11,49,92,0.9,85,63,61.84995094,50.38283189,51.63727705,47.149444,48.79327863,174.9,21710000,,,,
2452,北京,2017,4,Beijing,16.62,0,36.73,259,52,7,48,108,0.7,100,53,54.14616735,57.99805915,57.12157848,52.57011207,50.36333247,248.8,21710000,,,,
2453,北京,2017,5,Beijing,22.61,26.3,42.08,598,53,7,36,137,0.6,159,59,55.36861713,54.75739224,50.35033285,53.22523738,49.16310811,298.85,21710000,,,,
2454,北京,2017,6,Beijing,25.1,97.1,51.85,536,54,6,38,83,0.7,181,42,41.53621407,48.4524156,43.27314074,45.9913974,44.23334634,235,21710000,,,,
2455,北京,2017,7,Beijing,27.45,179.7,73.45,284,55,3,34,77,0.8,170,52,32.91459102,37.22540255,37.21731575,41.75514109,44.78147061,163.95,21710000,,,,
2456,北京,2017,8,Beijing,25.44,262.3,74.9,86,56,3,35,60,0.8,128,38,37.20114214,35.05786658,42.33417394,42.13468397,43.46837369,207.1,21710000,,,,
2457,北京,2017,9,Beijing,21.7,4,65.75,176,57,4,49,98,0.9,120,57,56.88678866,47.0439654,47.63035446,43.9514136,46.9008995,202.7,21710000,,,,
2458,北京,2017,10,Beijing,12.1,62.9,73.9,198,58,3,45,67,0.9,46,57,48.80313257,52.84496062,54.79625478,50.39747662,49.74282965,138.85,21710000,,,,
2459,北京,2017,11,Beijing,2.85,0,46.3,438,59,5,49,73,0.9,45,45,58.6988431,53.75098784,51.54207248,52.87825153,48.23771774,212.85,21710000,,,,
2460,北京,2017,12,Beijing,-2.05,0.9,42.25,646,60,8,49,66,1,42,44,47.12424177,52.91154243,45.1662225,46.07545002,43.3851797,204.05,21710000,,,,
2461,北京,2018,1,Beijing,-4.75,0,35.55,328,61,8,42,64,0.8,52,34,29.67558262,38.39991219,36.47464093,42.03069148,46.31748787,201.5,21540000,,,,
2462,北京,2018,2,Beijing,-2.4,0,35.2,66,62,10,34,74,0.9,76,50,32.62409841,31.14984052,41.92145149,43.22214906,45.23693843,204.7,21540000,,,,
2463,北京,2018,3,Beijing,7.6,3.8,42.75,157,63,10,58,138,1.1,88,90,63.46467344,48.04438593,49.79495592,44.76511259,46.26501337,211.75,21540000,,,,
2464,北京,2018,4,Beijing,15.12,NA,50.49,298,64,7,41,128,0.7,126,64,53.29609589,58.38038467,56.34179528,50.41237106,48.92047322,211.35,21540000,,,,
2465,北京,2018,5,Beijing,21.59,11.95,51.72,523,65,5,39,118,0.7,146,57,52.2646165,52.7803562,49.50453142,52.99456692,48.13329565,223.55,21540000,,,,
2466,北京,2018,6,Beijing,26.35,28.45,53.85,540,66,4,36,75,0.8,183,48,42.95288185,47.60874918,41.30190296,44.3004512,42.11902979,223.55,21540000,,,,
2467,北京,2018,7,Beijing,27.55,357.5,79.1,236,67,3,27,61,0.9,147,49,28.68821054,35.8205462,35.01147884,39.32476326,44.01406769,155.3,21540000,,,,
2468,北京,2018,8,Beijing,27.25,111.05,74.35,49,68,4,28,54,0.8,145,34,33.39334414,31.04077734,41.61761336,41.95143048,44.15606418,194.75,21540000,,,,
2469,北京,2018,9,Beijing,20.15,27,61.95,124,69,4,36,51,0.6,103,31,62.77128541,48.08231477,49.71307617,44.45685976,46.87793132,212.45,21540000,,,,
2470,北京,2018,10,Beijing,11.75,5.25,56.25,214,70,5,49,65,0.7,76,43,52.97459895,57.87294218,57.43603397,51.42536151,50.11199305,233.7,21540000,,,,
2471,北京,2018,11,Beijing,4.6,2.3,57.45,479,71,8,65,104,1.2,40,73,56.56221756,54.76840825,51.4651119,54.29165528,49.55870326,166.45,21540000,,,,
2472,北京,2018,12,Beijing,-4,0.85,38.05,616,72,8,50,81,0.9,44,40,44.8585192,50.71036838,44.01587732,46.25555773,43.98656431,184.8,21540000,,,,
2473,北京,2019,1,Beijing,-1.7,NA,30,308,73,9,50,80,1,44,51,30.62689519,37.7427072,36.79866835,41.73955565,45.03068105,200.3,21540000,,,,
2474,北京,2019,2,Beijing,-0.7,2,39,80,74,6,35,72,0.81,65,53,34.91059065,32.76874292,41.24422282,42.14779692,43.47704062,150.5,21540000,,,,
2475,北京,2019,3,Beijing,9.7,2.5,31,164,75,5,39,80,0.64,86,52,58.19518262,46.55288664,47.29992957,43.13167097,44.9493323,271.3,21540000,,,,
2476,北京,2019,4,Beijing,14.7,39.4,43,224,76,4,34,91,0.55,103,48,48.79401542,53.49459902,53.06972522,48.52994158,47.54377349,246.4,21540000,,,,
2477,北京,2019,5,Beijing,22.3,58.5,38,362,77,4,34,78,0.5,143,37,52.2199776,50.50699651,48.20436472,50.7020692,46.93300263,270.5,21540000,,,,
2478,北京,2019,6,Beijing,26.3,9.4,51,415,78,4,27,60,0.71,179,39,43.59910114,47.90953937,42.55860504,44.11745763,43.02749865,217.8,21540000,,,,
2479,北京,2019,7,Beijing,28,86.8,62,207,79,3,27,50,0.66,159,37,31.85673637,37.72791875,38.04116674,41.58586946,44.35717542,194.9,21540000,,,,
2480,北京,2019,8,Beijing,25.9,63.9,60,74,80,3,26,37,0.57,118,23,38.66766272,35.26219954,41.98893278,42.39147487,43.67553786,205.9,21540000,,,,
2481,北京,2019,9,Beijing,23.1,90.9,58,150,81,3,33,58,0.67,151,36,55.44239925,47.05503099,47.64061727,43.69464704,45.98747104,239.8,21540000,,,,
2482,北京,2019,10,Beijing,13.3,22.9,59,177,82,3,41,66,0.68,42,40,48.81178983,52.12709454,53.13765205,49.52015471,48.38798318,196.4,21540000,,,,
2483,北京,2019,11,Beijing,5.8,21.3,52,375,83,5,48,78,0.8,32,44,55.15876706,51.98527844,49.27661797,50.81806329,45.17766386,151.5,21540000,,,,
2484,北京,2019,12,Beijing,-1.2,5.7,49,429,84,4,46,60,0.85,37,44,43.85929704,49.50903205,40.54471008,42.61148002,36.88978375,197,21540000,,,,
2485,北京,2020,1,Beijing,-1.5,4.7,51,164,85,6,40,65,0.96,53,59,22.61606614,33.23768159,26.82612062,33.90928223,37.32643411,183.4,21890000,,,,
2486,北京,2020,2,Beijing,1,37.7,58,7,86,4,27,57,0.88,66,62,14.00299869,18.30953242,29.20470214,32.86835087,36.3524275,153.2,21890000,,,,
2487,北京,2020,3,Beijing,9.1,11.9,40,5,87,4,25,53,0.48,84,35,50.9950416,32.49902015,38.42892477,34.47571011,36.48446025,253.1,21890000,,,,
2488,北京,2020,4,Beijing,15.7,12.7,32,9,88,4,22,67,0.4,119,31,50.28873402,50.64188781,48.6010788,39.95155878,40.43031274,281.7,21890000,,,,
2489,北京,2020,5,Beijing,21.1,49.3,53,9,89,4,23,62,0.6,124,36,44.51946079,47.40409741,45.71784113,47.03714125,44.98737792,185.3,21890000,,,,
2490,北京,2020,6,Beijing,26.9,35,50,9,90,3,23,67,0.57,174,32,42.34532858,43.43239469,41.21770465,43.485462,45.36158078,199.4,21890000,,,,
2491,北京,2020,7,Beijing,26.7,108.5,66,5,91,3,21,47,0.67,150,41,36.78832459,39.56682658,43.99990303,44.12979247,46.63951771,150.8,21890000,,,,
2492,北京,2020,8,Beijing,26.7,167.4,72,5,92,3,22,41,0.65,131,28,52.86605592,44.82719025,48.77759972,47.16953194,46.39541292,164.7,21890000,,,,
2493,北京,2020,9,Beijing,21.8,71.1,63,15,93,3,26,35,0.54,96,24,56.67841866,54.77223729,50.94780382,47.40793401,48.3834493,225.4,21890000,,,,
2494,北京,2020,10,Beijing,13.5,1.8,50,15,94,3,41,70,0.56,60,42,43.29893687,49.98867776,50.75428867,51.28223048,51.125263,243.9,21890000,,,,
2495,北京,2020,11,Beijing,6.5,27.9,50,21,95,3,42,62,0.65,41,37,52.28551047,47.79222367,48.69394681,50.69006477,50.69006477,186.9,21890000,,,,
2496,北京,2020,12,Beijing,-2.2,NA,40,36,96,5,38,56,0.62,40,28,50.49739308,51.39145177,51.39145177,48.69394681,48.69394681,213.6,21890000,,,,
2497,新疆,2013,1,Xinjiang,-10.87,4.31,66.23,84,1,77,95,277,4.4,10,202,3.62621138,3.62621138,11.60272496,11.60272496,17.09734537,177.82,22640000,,,,
2498,新疆,2013,2,Xinjiang,-6.48,4.28,56.7,29,2,52,75,240,4.9,35,175,19.57923853,11.60272496,17.09734537,17.09734537,19.62939048,187.05,22640000,,,,
2499,新疆,2013,3,Xinjiang,6.94,3.64,45.11,48,3,26,57,150,4.1,51,80,28.08658621,23.83291237,24.96378352,19.62939048,21.04247022,245.56,22640000,,,,
2500,新疆,2013,4,Xinjiang,13.15,15.57,37.89,87,4,18,49,112,0.8,68,41,27.22552581,27.65605601,27.33563372,25.39653493,24.93869006,271.12,22640000,,,,
2501,新疆,2013,5,Xinjiang,17,22.44,40.45,146,5,18,45,94,0.7,82,47,26.69478914,26.96015748,25.67587519,26.27855295,24.65228169,297.9,22640000,,,,
2502,新疆,2013,6,Xinjiang,21.26,32.38,44.62,187,6,11,44,98,0.7,100,47,23.10731061,24.90104988,22.64976547,23.79370556,23.56602725,284.91,22640000,,,,
2503,新疆,2013,7,Xinjiang,22.95,30.11,46.65,110,7,9,50,117,0.8,122,50,18.14719666,20.62725364,21.30327377,22.65115261,23.73358923,315.24,22640000,,,,
2504,新疆,2013,8,Xinjiang,22.52,23.88,47.03,64,8,11,53,137,0.9,105,45,22.65531402,20.40125534,22.95528213,22.99328925,23.5277416,281.64,22640000,,,,
2505,新疆,2013,9,Xinjiang,16.92,10.54,44.61,131,9,18,59,147,0.9,75,51,28.06333572,25.35932487,25.46140024,23.63284934,24.53047134,281.74,22640000,,,,
2506,新疆,2013,10,Xinjiang,10.56,5.76,48.82,163,10,30,67,141,1.4,44,70,25.66555097,26.86444334,27.28328201,26.12629001,25.13892871,258.88,22640000,,,,
2507,新疆,2013,11,Xinjiang,-0.4,6.29,61.76,349,11,27,64,190,2.2,20,128,28.12095933,26.89325515,24.99199795,25.75983239,23.48800154,188.6,22640000,,,,
2508,新疆,2013,12,Xinjiang,-6.79,3.88,68.94,349,12,31,63,126,2.2,9,94,21.18948354,24.65522143,21.23704034,22.344168,21.4248197,159.49,22640000,,,,
2509,新疆,2014,1,Xinjiang,-9.72,6.69,61.44,144,13,30,48,145,1.8,44,87,14.40067817,17.79508085,17.77919607,20.36463689,22.47265591,181.47,22980000,,,,
2510,新疆,2014,2,Xinjiang,-8.79,5.24,55.92,31,14,23,43,130,1.4,66,64,17.74742651,16.07405234,21.01761223,21.06058006,21.73449585,179.58,22980000,,,,
2511,新疆,2014,3,Xinjiang,2.77,4.68,46.52,86,15,22,47,207,1.2,85,78,30.90473201,24.32607926,24.36077251,21.87074893,23.54945922,251.64,22980000,,,,
2512,新疆,2014,4,Xinjiang,11.41,11.9,35.06,95,16,11,30,307,0.7,86,72,24.43015902,27.66744552,28.53306381,25.83665449,24.7849263,249.26,22980000,,,,
2513,新疆,2014,5,Xinjiang,17.47,11.06,31.17,229,17,13,29,202,0.7,96,51,30.2643004,27.34722971,25.09082433,26.54430125,24.69486641,307.04,22980000,,,,
2514,新疆,2014,6,Xinjiang,21.34,23.87,41.36,265,18,14,28,93,0.7,112,31,20.57801356,25.42115698,22.71314701,23.14240001,23.27775564,294.04,22980000,,,,
2515,新疆,2014,7,Xinjiang,23.66,19.97,42.15,103,19,14,29,95,0.9,113,31,17.29712706,18.93757031,20.56477292,22.98965479,23.95393702,306.72,22980000,,,,
2516,新疆,2014,8,Xinjiang,22.29,11.43,42.44,80,20,10,33,101,1.1,104,34,23.81917813,20.5581526,22.97579038,22.37634617,23.63361992,302.99,22980000,,,,
2517,新疆,2014,9,Xinjiang,16.46,14.63,47.06,125,21,12,38,138,1.2,79,46,27.81106594,25.81512203,26.76431965,24.39752151,24.50424844,263.61,22980000,,,,
2518,新疆,2014,10,Xinjiang,9.11,11.41,53.82,251,22,13,47,141,1.5,57,50,28.66271489,28.23689042,27.134979,26.30602878,25.01336965,238.19,22980000,,,,
2519,新疆,2014,11,Xinjiang,-0.7,9.42,61.92,405,23,12,37,98,1.4,42,41,24.93115617,26.79693553,24.47886807,25.31191754,23.69736965,180.66,22980000,,,,
2520,新疆,2014,12,Xinjiang,-10.02,4.1,64.26,298,24,25,50,152,2.2,37,90,19.84273314,22.38694465,20.67102248,22.66894558,22.38703569,166.87,22980000,,,,
2521,新疆,2015,1,Xinjiang,-8.37,5.16,64.42,139,25,34,42,134,2.1,51,75,17.23917813,18.54095563,19.44710246,20.81811589,22.229055,166.42,23600000,,,,
2522,新疆,2015,2,Xinjiang,-4.53,5.16,58.53,65,26,41,34,162,1.8,64,69,21.25939612,19.24928713,22.12379523,21.55352971,22.40957675,180.62,23600000,,,,
2523,新疆,2015,3,Xinjiang,3.55,6.94,45.23,117,27,21,25,202,1.3,78,61,27.87281145,24.56610378,24.9886575,23.05128766,24.41398413,235.57,23600000,,,,
2524,新疆,2015,4,Xinjiang,12.51,12.07,39.14,146,28,15,22,203,0.9,86,60,25.83376493,26.85328819,27.85711547,26.20768563,25.47416802,264.57,23600000,,,,
2525,新疆,2015,5,Xinjiang,18.69,21.94,39.77,324,29,13,18,129,0.8,89,42,29.86477004,27.84926748,26.07954418,26.527861,24.67754784,297.21,23600000,,,,
2526,新疆,2015,6,Xinjiang,21.26,33.68,45.18,445,30,10,17,101,0.7,101,31,22.54009757,26.2024338,23.22705427,23.87873194,23.42377102,283.18,23600000,,,,
2527,新疆,2015,7,Xinjiang,25.65,16.7,40.29,204,31,11,21,121,0.8,109,39,17.27629521,19.90819639,20.47344005,22.82127254,23.98112474,322.17,23600000,,,,
2528,新疆,2015,8,Xinjiang,22.56,29.23,43.88,112,32,11,21,126,0.9,97,39,21.60392736,19.44011128,22.50025204,22.51021342,23.61390448,281.09,23600000,,,,
2529,新疆,2015,9,Xinjiang,14.71,21.43,52.09,171,33,9,21,82,0.9,83,27,28.62053354,25.11223045,26.08437654,23.88235621,24.20211056,252.01,23600000,,,,
2530,新疆,2015,10,Xinjiang,8.95,8.42,51.27,348,34,12,30,130,1.1,68,47,28.02866872,28.32460113,27.37677674,25.93356439,25.31285414,238.69,23600000,,,,
2531,新疆,2015,11,Xinjiang,1.14,15.68,66.91,492,35,19,35,109,1.6,49,58,25.48112796,26.75489834,25.44660327,26.24008584,24.16275921,158.24,23600000,,,,
2532,新疆,2015,12,Xinjiang,-6.96,9.89,70.35,548,36,23,41,127,2.1,42,88,22.83001314,24.15557055,21.38819793,23.04831562,22.06391029,141.92,23600000,,,,
2533,新疆,2016,1,Xinjiang,-9.94,6.04,68.64,259,37,26,43,162,2.3,47,99,15.85345267,19.34173291,18.93658492,20.57272068,21.91130596,NA,23980000,,,,
2534,新疆,2016,2,Xinjiang,-6.96,3.03,59.53,72,38,27,40,239,2.1,66,112,18.12628893,16.9898708,20.41512957,21.01885046,21.85189445,NA,23980000,,,,
2535,新疆,2016,3,Xinjiang,5.56,6.09,47.77,112,39,16,29,288,1.3,77,105,27.26564711,22.69596802,23.52533548,21.60736477,23.08554809,NA,23980000,,,,
2536,新疆,2016,4,Xinjiang,14.02,17.47,40.65,120,40,9,21,137,0.8,99,46,25.18407039,26.22485875,27.14933296,24.89357195,24.38899415,NA,23980000,,,,
2537,新疆,2016,5,Xinjiang,16.71,26.05,41.7,256,41,8,19,199,0.7,100,64,28.99828137,27.09117588,25.51767824,25.95467046,24.38569625,246.17,23980000,,,,
2538,新疆,2016,6,Xinjiang,23.52,33.21,42.42,285,42,9,19,91,0.8,110,31,22.37068297,25.68448217,23.15958792,23.66570854,23.31823821,296.83,23980000,,,,
2539,新疆,2016,7,Xinjiang,24.26,34.66,47.98,164,43,8,19,83,0.8,108,29,18.10979943,20.2402412,20.80294643,22.85178017,24.65829579,274.76,23980000,,,,
2540,新疆,2016,8,Xinjiang,21.86,34.74,53.73,78,44,8,23,71,0.9,99,26,21.92835689,20.01907816,23.97417154,23.57329939,24.30794293,228.82,23980000,,,,
2541,新疆,2016,9,Xinjiang,18.91,11.92,49,193,45,9,28,83,1,98,26,31.88435829,26.90635759,27.01974409,24.79225793,25.08490935,232.55,23980000,,,,
2542,新疆,2016,10,Xinjiang,7.05,0.58,56.26,360,46,12,30,131,1.2,67,45,27.24651709,29.56543769,28.46213014,26.82868683,25.73428647,199.93,23980000,,,,
2543,新疆,2016,11,Xinjiang,-1.96,17.06,60.14,555,47,21,39,136,1.7,54,62,26.25551503,26.75101606,24.95290572,26.68576886,24.53543289,161.44,23980000,,,,
2544,新疆,2016,12,Xinjiang,-5.21,9.28,72.33,541,48,23,45,147,2.2,44,91,21.35668503,23.80610003,21.18209636,22.69820154,22.20919009,124.84,23980000,,,,
2545,新疆,2017,1,Xinjiang,-10.45,3.47,69.14,217,49,28,52,161,2.4,54,112,15.93408901,18.64538702,19.18130611,20.94985834,22.55740549,153.01,24450000,,,,
2546,新疆,2017,2,Xinjiang,-3.64,5.87,61.75,81,50,23,45,204,1.9,70,94,20.25314428,18.09361664,21.72494247,21.63287811,22.37599279,146.39,24450000,,,,
2547,新疆,2017,3,Xinjiang,2.96,3.91,49.2,145,51,15,31,168,1.2,84,69,28.98759411,24.6203692,24.86306331,22.63081973,23.77492686,200.14,24450000,,,,
2548,新疆,2017,4,Xinjiang,13.11,12.21,43.04,194,52,11,24,130,0.8,100,43,25.34845153,27.16802282,27.562467,25.73513632,25.14823437,238.86,24450000,,,,
2549,新疆,2017,5,Xinjiang,19.83,10.86,32.77,306,53,11,24,116,0.8,117,41,28.35135536,26.84990344,25.50014449,26.37200689,24.21270188,328.57,24450000,,,,
2550,新疆,2017,6,Xinjiang,23.67,23.94,40.28,443,54,9,21,86,0.8,119,29,22.80062657,25.57599097,22.24248792,23.01897882,23.15202686,286.65,24450000,,,,
2551,新疆,2017,7,Xinjiang,25.6,19.36,43.59,152,55,9,20,85,0.8,128,27,15.57548182,19.1880542,20.68677581,22.6029207,24.30772505,300.19,24450000,,,,
2552,新疆,2017,8,Xinjiang,22.28,19.68,46.56,84,56,9,22,83,0.8,118,26,23.68421903,19.62985043,23.46221444,23.29681747,24.12479404,280.66,24450000,,,,
2553,新疆,2017,9,Xinjiang,17.72,23.7,43.53,200,57,9,28,111,0.9,106,34,31.12694246,27.40558074,27.41595393,24.45583591,24.83201558,275.29,24450000,,,,
2554,新疆,2017,10,Xinjiang,8.71,5.66,48.01,356,58,12,35,146,1.2,82,50,27.43670032,29.28182139,28.30012568,27.14614902,26.00438093,237.14,24450000,,,,
2555,新疆,2017,11,Xinjiang,1.01,3.76,55.63,563,59,15,40,122,1.6,61,57,26.33673427,26.88671729,25.07024772,26.58442141,24.51239741,203.69,24450000,,,,
2556,新疆,2017,12,Xinjiang,-6.66,3.68,63.56,522,60,17,40,127,1.9,49,76,21.43730858,23.88702142,21.33278142,22.85876114,22.17244782,158.24,24450000,,,,
2557,新疆,2018,1,Xinjiang,-12.86,2.6,60.51,225,61,20,43,178,2.1,55,94,16.22430141,18.83080499,19.02960151,20.8563847,22.5610233,185.16,24870000,,,,
2558,新疆,2018,2,Xinjiang,-6.26,1.08,55.79,75,62,17,37,150,1.8,80,78,19.42719454,17.82574797,21.67702456,21.61709556,22.65247666,197.53,24870000,,,,
2559,新疆,2018,3,Xinjiang,8.14,9.65,45.01,129,63,11,26,259,1.1,89,64,29.37957773,24.40338613,25.20025778,22.95626869,24.10025793,214.63,24870000,,,,
2560,新疆,2018,4,Xinjiang,13.2,NA,34.56,196,64,9,20,268,0.7,105,74,26.79400107,28.0867894,28.28326457,26.06924706,25.69001809,234.25,24870000,,,,
2561,新疆,2018,5,Xinjiang,17.31,20.26,35.1,350,65,8,19,168,0.6,114,48,28.67621492,27.73510799,26.54777273,27.25572398,25.27951193,282.88,24870000,,,,
2562,新疆,2018,6,Xinjiang,23.55,16.75,38.67,503,66,8,18,97,0.6,120,30,24.17310219,26.42465855,23.40799361,24.25449548,23.60568496,279.17,24870000,,,,
2563,新疆,2018,7,Xinjiang,24.7,21.44,41.95,262,67,8,19,96,0.6,119,29,17.37466373,20.77388296,20.85273628,22.80860594,24.48264507,293.54,24870000,,,,
2564,新疆,2018,8,Xinjiang,23.59,23.53,46.05,112,68,9,21,117,0.6,110,27,21.01044291,19.19255332,23.18796941,23.43425261,24.5107235,287.11,24870000,,,,
2565,新疆,2018,9,Xinjiang,16.35,10.21,43.12,219,69,9,25,104,0.7,94,32,31.1788016,26.09462226,27.00195053,24.59512883,24.52258207,272.84,24870000,,,,
2566,新疆,2018,10,Xinjiang,8.86,6.31,44.69,464,70,10,33,107,0.9,75,35,28.81660708,29.99770434,28.07593457,26.30956166,25.15891759,252.95,24870000,,,,
2567,新疆,2018,11,Xinjiang,-1.49,8.84,59.72,654,71,12,35,145,1.3,55,58,24.23239504,26.52450106,24.53511448,26.19603626,24.43892553,164.59,24870000,,,,
2568,新疆,2018,12,Xinjiang,-10.85,4.49,59.54,431,72,15,42,206,1.8,49,85,20.55634131,22.39436817,20.73307299,22.75395651,22.03996794,168.95,24870000,,,,
2569,新疆,2019,1,Xinjiang,-11.3,2.5,78,233,73,10,64,167,2.15,35,127,17.41048263,18.98341197,19.05027919,20.34580815,22.38702509,138.9,25230000,,,,
2570,新疆,2019,2,Xinjiang,-11,11.5,78,71,74,10,57,135,1.71,61,108,19.18401363,18.29724813,22.3821297,21.9256826,22.54494939,145.2,25230000,,,,
2571,新疆,2019,3,Xinjiang,1.1,NA,69,146,75,9,51,107,1.52,77,72,30.55189285,24.86795324,24.91930767,23.04210141,23.77553992,226.1,25230000,,,,
2572,新疆,2019,4,Xinjiang,13.4,23.5,46,188,76,7,31,68,0.63,100,19,25.02201654,27.7869547,27.42773444,25.36680424,24.93405984,269,25230000,,,,
2573,新疆,2019,5,Xinjiang,14.9,61,46,261,77,7,29,73,0.53,107,21,26.70929392,25.86565523,24.97813091,26.3715714,24.76348263,235.2,25230000,,,,
2574,新疆,2019,6,Xinjiang,21.9,15.6,43,294,78,7,26,42,0.53,114,13,23.20308227,24.9561881,22.74783459,23.31638008,23.14203365,277.9,25230000,,,,
2575,新疆,2019,7,Xinjiang,25.7,6.7,36,163,79,8,27,60,0.55,129,17,18.33112757,20.76710492,21.32628593,22.67203793,24.35475985,314.4,25230000,,,,
2576,新疆,2019,8,Xinjiang,24.9,5.4,38,83,80,8,32,61,0.57,120,18,22.44464796,20.38788776,23.95380768,23.76612633,24.58767132,273.4,25230000,,,,
2577,新疆,2019,9,Xinjiang,19.1,31.7,45,177,81,9,35,72,0.63,98,20,31.08564752,26.76514774,27.13471558,24.93381858,25.13817667,250.4,25230000,,,,
2578,新疆,2019,10,Xinjiang,9.9,13.9,46,317,82,10,46,78,0.81,60,28,27.87385127,29.4797494,28.30503594,26.83993894,25.62521722,247.6,25230000,,,,
2579,新疆,2019,11,Xinjiang,-1.9,36.7,68,487,83,10,47,83,1.13,36,51,25.95560903,26.91473015,24.86526354,26.42035954,23.96582465,156,25230000,,,,
2580,新疆,2019,12,Xinjiang,-7.6,18.4,75,388,84,8,58,116,1.89,28,106,20.76633033,23.36096968,20.28987483,22.18586894,20.49541461,131.4,25230000,,,,
2581,新疆,2020,1,Xinjiang,-9.3,9.7,73,136,85,9,66,121,1.9,45,131,14.14768513,17.45700773,16.21587092,18.65080545,20.18409438,140,25900000,,,,
2582,新疆,2020,2,Xinjiang,-4.8,6.3,69,20,86,9,38,82,1.39,85,80,13.73359732,13.94064122,18.06617752,18.74121572,19.8622806,181.5,25900000,,,,
2583,新疆,2020,3,Xinjiang,2.9,18.6,53,18,87,9,31,66,0.9,83,32,26.31725012,20.02542372,21.46579585,19.63626817,20.55514155,248.9,25900000,,,,
2584,新疆,2020,4,Xinjiang,16.4,1.3,29,22,88,8,28,116,0.62,106,25,24.34654011,25.33189512,24.96480844,22.15700566,22.9971457,265.2,25900000,,,,
2585,新疆,2020,5,Xinjiang,19.9,19.6,32,20,89,8,26,71,0.51,108,18,24.23063508,24.28858759,24.97829369,25.3130328,24.03824597,267.2,25900000,,,,
2586,新疆,2020,6,Xinjiang,21.7,38.2,35,27,90,8,26,67,0.6,110,17,26.35770589,25.29417048,23.17581321,23.46849494,22.5983339,275.5,25900000,,,,
2587,新疆,2020,7,Xinjiang,23.8,17.8,42,21,91,8,20,40,0.53,117,14,18.93909868,22.64840228,21.4714981,22.16128235,23.78586565,271,25900000,,,,
2588,新疆,2020,8,Xinjiang,23.3,29.9,41,7,92,8,11,30,0.53,115,19,19.11768974,19.02839421,22.78032909,23.67467329,24.4412127,282.8,25900000,,,,
2589,新疆,2020,9,Xinjiang,16.1,5.1,43,12,93,9,31,58,0.58,85,20,30.28419885,24.7009443,25.63641965,23.96208941,24.54485135,237.1,25900000,,,,
2590,新疆,2020,10,Xinjiang,8,23.1,48,20,94,10,44,86,0.82,64,34,27.50737037,28.89578461,28.22248944,25.94628951,25.00053328,256.7,25900000,,,,
2591,新疆,2020,11,Xinjiang,-1.3,15.9,65,31,95,11,45,80,1.09,35,43,26.87589909,27.19163473,25.20025927,26.47124416,26.47124416,143.2,25900000,,,,
2592,新疆,2020,12,Xinjiang,-12.3,8.8,76,29,96,7,68,145,2.04,29,143,21.21750834,24.04670372,24.04670372,25.20025927,25.20025927,150.3,25900000,,,,
2593,遼寧,2013,1,Liaoning,-11,3.92,64.6,218,1,177,48,204,2.2,30,153,6.632997303,6.632997303,23.66338047,23.66338047,34.29543487,172.38,43900000,,,,
2594,遼寧,2013,2,Liaoning,-6.81,15.2,59,68,2,95,31,103,1.2,64,70,40.69376364,23.66338047,34.29543487,34.29543487,38.24610759,187.18,43900000,,,,
2595,遼寧,2013,3,Liaoning,0.13,16.98,56.68,131,3,60,31,110,1.1,68,63,55.55954367,48.12665365,48.78381102,38.24610759,40.75833682,231.93,43900000,,,,
2596,遼寧,2013,4,Liaoning,6.72,40.48,55.6,170,4,24,26,97,0.9,87,49,50.09812575,52.82883471,52.15497439,49.2896717,48.20756669,251.19,43900000,,,,
2597,遼寧,2013,5,Liaoning,17.82,25.25,58.08,256,5,24,32,112,0.9,115,58,50.80725375,50.45268975,48.26150871,50.08601745,47.91535525,275.15,43900000,,,,
2598,遼寧,2013,6,Liaoning,21.37,80.17,70.76,238,6,18,35,75,0.8,105,44,43.87914664,47.34320019,44.63970227,46.00430814,44.96096339,205.95,43900000,,,,
2599,遼寧,2013,7,Liaoning,24.35,202.69,80.48,171,7,16,31,67,0.7,97,36,39.23270643,41.55592654,41.29981249,43.6766728,45.22146074,203.36,43900000,,,,
2600,遼寧,2013,8,Liaoning,24.43,116.62,78.52,88,8,20,28,79,0.8,92,44,40.78758438,40.01014541,43.80696776,43.82501248,45.22644622,204.11,43900000,,,,
2601,遼寧,2013,9,Liaoning,18.21,58.1,72.24,113,9,27,35,70,0.7,96,39,51.40061247,46.09409843,47.67345935,45.56327112,47.66199498,232.19,43900000,,,,
2602,遼寧,2013,10,Liaoning,10.57,66.74,69,136,10,30,43,104,1.2,72,63,50.83218118,51.11639683,52.76322803,49.76931712,49.51177687,205.67,43900000,,,,
2603,遼寧,2013,11,Liaoning,2.68,27.42,59.92,247,11,77,44,104,1.2,40,63,56.05689043,53.44453581,51.79022916,51.69282499,48.56818185,175.27,43900000,,,,
2604,遼寧,2013,12,Liaoning,-5.87,3.32,60.2,345,12,112,49,123,1.7,17,82,48.48161588,52.26925316,46.86937186,47.86007419,46.44839015,189.96,43900000,,,,
2605,遼寧,2014,1,Liaoning,-6.82,3.74,56.96,228,13,89,42,112,1.9,42,71,36.06960927,42.27561257,41.78429304,45.35244239,47.97043461,186.64,43910000,,,,
2606,遼寧,2014,2,Liaoning,-4.88,4.23,50.48,92,14,89,40,124,1.9,61,82,40.80165396,38.43563162,45.10455558,45.94882065,47.13014727,168.23,43910000,,,,
2607,遼寧,2014,3,Liaoning,3.9,7.08,51.4,185,15,57,41,110,1.6,81,65,58.4424035,49.62202873,50.36650373,46.79228012,48.37274735,247.59,43910000,,,,
2608,遼寧,2014,4,Liaoning,12.52,4.82,45.32,249,16,30,40,116,1.3,103,58,51.85545373,55.14892862,54.99749118,51.44853188,50.10543952,259.91,43910000,,,,
2609,遼寧,2014,5,Liaoning,16.81,74.53,59.32,461,17,22,35,86,1.1,120,44,54.6946163,53.27503502,50.42771337,52.4313859,49.52695104,252.15,43910000,,,,
2610,遼寧,2014,6,Liaoning,21.77,116.16,71.56,467,18,17,30,71,1.1,120,44,44.73307008,49.71384319,45.77896599,47.29808793,46.09430026,207.43,43910000,,,,
2611,遼寧,2014,7,Liaoning,24.28,83.65,74,308,19,16,25,76,1.2,129,49,37.90921159,41.32114084,41.30714376,44.6540119,47.47873177,208.08,43910000,,,,
2612,遼寧,2014,8,Liaoning,23.72,58.69,72,141,20,19,28,72,1.2,129,42,41.27914961,39.5941806,45.9886575,45.67476064,47.93210353,253.52,43910000,,,,
2613,遼寧,2014,9,Liaoning,17.6,48.76,66.56,247,21,23,36,68,1.2,104,33,58.77761129,50.02838045,52.33941199,48.73186189,50.06097674,252.46,43910000,,,,
2614,遼寧,2014,10,Liaoning,11.42,24.89,59.56,452,22,31,42,119,1.3,90,70,56.96147507,57.86954318,57.03884084,53.09891803,51.67923905,203.2,43910000,,,,
2615,遼寧,2014,11,Liaoning,3.17,10.59,56.6,904,23,70,49,123,1.8,54,74,55.37743616,56.16945562,52.77981146,54.27926142,50.70597331,181.05,43910000,,,,
2616,遼寧,2014,12,Liaoning,-7.72,5.17,55.36,973,24,86,44,99,1.7,39,60,46.00052314,50.68897965,45.93026006,48.68806381,46.80785759,190.84,43910000,,,,
2617,遼寧,2015,1,Liaoning,-7.4,7.28,59.36,622,25,92,44,109,1.8,38,72,36.41282088,41.20667201,40.56679224,44.26945322,46.76973821,180.92,43820000,,,,
2618,遼寧,2015,2,Liaoning,-4.07,19.93,56.92,225,26,75,38,134,1.6,49,73,39.28703269,37.84992678,44.15691059,44.61781372,45.9563245,186.83,43820000,,,,
2619,遼寧,2015,3,Liaoning,2.7,6.22,49.44,386,27,48,35,115,1.4,67,59,56.77087819,48.02895544,49.12275949,45.94527484,48.1441314,242.58,43820000,,,,
2620,遼寧,2015,4,Liaoning,11.13,47.42,50.56,462,28,25,32,105,1.3,91,52,51.31036761,54.0406229,55.00693448,51.07695903,49.91159775,246.65,43820000,,,,
2621,遼寧,2015,5,Liaoning,17.28,60.21,51.88,873,29,20,27,83,0.9,124,38,56.93955764,54.12496262,51.16669263,52.56773902,49.05636937,286.19,43820000,,,,
2622,遼寧,2015,6,Liaoning,20.96,106.24,71.52,976,30,14,23,58,0.8,131,34,45.25015264,51.09485514,45.73353369,47.12774217,45.44148069,214.15,43820000,,,,
2623,遼寧,2015,7,Liaoning,24.11,94.45,71.88,509,31,12,21,56,0.8,117,33,35.01089078,40.13052171,39.65249273,43.97425896,45.99790229,231.71,43820000,,,,
2624,遼寧,2015,8,Liaoning,23.84,132.63,77.64,188,32,13,21,57,1,117,33,38.69643477,36.85366278,42.59993373,43.26248846,45.5034143,229.93,43820000,,,,
2625,遼寧,2015,9,Liaoning,19,21.81,67.04,244,33,18,30,59,1,105,31,54.09247564,46.39445521,49.08534269,45.56672971,48.10941191,250.75,43820000,,,,
2626,遼寧,2015,10,Liaoning,10.67,47.41,59.92,331,34,21,35,80,1.1,85,47,54.46711766,54.27979665,55.61324466,51.38404219,50.96214102,214.23,43820000,,,,
2627,遼寧,2015,11,Liaoning,-0.43,33.82,66.68,680,35,57,42,129,1.6,55,99,58.28014068,56.37362917,54.00726489,54.02856758,50.54887168,109.42,43820000,,,,
2628,遼寧,2015,12,Liaoning,-4.42,11.04,66.76,892,36,78,44,118,1.8,43,85,49.27453633,53.77733851,48.06158837,49.66297069,47.13037889,144.45,43820000,,,,
2629,遼寧,2016,1,Liaoning,-11.15,0.92,52.64,608,37,74,38,95,1.5,53,61,36.6300881,42.95231221,40.96821203,45.2961942,47.67244316,NA,43780000,,,,
2630,遼寧,2016,2,Liaoning,-5.01,15.78,53.88,188,38,58,30,77,1.2,70,46,37.00001168,36.81504989,43.60251292,45.02051878,46.44389222,196.73,43780000,,,,
2631,遼寧,2016,3,Liaoning,3.85,6.99,50.52,281,39,44,34,114,1.2,95,57,57.177439,47.08872534,48.77161223,45.7362312,47.42595478,243.52,43780000,,,,
2632,遼寧,2016,4,Liaoning,11.27,30.39,49.52,370,40,21,28,103,1.1,115,41,52.13738602,54.65741251,54.49989138,50.12492145,49.3724764,NA,43780000,,,,
2633,遼寧,2016,5,Liaoning,17.32,133.32,55.28,564,41,19,28,74,1.1,145,35,54.18484911,53.16111756,50.8949771,52.46559257,48.87497658,247.48,43780000,,,,
2634,遼寧,2016,6,Liaoning,21.68,90.21,68.16,606,42,15,23,55,1.2,144,34,46.36269617,50.27377264,45.0200193,46.79936098,45.20104127,215.09,43780000,,,,
2635,遼寧,2016,7,Liaoning,24.56,220.8,78.2,320,43,10,20,54,1,120,34,34.51251263,40.4376044,39.89432374,43.46695508,46.34869208,185.61,43780000,,,,
2636,遼寧,2016,8,Liaoning,24.2,140.44,76.04,103,44,13,22,49,0.9,110,27,38.80776242,36.66013752,43.7319717,44.38965282,46.41839589,223.17,43780000,,,,
2637,遼寧,2016,9,Liaoning,18.79,57.76,77.08,171,45,16,25,53,1,103,32,57.87564007,48.34170124,50.40559022,46.43232082,49.28314643,159.74,43780000,,,,
2638,遼寧,2016,10,Liaoning,9.94,1.15,65.28,224,46,23,33,69,1,73,43,54.53336818,56.20450413,57.6984857,52.97580488,51.44891967,167.78,43780000,,,,
2639,遼寧,2016,11,Liaoning,0.29,14.38,63.16,511,47,49,39,96,1.2,54,64,60.68644884,57.60990851,53.52039862,54.60920898,50.78476924,142.04,43780000,,,,
2640,遼寧,2016,12,Liaoning,-4.85,7.98,65.36,596,48,60,43,109,1.4,47,75,45.34137883,53.01391383,47.17161265,49.01205153,48.66701563,127.39,43780000,,,,
2641,遼寧,2017,1,Liaoning,-7.44,10.41,59.38,284,49,65,44,114,1.5,58,77,35.48701027,40.41419455,42.70508705,47.2004275,49.89863015,165.35,43690000,,,,
2642,遼寧,2017,2,Liaoning,-3.93,13.24,55.54,147,50,47,36,89,1.2,79,60,47.28687204,41.38694116,47.82177436,47.20167548,47.81182291,171.04,43690000,,,,
2643,遼寧,2017,3,Liaoning,3.05,0.55,49.03,346,51,38,39,98,1,100,62,60.69144077,53.98915641,52.74357515,48.42943393,50.35170954,210.08,43690000,,,,
2644,遼寧,2017,4,Liaoning,12.1,22.7,47.1,385,52,20,29,92,0.9,115,42,50.25241264,55.4719267,56.32822179,54.06788436,52.89931788,259.3,43690000,,,,
2645,遼寧,2017,5,Liaoning,17.52,40.43,56.08,658,53,13,22,90,0.8,137,34,58.04081197,54.14661231,52.17275887,54.30242935,50.55062897,289.37,43690000,,,,
2646,遼寧,2017,6,Liaoning,21.8,38.49,61.38,828,54,15,26,61,0.8,147,33,48.225052,53.13293199,47.26976382,48.01542603,46.29393235,252.25,43690000,,,,
2647,遼寧,2017,7,Liaoning,25.55,131.3,77.19,449,55,10,22,53,0.8,146,30,35.54342749,41.88423975,41.05881239,45.30431228,47.77396255,197.73,43690000,,,,
2648,遼寧,2017,8,Liaoning,23.56,209.57,80.25,157,56,12,21,42,0.8,106,22,39.40795767,37.47569258,44.20131625,45.20725019,47.48543894,197.85,43690000,,,,
2649,遼寧,2017,9,Liaoning,18.91,38.81,72.1,230,57,17,28,58,0.9,113,30,57.6525636,48.53026063,51.21957174,47.30053567,49.83009645,224.5,43690000,,,,
2650,遼寧,2017,10,Liaoning,10.27,45.33,61.79,342,58,20,36,73,1,79,44,56.59819394,57.12537877,58.0663657,53.40176369,52.76180454,194.95,43690000,,,,
2651,遼寧,2017,11,Liaoning,1.02,14,50.52,719,59,31,33,71,0.9,61,38,59.94833957,58.27326675,55.58283381,56.10026626,52.42414225,195.43,43690000,,,,
2652,遼寧,2017,12,Liaoning,-6.78,0.74,51.45,960,60,48,41,89,1.3,48,56,50.20196792,55.07515375,49.28998457,51.11703692,48.53466916,184.08,43690000,,,,
2653,遼寧,2018,1,Liaoning,-10.47,4.32,50.32,638,61,44,39,79,1.2,56,49,37.71964623,43.96080708,42.04227077,46.51878797,48.5267122,194.88,43590000,,,,
2654,遼寧,2018,2,Liaoning,-7.49,4.73,48.21,214,62,40,34,87,1.2,76,57,38.20519815,37.96242219,44.16108451,45.67130536,47.80423,199.6,43590000,,,,
2655,遼寧,2018,3,Liaoning,2.63,13.77,55.04,282,63,30,34,89,1.1,103,57,56.55840914,47.38180365,50.36651194,47.20479552,49.53240314,212.28,43590000,,,,
2656,遼寧,2018,4,Liaoning,11.03,NA,51.21,401,64,18,26,93,0.8,123,39,56.33592854,56.44716884,57.24572378,52.48559237,51.06351419,209.13,43590000,,,,
2657,遼寧,2018,5,Liaoning,17.36,53.24,58.59,797,65,16,25,75,0.8,136,33,58.84283366,57.5893811,53.51798789,54.2780932,49.93152881,238.95,43590000,,,,
2658,遼寧,2018,6,Liaoning,21.65,63.81,71.26,855,66,14,22,52,0.8,151,29,45.37520147,52.10901756,45.58776879,48.27480873,46.03495578,220.02,43590000,,,,
2659,遼寧,2018,7,Liaoning,25.49,88.7,80.79,353,67,9,17,40,0.7,106,23,32.54527125,38.96023636,38.33200557,43.45971259,46.64948804,173.71,43590000,,,,
2660,遼寧,2018,8,Liaoning,24.89,230.46,77.72,99,68,13,22,43,0.8,108,21,37.075544,34.81040762,43.00980169,43.60115163,46.66857432,207.53,43590000,,,,
2661,遼寧,2018,9,Liaoning,17.74,64.2,70.15,138,69,15,27,47,0.8,99,23,59.40858981,48.24206691,51.80746629,46.99191753,49.34566179,235.36,43590000,,,,
2662,遼寧,2018,10,Liaoning,9.93,36.52,60.81,245,70,17,34,65,0.9,82,35,58.93826507,59.17342744,59.03583123,53.54575942,53.10829106,238.5,43590000,,,,
2663,遼寧,2018,11,Liaoning,2.57,11.59,59.9,472,71,30,42,90,1.2,57,54,58.76063881,58.84945194,56.3524405,57.11647783,53.53383371,177.11,43590000,,,,
2664,遼寧,2018,12,Liaoning,-6.65,12.53,51.59,631,72,32,37,77,1.2,54,44,51.35841762,55.05952822,49.77410455,52.06514468,50.18500693,187.54,43590000,,,,
2665,遼寧,2019,1,Liaoning,-7.7,0.2,49,450,73,32,49,116,1.36,44,70,39.20325721,45.28083742,44.40871025,47.99669239,50.60586661,212.7,43520000,,,,
2666,遼寧,2019,2,Liaoning,-5.9,3.6,45,182,74,31,42,102,1.16,65,71,42.66445591,40.93385656,47.63675887,48.56717356,49.10946323,194.4,43520000,,,,
2667,遼寧,2019,3,Liaoning,4.2,12,44,343,75,25,42,110,0.96,90,61,61.04256349,51.8535097,51.66188044,48.54722463,49.57915606,232,43520000,,,,
2668,遼寧,2019,4,Liaoning,10.8,4.1,40,418,76,20,34,106,0.74,105,40,51.2786219,56.1605927,55.34268906,52.17313077,51.66507098,242,43520000,,,,
2669,遼寧,2019,5,Liaoning,19.4,89.4,44,538,77,20,26,82,0.69,130,32,53.70688177,52.49275184,51.53944516,53.91522474,50.60085704,267.1,43520000,,,,
2670,遼寧,2019,6,Liaoning,21.7,108.9,67,587,78,14,29,44,0.77,130,23,49.63283181,51.66985679,46.89436661,47.99043043,46.30382158,201.2,43520000,,,,
2671,遼寧,2019,7,Liaoning,25.9,107.5,73,380,79,10,23,47,0.89,147,27,37.34338624,43.48810903,42.17786808,45.0601215,48.39015363,179.1,43520000,,,,
2672,遼寧,2019,8,Liaoning,23.2,446.9,83,119,80,11,24,34,0.77,93,19,39.55738619,38.45038622,46.20368485,47.06097159,48.77232673,134.6,43520000,,,,
2673,遼寧,2019,9,Liaoning,19.1,30,73,217,81,18,36,57,0.93,104,26,61.71028213,50.63383416,52.29513853,48.55720046,50.39976005,233.4,43520000,,,,
2674,遼寧,2019,10,Liaoning,10.4,9.4,62,300,82,20,42,89,0.99,78,46,55.61774726,58.6640147,58.36600927,53.6638535,53.21698311,211,43520000,,,,
2675,遼寧,2019,11,Liaoning,0.2,41.6,57,559,83,24,41,67,0.83,42,37,57.76999842,56.69387284,54.93908241,56.63188234,50.20565975,182.6,43520000,,,,
2676,遼寧,2019,12,Liaoning,-7.4,21.1,66,617,84,29,47,87,1.13,37,62,51.42950154,54.59974998,44.56675645,47.32950415,40.82592333,136.5,43520000,,,,
2677,遼寧,2020,1,Liaoning,-9.9,2,70,305,85,32,57,138,1.54,51,108,24.50076938,37.96513546,30.24729033,37.12796735,41.77717361,203.6,42550000,,,,
2678,遼寧,2020,2,Liaoning,-4.5,24.3,65,9,86,18,30,75,0.97,71,51,14.81160005,19.65618472,33.22878936,37.7789674,37.76158155,231.9,42550000,,,,
2679,遼寧,2020,3,Liaoning,3.9,10,51,15,87,16,32,73,0.69,86,39,60.37399864,37.59279935,37.62587894,34.34460155,38.93302905,275.8,42550000,,,,
2680,遼寧,2020,4,Liaoning,10.1,16.4,41,7,88,17,39,120,0.82,117,60,37.69203814,49.03301839,51.78425861,42.54109397,45.76136634,318.4,42550000,,,,
2681,遼寧,2020,5,Liaoning,17,127.2,65,8,89,14,26,62,0.66,112,23,57.28673905,47.4893886,51.20707767,53.49880791,52.14494356,281.4,42550000,,,,
2682,遼寧,2020,6,Liaoning,23.4,46,61,13,90,16,30,55,0.73,139,23,58.64245582,57.96459744,54.21956034,50.08767979,49.69990611,244.2,42550000,,,,
2683,遼寧,2020,7,Liaoning,25.2,55.7,68,17,91,14,28,54,0.89,152,28,46.72948616,52.68597099,51.17358445,52.7018731,55.85375869,236.4,42550000,,,,
2684,遼寧,2020,8,Liaoning,24.5,333.5,81,9,92,10,24,38,0.82,107,20,48.14881136,47.43914876,54.44653286,55.4955136,55.15100567,142,42550000,,,,
2685,遼寧,2020,9,Liaoning,18,82.8,78,28,93,12,30,44,0.77,77,22,68.46130107,58.30505622,56.79436212,54.27814313,55.73615121,156,42550000,,,,
2686,遼寧,2020,10,Liaoning,9.2,13,65,38,94,21,42,83,1.03,71,40,53.77297393,61.1171375,61.26748617,57.98781747,55.39103891,233.8,42550000,,,,
2687,遼寧,2020,11,Liaoning,2.1,41.5,59,71,95,24,40,79,0.93,48,43,61.56818352,57.67057873,53.4483607,57.20159579,57.20159579,178.2,42550000,,,,
2688,遼寧,2020,12,Liaoning,-8.4,NA,55,85,96,25,43,75,1.01,42,46,45.00392465,53.28605408,53.28605408,53.4483607,53.4483607,203.9,42550000,,,,
2689,吉林,2013,1,Jilin,-17.57,4.9,68.41,104,1,95,73,269,2.1,49,223,4.716647956,4.716647956,20.67802999,20.67802999,31.82417028,146.49,27510000,,,,
2690,吉林,2013,2,Jilin,-13.78,19.2,62.52,23,2,61,39,100,1.3,80,73,36.63941203,20.67802999,31.82417028,31.82417028,34.72271882,180.01,27510000,,,,
2691,吉林,2013,3,Jilin,-4.12,18.06,58.9,71,3,43,39,88,1,85,46,54.11645087,45.37793145,44.72474245,34.72271882,37.73527093,221.8,27510000,,,,
2692,吉林,2013,4,Jilin,3.82,39.07,59.17,90,4,18,37,140,1.1,86,49,43.41836445,48.76740766,49.10676489,45.98992668,44.7474789,190.47,27510000,,,,
2693,吉林,2013,5,Jilin,15.88,55.05,57.97,157,5,14,36,130,0.9,115,50,49.78547937,46.60192191,44.3271772,46.77449562,43.55342083,242.12,27510000,,,,
2694,吉林,2013,6,Jilin,19.97,103.14,68.43,204,6,8,39,89,0.7,114,40,39.7776878,44.78158358,40.07742962,40.91266332,40.57896986,216.64,27510000,,,,
2695,吉林,2013,7,Jilin,22.27,194.47,80.23,95,7,4,30,67,0.6,87,28,30.66912168,35.22340474,36.5636685,39.86912121,41.7173375,187.38,27510000,,,,
2696,吉林,2013,8,Jilin,21.31,168.14,79.8,54,8,6,25,89,0.7,94,39,39.24419601,34.95665885,39.67450678,39.70030203,41.29892228,192.97,27510000,,,,
2697,吉林,2013,9,Jilin,14.7,39.49,69.73,86,9,11,35,86,0.7,83,33,49.11020264,44.17719932,45.3492673,41.6792309,43.39102434,228.98,27510000,,,,
2698,吉林,2013,10,Jilin,6.87,45.94,67.17,131,10,26,55,174,1.2,70,115,47.69340325,48.40180295,49.01393466,46.5715,45.08355125,183.77,27510000,,,,
2699,吉林,2013,11,Jilin,-1.67,37.7,67.1,241,11,61,45,127,1.1,43,74,50.2381981,48.96580068,45.68778587,46.54339006,43.13499745,135.93,27510000,,,,
2700,吉林,2013,12,Jilin,-11.92,7.01,70.17,302,12,102,58,146,1.4,29,106,39.13175625,44.68497717,39.62379378,41.64119615,41.67580922,144.85,27510000,,,,
2701,吉林,2014,1,Jilin,-13.82,4.88,60.52,118,13,66,45,134,1.5,49,94,29.50142701,34.31659163,36.81581492,40.17141071,42.62662971,178.72,27520000,,,,
2702,吉林,2014,2,Jilin,-11.08,2.8,57.86,71,14,67,47,139,1.8,70,93,41.8142615,35.65784425,41.25439808,40.72373762,42.39631714,179.89,27520000,,,,
2703,吉林,2014,3,Jilin,0.19,16.69,53.21,142,15,43,42,111,1.2,86,63,52.44750572,47.13088361,47.78280082,43.21245736,44.79144425,225.9,27520000,,,,
2704,吉林,2014,4,Jilin,9.92,8.79,41.76,234,16,23,43,122,0.9,104,53,49.08663523,50.76707047,50.88051092,48.61394856,47.04031155,250.98,27520000,,,,
2705,吉林,2014,5,Jilin,13.69,95.68,64.7,454,17,12,37,73,0.8,100,32,51.1073918,50.09701351,46.97993017,48.34682406,44.87828275,186.44,27520000,,,,
2706,吉林,2014,6,Jilin,20.28,122.39,70.23,573,18,10,42,76,0.8,110,35,40.74576348,45.92657764,40.95242426,42.985977,41.91241069,207.94,27520000,,,,
2707,吉林,2014,7,Jilin,22.04,111.15,75.53,269,19,7,30,84,0.9,117,49,31.00411751,35.87494049,36.45600881,40.11885456,42.4297733,221.8,27520000,,,,
2708,吉林,2014,8,Jilin,21,76.03,75,128,20,10,37,77,0.8,126,35,37.61814545,34.31113148,40.09857041,40.26036868,42.63856948,243.47,27520000,,,,
2709,吉林,2014,9,Jilin,14.24,47.15,68.93,191,21,11,37,67,0.7,89,26,51.67344828,44.64579686,47.14765547,43.11177098,43.97204377,239.35,27520000,,,,
2710,吉林,2014,10,Jilin,7.22,24.14,56.6,380,22,23,55,189,1.2,96,129,52.15137268,51.91241048,50.41265196,47.21402534,45.37037451,186.47,27520000,,,,
2711,吉林,2014,11,Jilin,-0.9,8.34,57.21,640,23,46,46,135,1.1,56,83,47.41313494,49.78225381,45.85342627,47.30843177,43.45240534,175.5,27520000,,,,
2712,吉林,2014,12,Jilin,-13.83,10.31,66.62,563,24,62,39,103,1,49,72,37.99577119,42.70445306,37.81240192,41.39714461,40.25610767,136.45,27520000,,,,
2713,吉林,2015,1,Jilin,-13.32,6.19,65.86,223,25,65,44,115,1.4,50,81,28.02829963,33.01203541,33.90534357,37.28229141,40.92830887,153.1,27530000,,,,
2714,吉林,2015,2,Jilin,-8.93,16.47,63.14,68,26,44,35,110,1.3,69,70,35.6919599,31.86012976,39.74421274,39.30710235,40.70153769,170.13,27530000,,,,
2715,吉林,2015,3,Jilin,-0.74,14.89,53.62,151,27,28,30,92,1.1,94,49,55.51237869,45.60216929,45.82787254,41.37797931,43.35677183,222.97,27530000,,,,
2716,吉林,2015,4,Jilin,8.98,31.71,46.45,196,28,15,27,93,0.8,111,46,46.27927903,50.89582886,51.02119987,47.18888988,46.36154302,234.24,27530000,,,,
2717,吉林,2015,5,Jilin,14.64,70.93,54.23,336,29,9,22,79,0.6,115,32,51.2719419,48.77561047,46.86779216,49.0289388,46.13944289,232.32,27530000,,,,
2718,吉林,2015,6,Jilin,19.39,104.94,70.17,418,30,9,26,55,0.6,117,31,43.05215556,47.16204873,42.96851891,43.79620894,42.40323265,219.72,27530000,,,,
2719,吉林,2015,7,Jilin,22.22,102,73.37,256,31,8,22,57,0.7,112,31,34.58145926,38.81680741,38.15498078,41.43422106,42.59875132,241.68,27530000,,,,
2720,吉林,2015,8,Jilin,20.88,142.35,81.77,121,32,8,19,45,0.7,90,27,36.83132752,35.70639339,39.55655305,40.43045367,42.14612697,178.33,27530000,,,,
2721,吉林,2015,9,Jilin,15.14,29.76,73,131,33,12,27,56,0.8,84,28,47.25687235,42.04409994,44.36567334,41.91961982,43.37157509,220.97,27530000,,,,
2722,吉林,2015,10,Jilin,6.44,33.81,58.97,178,34,17,32,91,0.9,75,61,49.00882016,48.13284626,48.48169622,45.56910404,44.79427324,206.11,27530000,,,,
2723,吉林,2015,11,Jilin,-3.96,27.79,69.38,276,35,36,38,128,1.1,56,100,49.17939614,49.09410815,46.62772211,46.78500967,43.62166396,104.36,27530000,,,,
2724,吉林,2015,12,Jilin,-10.97,16.96,73.76,291,36,62,44,119,1.3,44,92,41.69495004,45.43717309,40.61420909,42.71286186,42.0100041,128.02,27530000,,,,
2725,吉林,2016,1,Jilin,-16.88,3.07,62.79,143,37,54,36,90,1.1,56,65,30.96828109,36.33161556,37.28726806,40.26030008,43.24701163,NA,27330000,,,,
2726,吉林,2016,2,Jilin,-9.93,13.05,58.83,53,38,39,27,73,1.1,72,49,39.19857306,35.08342707,41.78690399,41.7639155,42.62994016,183.72,27330000,,,,
2727,吉林,2016,3,Jilin,0.52,14.12,53.59,126,39,26,28,95,1,93,51,55.19385783,47.19621544,46.82882322,42.86368769,45.73795854,195.01,27330000,,,,
2728,吉林,2016,4,Jilin,8.28,41.35,48.48,129,40,12,23,83,0.8,105,33,46.09403877,50.6439483,52.84097951,49.4303779,48.12454026,193.73,27330000,,,,
2729,吉林,2016,5,Jilin,15.2,126.28,57.83,296,41,9,22,65,0.8,132,30,57.23504194,51.66454035,48.74342347,50.35603206,46.68492884,208.26,27330000,,,,
2730,吉林,2016,6,Jilin,19.04,136.75,70.97,388,42,8,24,46,0.7,127,27,42.90118969,50.06811581,44.04558253,44.55769659,42.74785937,197.22,27330000,,,,
2731,吉林,2016,7,Jilin,22.6,133.78,77.87,189,43,7,21,50,0.8,112,28,32.00051597,37.45085283,36.80340538,41.91131452,43.89785065,180.6,27330000,,,,
2732,吉林,2016,8,Jilin,21.66,127.98,77.07,69,44,8,22,47,0.8,99,23,35.50851048,33.75451323,39.78434055,40.56355283,42.72930148,NA,27330000,,,,
2733,吉林,2016,9,Jilin,15.59,103.32,80.97,84,45,8,24,50,0.9,81,27,51.84399519,43.67625283,46.24826725,42.68632943,44.39458618,NA,27330000,,,,
2734,吉林,2016,10,Jilin,5.67,1.41,68.06,143,46,13,31,68,1,67,42,51.39229608,51.61814563,51.48796815,47.49310373,46.76697144,NA,27330000,,,,
2735,吉林,2016,11,Jilin,-5.82,22.89,71.1,209,47,31,32,82,1.2,59,60,51.22761317,51.30995463,48.8274505,49.58158667,45.9572219,NA,27330000,,,,
2736,吉林,2016,12,Jilin,-10.49,18,72.41,285,48,48,39,96,1.5,50,71,43.86244226,47.54502772,42.18327275,44.48552858,44.48328626,NA,27330000,,,,
2737,吉林,2017,1,Jilin,-13.69,7.93,66.25,116,49,52,38,102,1.4,58,77,31.45976281,37.66110253,39.93217402,42.7560338,45.44405872,154.82,27170000,,,,
2738,吉林,2017,2,Jilin,-9.23,15.24,62.52,66,50,39,32,73,1.2,78,51,44.47431698,37.96703989,44.04341273,43.99817011,45.01145018,146.01,27170000,,,,
2739,吉林,2017,3,Jilin,-0.62,4.59,56.47,136,51,29,33,83,1.1,97,54,56.19615839,50.33523768,49.91168195,45.29870216,47.08036192,193.04,27170000,,,,
2740,吉林,2017,4,Jilin,9.16,27.99,46.53,192,52,15,27,84,1,107,42,49.06457047,52.63036443,53.15590993,50.98551169,49.9755291,232.26,27170000,,,,
2741,吉林,2017,5,Jilin,15.52,80.96,54.97,305,53,10,22,93,0.8,122,29,54.20700093,51.6357857,49.73572338,51.35083214,46.87754513,256.81,27170000,,,,
2742,吉林,2017,6,Jilin,19.16,49.06,66.62,473,54,10,27,47,0.8,119,23,45.93559875,50.07129984,43.04233226,44.54789181,43.21930049,215.94,27170000,,,,
2743,吉林,2017,7,Jilin,23.8,187.13,75.38,185,55,8,20,44,0.8,126,24,28.98439709,37.45999792,37.60831035,41.757983,45.54523981,234.21,27170000,,,,
2744,吉林,2017,8,Jilin,21.27,156.53,78.87,60,56,7,17,33,0.8,84,16,37.90493522,33.44466615,42.52786646,43.37979953,45.72544797,194,27170000,,,,
2745,吉林,2017,9,Jilin,15.14,37.54,69.56,125,57,10,23,43,0.8,87,20,60.69426707,49.29960114,51.235748,45.67291027,47.36886624,223.29,27170000,,,,
2746,吉林,2017,10,Jilin,6.55,15.69,57.82,259,58,16,35,82,1,79,50,55.10804171,57.90115439,56.65166629,51.96498352,50.73392245,195.46,27170000,,,,
2747,吉林,2017,11,Jilin,-4.24,19.5,59.67,478,59,19,27,75,0.9,59,47,54.15269009,54.6303659,51.69013666,53.94116926,49.44256868,150.84,27170000,,,,
2748,吉林,2017,12,Jilin,-13.46,6.71,63.58,626,60,32,35,77,1.2,51,54,45.80967818,49.98118413,43.80351155,46.62964409,44.30708103,148.41,27170000,,,,
2749,吉林,2018,1,Jilin,-16.72,6.29,61.96,307,61,31,35,71,1.1,60,49,31.44816637,38.62892227,37.42489112,41.60684086,44.26650741,179.49,27040000,,,,
2750,吉林,2018,2,Jilin,-13.34,9.35,56.45,87,62,28,28,72,1,77,47,35.01682882,33.23249759,40.45672292,41.79496173,44.55211035,178.17,27040000,,,,
2751,吉林,2018,3,Jilin,-0.94,24.11,55.3,128,63,20,28,85,1,111,52,54.90517357,44.96100119,48.5009024,44.23771839,46.58643227,223.46,27040000,,,,
2752,吉林,2018,4,Jilin,9.64,26.68,44.22,202,64,11,22,87,0.7,123,39,55.5807048,55.24293918,55.48905539,50.37099875,48.8361608,194.07,27040000,,,,
2753,吉林,2018,5,Jilin,15.54,77.6,56.16,490,65,8,21,64,0.6,123,26,55.9812878,55.7809963,51.41960055,52.2909938,48.29842563,216.14,27040000,,,,
2754,吉林,2018,6,Jilin,20.37,118.73,69.49,456,66,7,20,44,0.7,131,23,42.69680904,49.33904842,43.66874993,46.64673865,43.56777341,195.33,27040000,,,,
2755,吉林,2018,7,Jilin,24.6,116.09,79.24,249,67,6,17,38,0.7,97,19,32.32815296,37.512481,35.42562482,40.56454057,44.50084126,184.51,27040000,,,,
2756,吉林,2018,8,Jilin,21.6,217.97,81.91,52,68,6,17,30,0.7,81,14,31.25191247,31.79003271,41.27536982,41.63072963,44.64562384,161.7,27040000,,,,
2757,吉林,2018,9,Jilin,14.6,70.21,76.09,81,69,7,21,36,0.7,75,16,60.24604404,45.74897826,49.4010524,45.13282754,47.2611326,192.94,27040000,,,,
2758,吉林,2018,10,Jilin,6.87,41.07,66.28,177,70,9,27,49,0.8,67,23,56.70520068,58.47562236,57.57519918,50.99437751,49.77555568,192.1,27040000,,,,
2759,吉林,2018,11,Jilin,-1.97,20.2,63.66,316,71,14,30,60,0.9,54,34,55.77435283,56.23977675,52.45994063,54.40646649,49.22592462,170.15,27040000,,,,
2760,吉林,2018,12,Jilin,-11.64,6.62,55.54,440,72,18,28,65,0.9,53,40,44.90026839,50.33731061,43.05945946,46.47089476,45.70367058,174.87,27040000,,,,
2761,吉林,2019,1,Jilin,-9.9,0.4,51,142,73,23,41,92,1.07,47,63,28.50375715,36.70201277,38.6795998,42.95328806,46.71820052,194.1,26910000,,,,
2762,吉林,2019,2,Jilin,-7.5,3.9,42,53,74,23,39,94,0.98,73,80,42.63477386,35.5692655,44.30546045,44.45416244,45.29406634,176.7,26910000,,,,
2763,吉林,2019,3,Jilin,1.9,14.4,40,134,75,14,38,96,0.8,90,54,61.77785035,52.2063121,51.02210205,45.39251583,46.84902409,218.7,26910000,,,,
2764,吉林,2019,4,Jilin,9.4,0.5,33,175,76,7,32,94,0.6,106,33,48.65368195,55.21576615,54.36886314,51.43534082,50.77585615,260.7,26910000,,,,
2765,吉林,2019,5,Jilin,17.4,83.6,44,232,77,5,26,68,0.55,113,25,52.67505713,50.66436954,49.82221885,52.81112673,48.87665382,251.1,26910000,,,,
2766,吉林,2019,6,Jilin,20.3,205.4,67,299,78,5,31,40,0.58,115,19,48.13791747,50.4064873,44.65057894,45.65135469,43.91674434,282.6,26910000,,,,
2767,吉林,2019,7,Jilin,24.6,125.6,77,163,79,3,27,42,0.63,115,22,33.13876222,40.63833985,39.41832755,42.73250994,45.94604007,346.8,26910000,,,,
2768,吉林,2019,8,Jilin,21.7,169.7,87,47,80,3,23,27,0.61,67,13,36.97830295,35.05853259,42.97240858,44.2637858,46.36200027,295.2,26910000,,,,
2769,吉林,2019,9,Jilin,18.1,43.3,68,84,81,6,31,47,0.65,84,19,58.80016056,47.88923175,50.17777388,45.91802097,48.58637097,312.3,26910000,,,,
2770,吉林,2019,10,Jilin,9,22.2,55,124,82,8,39,66,0.75,66,32,54.75485814,56.77750935,57.60492989,52.44827316,50.92379108,267.5,26910000,,,,
2771,吉林,2019,11,Jilin,-2.8,19.9,52,283,83,14,33,48,0.64,44,27,59.25977098,57.00731456,52.94683064,54.41016312,48.7378612,196.6,26910000,,,,
2772,吉林,2019,12,Jilin,-11.5,21.3,73,331,84,21,44,78,0.98,42,70,44.82586279,52.04281688,43.37809577,46.22228636,41.46258356,208.3,26910000,,,,
2773,吉林,2020,1,Jilin,-12.5,5,78,114,85,26,51,119,1.26,61,116,26.04865355,35.43725817,31.09942957,38.13951492,38.70407529,238.4,23990000,,,,
2774,吉林,2020,2,Jilin,-7.8,3.6,66,11,86,15,22,50,0.67,75,43,22.42377237,24.23621296,29.81158089,33.56515137,35.26256674,235.7,23990000,,,,
2775,吉林,2020,3,Jilin,1.1,13.4,55,6,87,10,26,61,0.62,84,37,40.96231676,31.69304456,35.14610579,32.87174273,36.39122411,286.4,23990000,,,,
2776,吉林,2020,4,Jilin,7.9,20.6,46,3,88,9,42,128,0.9,111,107,42.05222824,41.5072725,44.49456488,38.97686675,40.58152641,203.7,23990000,,,,
2777,吉林,2020,5,Jilin,15.9,46.4,60,4,89,5,25,52,0.52,103,22,50.46914964,46.26068894,46.50718097,45.12096492,48.09919811,186,23990000,,,,
2778,吉林,2020,6,Jilin,21.8,50.8,62,3,90,5,31,40,0.5,115,18,47.00016503,48.73465733,52.49381518,49.88341845,47.87416405,218.5,23990000,,,,
2779,吉林,2020,7,Jilin,25,69.1,67,6,91,4,29,44,0.59,117,21,60.01213088,53.50614795,48.94981412,49.329648,49.42894974,249.2,23990000,,,,
2780,吉林,2020,8,Jilin,23.2,124,78,6,92,3,23,32,0.6,84,14,39.83714645,49.92463867,49.89181134,49.16889976,54.3731908,174.3,23990000,,,,
2781,吉林,2020,9,Jilin,16.3,273.3,84,3,93,4,26,37,0.67,63,18,49.8261567,44.83165157,54.95121937,56.21644725,53.97863184,120.6,23990000,,,,
2782,吉林,2020,10,Jilin,7.8,21.5,56,17,94,8,32,56,0.71,61,29,75.19035496,62.50825583,56.68129396,52.47025708,54.98260061,232.5,23990000,,,,
2783,吉林,2020,11,Jilin,-1.4,34.3,66,22,95,12,37,60,0.77,43,42,45.02737022,60.10886259,61.74989998,58.76896416,58.76896416,188.8,23990000,,,,
2784,吉林,2020,12,Jilin,-12.2,NA,66,28,96,18,37,57,0.73,42,38,65.03197474,55.02967248,55.02967248,61.74989998,61.74989998,204.9,23990000,,,,
2785,內蒙古,2013,1,Inner Mongolia,-16.1,2.3,60.55,103,1,132,54,192,4.1,31,124,5.332928113,5.332928113,19.21480988,19.21480988,27.35369807,204.33,24980000,,,,
2786,內蒙古,2013,2,Inner Mongolia,-13.2,2.02,51.55,41,2,71,23,122,2.7,60,51,33.09669165,19.21480988,27.35369807,27.35369807,30.04058902,230.94,24980000,,,,
2787,內蒙古,2013,3,Inner Mongolia,-2.92,5.69,44.38,88,3,62,30,165,1.9,70,53,43.63147446,38.36408305,38.27647599,30.04058902,32.17190041,279.31,24980000,,,,
2788,內蒙古,2013,4,Inner Mongolia,4.62,14.42,40.83,127,4,38,30,158,1.4,78,43,38.10126186,40.86636816,40.80996077,38.88164349,38.39292851,276.63,24980000,,,,
2789,內蒙古,2013,5,Inner Mongolia,16.74,22.08,36.15,189,5,29,25,172,1.9,94,60,40.697146,39.39920393,38.41215882,39.71698773,36.60861724,296.13,24980000,,,,
2790,內蒙古,2013,6,Inner Mongolia,19.79,81.21,53.91,279,6,26,28,123,1.9,97,54,36.4380686,38.5676073,33.77011663,34.85290294,33.76357498,243.99,24980000,,,,
2791,內蒙古,2013,7,Inner Mongolia,22.38,99.59,59.09,141,7,17,38,111,0.8,102,39,24.1751353,30.30660195,30.00648901,32.67915326,35.31756814,267.34,24980000,,,,
2792,內蒙古,2013,8,Inner Mongolia,20.85,71.79,59,46,8,22,44,116,0.8,95,44,29.40626314,26.79069922,33.15087537,33.97267368,35.08637155,252.22,24980000,,,,
2793,內蒙古,2013,9,Inner Mongolia,14.17,33.2,51.64,101,9,22,48,125,0.9,69,38,45.87122767,37.63874541,38.27288462,34.74844729,36.12575739,258.73,24980000,,,,
2794,內蒙古,2013,10,Inner Mongolia,5.8,11.79,51.51,155,10,37,55,175,1.4,58,66,39.54116303,42.70619535,42.3491295,39.11341291,37.71273535,231.18,24980000,,,,
2795,內蒙古,2013,11,Inner Mongolia,-3.3,2.96,53.6,279,11,50,38,142,2.7,30,68,41.6349978,40.58808042,37.76206198,39.7893534,36.48323378,196.24,24980000,,,,
2796,內蒙古,2013,12,Inner Mongolia,-11.16,1.76,58.23,302,12,85,50,146,3.2,16,68,32.11002509,36.87251145,32.33459273,34.13623531,33.7860561,196.09,24980000,,,,
2797,內蒙古,2014,1,Inner Mongolia,-12.56,1.6,48.87,113,13,89,46,138,2.4,39,62,23.25875531,27.6843902,29.25137323,32.34727937,35.1998393,209.24,25050000,,,,
2798,內蒙古,2014,2,Inner Mongolia,-11.68,3.19,52.06,46,14,71,40,127,1.8,52,69,32.38533928,27.8220473,34.08472454,33.59104968,34.74943819,196.79,25050000,,,,
2799,內蒙古,2014,3,Inner Mongolia,-0.42,2.15,36.89,113,15,59,37,136,1.3,71,42,46.61007903,39.49770915,39.45947018,35.40929146,37.05056507,280.63,25050000,,,,
2800,內蒙古,2014,4,Inner Mongolia,10.04,10.19,33.62,172,16,31,33,130,1.2,93,39,39.38299222,42.99653562,43.20291026,40.49851752,39.90371143,279.15,25050000,,,,
2801,內蒙古,2014,5,Inner Mongolia,14.06,41.7,42.45,320,17,27,27,130,1,103,35,43.61565953,41.49932588,40.17437961,41.78330446,38.65450656,262.84,25050000,,,,
2802,內蒙古,2014,6,Inner Mongolia,20.05,67.12,54,515,18,21,27,77,0.9,112,26,37.52448708,40.5700733,35.75982052,36.66561345,35.40821467,264.85,25050000,,,,
2803,內蒙古,2014,7,Inner Mongolia,22.56,74.67,56.34,300,19,23,29,84,1,132,34,26.13931495,31.83190101,31.34747387,34.41452028,36.66801835,274.34,25050000,,,,
2804,內蒙古,2014,8,Inner Mongolia,19.95,55.06,57.26,115,20,22,31,74,0.8,113,28,30.37861958,28.25896726,34.06664837,34.93110805,36.27577059,264.7,25050000,,,,
2805,內蒙古,2014,9,Inner Mongolia,13.97,38.05,55.09,225,21,25,35,85,0.9,92,30,45.6820106,38.03031509,39.23835031,35.96359147,36.6275833,245.84,25050000,,,,
2806,內蒙古,2014,10,Inner Mongolia,6.66,21.36,50.68,399,22,34,40,130,1.1,73,51,41.65442077,43.66821568,42.20666066,39.24965039,37.542481,227.35,25050000,,,,
2807,內蒙古,2014,11,Inner Mongolia,-3.55,2.51,51.45,663,23,56,41,116,1.4,51,49,39.28355063,40.4689857,37.21725827,39.33344635,36.15586632,207.45,25050000,,,,
2808,內蒙古,2014,12,Inner Mongolia,-13.47,2.06,52.4,532,24,71,35,108,1.6,44,50,30.71380342,34.99867702,31.14763341,33.77433025,32.71821976,192.64,25050000,,,,
2809,內蒙古,2015,1,Inner Mongolia,-12.19,2.03,54.72,211,25,61,35,99,1.3,53,52,23.44554618,27.0796748,27.55104247,30.48416951,33.71476831,199.82,25110000,,,,
2810,內蒙古,2015,2,Inner Mongolia,-9,3.76,50.17,62,26,44,25,104,1,68,49,28.49377782,25.969662,32.85882918,32.32257274,33.71581212,207.69,25110000,,,,
2811,內蒙古,2015,3,Inner Mongolia,-1.12,0.99,33.81,124,27,33,23,108,0.9,85,39,46.63716353,37.56547067,38.13990367,34.4663143,35.58572515,289,25110000,,,,
2812,內蒙古,2015,4,Inner Mongolia,7.56,20.66,38,203,28,20,21,92,0.7,100,35,39.28876968,42.9629666,41.99643391,38.62076989,38.6722869,265.74,25110000,,,,
2813,內蒙古,2015,5,Inner Mongolia,14.32,24.9,36.38,274,29,15,18,90,0.6,111,32,40.06336853,39.6760691,39.41016439,41.21691417,38.33941841,290.67,25110000,,,,
2814,內蒙古,2015,6,Inner Mongolia,18.94,68.76,52.68,408,30,12,18,73,0.6,120,32,38.87835496,39.47086174,35.25705295,36.26498213,34.77014298,258.58,25110000,,,,
2815,內蒙古,2015,7,Inner Mongolia,22.53,52.08,53.85,278,31,15,19,72,0.6,126,34,26.82943536,32.85389516,31.49952556,33.6404863,36.13720781,280.1,25110000,,,,
2816,內蒙古,2015,8,Inner Mongolia,20.94,55.97,56.04,88,32,14,19,69,0.6,106,27,28.79078637,27.81011087,33.91477185,35.15566763,36.06025271,268.05,25110000,,,,
2817,內蒙古,2015,9,Inner Mongolia,14.27,51.36,60.19,173,33,15,22,62,0.6,93,29,46.12409383,37.4574401,38.19782441,35.35572715,36.17309193,219.79,25110000,,,,
2818,內蒙古,2015,10,Inner Mongolia,6.03,11.18,47.66,265,34,21,26,80,0.7,79,35,39.67859304,42.90134343,41.74841263,38.50900607,37.62412971,248.34,25110000,,,,
2819,內蒙古,2015,11,Inner Mongolia,-5.51,11.99,65.45,386,35,34,30,91,1.1,53,55,39.44255103,39.56057203,37.73525611,39.83246554,37.01235384,148.09,25110000,,,,
2820,內蒙古,2015,12,Inner Mongolia,-11.72,4.57,65.36,383,36,45,36,103,1.3,49,63,34.08462426,36.76358765,33.08636077,34.73441884,33.65104239,172.93,25110000,,,,
2821,內蒙古,2016,1,Inner Mongolia,-18.05,1.59,58.04,203,37,38,26,67,1,59,38,25.73190702,29.90826564,29.71135596,32.14415472,34.54147298,217.7,25200000,,,,
2822,內蒙古,2016,2,Inner Mongolia,-11.79,3.85,54.21,65,38,33,20,71,0.9,76,36,29.31753658,27.5247218,33.0600632,33.31620347,34.35169667,216.61,25200000,,,,
2823,內蒙古,2016,3,Inner Mongolia,-0.53,4.64,42.36,121,39,26,24,106,0.8,90,42,44.13074599,36.72414129,37.31398403,34.41846478,36.26506936,250.95,25200000,,,,
2824,內蒙古,2016,4,Inner Mongolia,8.05,8.8,33.91,145,40,18,21,92,0.7,105,30,38.49366951,41.31220775,42.09196773,38.89835994,38.39914633,252.21,25200000,,,,
2825,內蒙古,2016,5,Inner Mongolia,14.79,26.84,35.72,268,41,14,19,95,0.6,120,34,43.65148769,41.0725786,39.51581637,40.66954877,37.92903023,271.55,25200000,,,,
2826,內蒙古,2016,6,Inner Mongolia,19.4,63.82,49.87,351,42,13,20,60,0.6,119,27,36.4022919,40.0268898,35.67357855,36.37860129,35.00589218,254.11,25200000,,,,
2827,內蒙古,2016,7,Inner Mongolia,23.53,70.35,55.51,208,43,12,20,58,0.6,129,30,26.96695604,31.68462397,30.96143457,34.13394785,36.52442991,265.28,25200000,,,,
2828,內蒙古,2016,8,Inner Mongolia,21.93,51.59,54.36,74,44,11,20,53,0.7,111,23,29.51505576,28.2410059,34.18945665,34.74266546,36.33184234,264.58,25200000,,,,
2829,內蒙古,2016,9,Inner Mongolia,14.91,49.26,61.3,128,45,16,25,56,0.7,94,25,46.08635814,37.80070695,39.42998792,36.31422995,37.18619711,187.38,25200000,,,,
2830,內蒙古,2016,10,Inner Mongolia,4.1,0.82,56.53,246,46,19,27,70,0.8,79,32,42.68854987,44.387454,43.14965791,39.74100738,38.42175742,191.93,25200000,,,,
2831,內蒙古,2016,11,Inner Mongolia,-6.52,6.01,54.53,387,47,33,32,96,1,65,45,40.67406574,41.6813078,38.83579107,40.64843283,37.13890591,169.36,25200000,,,,
2832,內蒙古,2016,12,Inner Mongolia,-10.59,2.17,58.34,404,48,41,35,83,1.3,57,48,33.14475759,36.90941167,32.30654051,34.90204285,34.48988322,168.54,25200000,,,,
2833,內蒙古,2017,1,Inner Mongolia,-14.43,1.48,55.38,147,49,40,32,83,1.3,66,47,23.1007982,28.1227779,29.69560016,32.44021655,35.67414766,192.13,25290000,,,,
2834,內蒙古,2017,2,Inner Mongolia,-9.71,6.05,52.24,53,50,33,29,72,1.1,82,40,32.84124468,27.97102144,34.85063833,34.42416814,35.30412053,189.74,25290000,,,,
2835,內蒙古,2017,3,Inner Mongolia,-2.26,7.59,48.2,149,51,23,26,61,0.8,97,33,48.6098721,40.72555839,40.09168228,35.84396126,37.37480381,215.92,25290000,,,,
2836,內蒙古,2017,4,Inner Mongolia,8.46,5.86,33.22,196,52,17,23,81,0.7,108,27,38.82393007,43.71690109,43.64399205,40.94330521,40.11361709,281.86,25290000,,,,
2837,內蒙古,2017,5,Inner Mongolia,15.82,19,32.21,350,53,13,21,141,0.6,121,40,43.49817399,41.16105203,39.70565621,41.93171019,38.99087862,311.3,25290000,,,,
2838,內蒙古,2017,6,Inner Mongolia,20.46,34.85,42.96,450,54,14,23,65,0.6,133,26,36.79486459,40.14651929,35.84019697,36.58613024,35.12515208,287.86,25290000,,,,
2839,內蒙古,2017,7,Inner Mongolia,23.81,66.57,53.86,275,55,13,22,62,0.6,136,27,27.22755233,32.01120846,31.10121878,34.20045758,36.46691433,275.22,25290000,,,,
2840,內蒙古,2017,8,Inner Mongolia,19.87,89.34,61.29,93,56,13,20,50,0.6,114,22,29.28123942,28.25439588,34.01384436,34.70909942,36.461585,242.98,25290000,,,,
2841,內蒙古,2017,9,Inner Mongolia,14.49,23.38,50.5,157,57,17,25,63,0.6,106,23,45.53274133,37.40699038,39.4285027,36.37826511,37.55056493,257.79,25290000,,,,
2842,內蒙古,2017,10,Inner Mongolia,4.86,13.86,52.87,278,58,18,30,68,0.7,78,33,43.47152733,44.50213433,43.74801096,40.13131808,38.94761263,216.27,25290000,,,,
2843,內蒙古,2017,11,Inner Mongolia,-6.64,3.74,49.49,533,59,23,28,76,0.8,65,30,42.23976422,42.85564578,39.97469413,41.36420593,37.63383515,205.06,25290000,,,,
2844,內蒙古,2017,12,Inner Mongolia,-13.81,1.71,53.15,528,60,27,30,70,1,58,34,34.21279085,38.22627754,33.05496903,35.65910861,33.8374128,192.71,25290000,,,,
2845,內蒙古,2018,1,Inner Mongolia,-17.24,2.28,54.25,236,61,24,25,64,0.9,65,29,22.71235203,28.46257144,27.82525748,31.42888417,35.67570784,194.27,25340000,,,,
2846,內蒙古,2018,2,Inner Mongolia,-13.82,2.01,47.53,44,62,23,21,73,0.8,80,32,26.55062957,24.6314908,33.97532805,34.03469375,35.25062071,216.41,25340000,,,,
2847,內蒙古,2018,3,Inner Mongolia,-0.07,6.03,41.76,138,63,22,26,121,0.8,100,42,52.66300253,39.60681605,39.77598688,35.51007817,37.27030341,257.33,25340000,,,,
2848,內蒙古,2018,4,Inner Mongolia,8.28,14.92,36.38,213,64,16,21,141,0.6,116,37,40.11432854,46.38866554,45.69617847,40.90979125,40.16294947,243.27,25340000,,,,
2849,內蒙古,2018,5,Inner Mongolia,16.13,24.63,36.93,396,65,13,21,104,0.5,133,31,44.31120435,42.21276644,40.53370508,43.56602944,39.7019054,289.17,25340000,,,,
2850,內蒙古,2018,6,Inner Mongolia,20.95,44.36,45.73,530,66,12,19,64,0.5,137,23,37.17558235,40.74339335,35.24406531,36.46163112,34.400895,278.68,25340000,,,,
2851,內蒙古,2018,7,Inner Mongolia,23.24,129.99,67.57,271,67,10,17,56,0.7,132,27,24.24540922,30.71049579,29.19298071,32.97253662,36.52489096,240.59,25340000,,,,
2852,內蒙古,2018,8,Inner Mongolia,21.04,95.55,68.08,58,68,11,19,46,0.6,116,23,26.15795055,25.20167989,33.71255604,34.57831262,36.39630749,246.08,25340000,,,,
2853,內蒙古,2018,9,Inner Mongolia,12.55,53.05,59.44,123,69,12,21,51,0.6,95,22,50.73430834,38.44612944,40.18684862,36.20148877,36.9187635,228.99,25340000,,,,
2854,內蒙古,2018,10,Inner Mongolia,4.76,7.43,50.36,269,70,16,28,66,0.7,83,30,43.66828697,47.20129765,44.73015258,40.08710207,39.06422294,237.74,25340000,,,,
2855,內蒙古,2018,11,Inner Mongolia,-4.65,2.88,52.24,394,71,23,32,95,0.9,66,39,39.78786244,41.7280747,39.47628527,42.29079104,38.77002032,198.73,25340000,,,,
2856,內蒙古,2018,12,Inner Mongolia,-14.71,0.73,47.76,393,72,23,28,84,0.9,61,35,34.9727064,37.38028442,33.14916876,35.77894832,34.61819166,192.31,25340000,,,,
2857,內蒙古,2019,1,Inner Mongolia,-9.8,NA,38,191,73,30,51,99,1.73,46,54,24.68693746,29.82982193,29.87826963,32.35566783,35.92541992,154.5,25400000,,,,
2858,內蒙古,2019,2,Inner Mongolia,-7.5,6.3,45,52,74,22,40,86,1.29,69,52,29.97516503,27.33105124,34.95551025,34.95980928,35.20891643,174.1,25400000,,,,
2859,內蒙古,2019,3,Inner Mongolia,2,3.7,35,145,75,16,41,80,1.05,92,39,50.20442826,40.08979664,38.79497943,35.26796893,36.42462029,256.2,25400000,,,,
2860,內蒙古,2019,4,Inner Mongolia,10.9,17.3,36,174,76,11,34,96,0.79,107,29,36.20534499,43.20488662,42.48699966,39.359041,39.49392377,242.5,25400000,,,,
2861,內蒙古,2019,5,Inner Mongolia,15.5,9.8,30,206,77,9,33,96,0.58,124,35,41.05122573,38.62828536,39.09667519,41.87361346,38.79293812,309.4,25400000,,,,
2862,內蒙古,2019,6,Inner Mongolia,21.4,47.9,46,314,78,8,26,44,0.66,142,20,40.03345486,40.54234029,35.85163911,35.94006558,34.80791884,251.1,25400000,,,,
2863,內蒙古,2019,7,Inner Mongolia,21.4,102.3,61,196,79,8,31,44,0.72,140,20,26.47023675,33.2518458,32.26100783,34.4585623,37.63087052,211.2,25400000,,,,
2864,內蒙古,2019,8,Inner Mongolia,19.6,91.3,59,59,80,8,27,33,0.63,115,14,30.27933188,28.37478431,35.68989067,36.77578171,38.02288308,260.3,25400000,,,,
2865,內蒙古,2019,9,Inner Mongolia,16.8,101.4,55,150,81,9,41,52,0.66,112,20,50.32010338,40.29971763,41.2035746,37.52024014,38.3485146,254.7,25400000,,,,
2866,內蒙古,2019,10,Inner Mongolia,8,18.3,51,257,82,13,44,96,0.9,76,47,43.01128856,46.66569597,44.99766812,41.31808406,39.37993694,230,25400000,,,,
2867,內蒙古,2019,11,Inner Mongolia,-0.5,7.1,53,485,83,18,45,93,1.27,49,45,41.66161242,42.33645049,38.76674982,41.65508821,37.70506625,194.2,25400000,,,,
2868,內蒙古,2019,12,Inner Mongolia,-9.7,6.8,65,362,84,22,55,105,1.85,38,78,31.62734848,36.64448045,31.7313131,34.55130696,30.7449176,189.3,25400000,,,,
2869,內蒙古,2020,1,Inner Mongolia,-10.5,4.1,69,139,85,26,69,190,2.63,45,164,21.9049784,26.76616344,23.01722901,27.67832486,29.67275456,168.7,24030000,,,,
2870,內蒙古,2020,2,Inner Mongolia,-4.1,5.5,49,13,86,21,33,90,1.3,82,56,15.51936014,18.71216927,25.0249373,26.6755401,30.18847293,187.3,24030000,,,,
2871,內蒙古,2020,3,Inner Mongolia,2.3,2.7,37,6,87,15,28,64,0.79,88,29,37.65047337,26.58491675,32.47001259,29.82875405,31.02935943,271.1,24030000,,,,
2872,內蒙古,2020,4,Inner Mongolia,9.3,NA,20,14,88,10,27,66,0.65,110,25,44.24020428,40.94533882,39.24081954,33.31045469,35.28670739,305.5,24030000,,,,
2873,內蒙古,2020,5,Inner Mongolia,16.5,27,35,12,89,8,22,103,0.54,113,28,35.83178099,40.03599263,41.08790115,40.2285442,37.45526317,267,24030000,,,,
2874,內蒙古,2020,6,Inner Mongolia,21.8,30.2,39,19,90,8,23,66,0.57,140,21,43.19171819,39.51174959,35.12854608,37.40646063,36.67264695,245.2,24030000,,,,
2875,內蒙古,2020,7,Inner Mongolia,21.7,84.1,62,14,91,7,23,40,0.69,139,18,26.36213906,34.77692862,34.43041649,34.78075761,40.42965623,228.6,24030000,,,,
2876,內蒙古,2020,8,Inner Mongolia,20,148.9,69,4,92,7,22,36,0.68,116,16,33.73739223,30.04976564,41.041594,41.57912505,40.80371668,210.6,24030000,,,,
2877,內蒙古,2020,9,Inner Mongolia,14.9,59.9,58,29,93,7,29,41,0.65,93,17,63.02525072,48.38132147,44.82157538,40.2067163,40.07212136,236.1,24030000,,,,
2878,內蒙古,2020,10,Inner Mongolia,6.1,5.3,39,49,94,12,37,85,0.8,72,30,37.7020832,50.36366696,46.75369184,43.49961694,42.97506565,270,24030000,,,,
2879,內蒙古,2020,11,Inner Mongolia,-1.1,1.5,50,55,95,13,38,78,1.04,59,40,39.5337416,38.6179124,39.37089511,45.28448401,45.28448401,210.2,24030000,,,,
2880,內蒙古,2020,12,Inner Mongolia,-12.9,0.5,57,73,96,17,40,89,1.35,43,49,40.87686053,40.20530106,40.20530106,39.37089511,39.37089511,217.5,24030000,,,,
2881,黑龍江,2013,1,Heilongjiang,-22.69,3.87,68.29,150,1,71,81,249,2,22,200,5.616030427,5.616030427,20.25155294,20.25155294,30.31237529,157.25,38350000,,,,
2882,黑龍江,2013,2,Heilongjiang,-18.64,8.79,65.43,43,2,54,54,116,1.2,40,88,34.88707544,20.25155294,30.31237529,30.31237529,33.90676399,184.07,38350000,,,,
2883,黑龍江,2013,3,Heilongjiang,-9.31,12.31,63.34,91,3,42,60,80,0.9,42,48,50.43402001,42.66054773,43.33700851,33.90676399,36.25983695,248.08,38350000,,,,
2884,黑龍江,2013,4,Heilongjiang,2.8,15.91,61.63,138,4,32,60,85,1,38,45,44.68993007,47.56197504,46.9320263,43.92078858,43.27120375,222.1,38350000,,,,
2885,黑龍江,2013,5,Heilongjiang,15.38,65.89,61.09,212,5,23,68,90,1,43,41,45.67212881,45.18102944,43.67830777,45.36723583,42.84316642,229.83,38350000,,,,
2886,黑龍江,2013,6,Heilongjiang,19.73,86.87,70.54,258,6,13,44,69,0.9,48,44,40.67286443,43.17249662,39.69729402,40.94545303,39.8681693,217.17,38350000,,,,
2887,黑龍江,2013,7,Heilongjiang,21.75,213.66,81.63,174,7,9,28,46,0.7,67,23,32.74688881,36.70987662,36.32626254,38.66272911,40.57052234,197.17,38350000,,,,
2888,黑龍江,2013,8,Heilongjiang,20.07,142.42,83.74,85,8,8,27,54,0.6,49,32,35.55903439,34.1529616,38.83587282,39.29512072,40.75706442,173.02,38350000,,,,
2889,黑龍江,2013,9,Heilongjiang,13.23,47.83,70.46,127,9,13,38,70,0.4,41,30,48.20169525,41.88036482,43.45518962,40.77811442,41.99384807,231.37,38350000,,,,
2890,黑龍江,2013,10,Heilongjiang,4.45,36.86,67.51,205,10,35,63,186,1.1,54,146,46.60483922,47.40326724,47.22110572,44.30558789,43.12143703,175.13,38350000,,,,
2891,黑龍江,2013,11,Heilongjiang,-4.72,33.25,72.06,338,11,66,53,125,1.1,37,89,46.85678268,46.73081095,43.94881849,45.01203768,41.35645321,125.83,38350000,,,,
2892,黑龍江,2013,12,Heilongjiang,-15.88,4.9,76.37,393,12,95,63,164,1.5,17,129,38.38483358,42.62080813,37.32524386,39.6451427,38.93467669,139.12,38350000,,,,
2893,黑龍江,2014,1,Heilongjiang,-21,3.61,67.4,156,13,68,46,122,1.2,40,97,26.73411531,32.55947445,33.73725384,37.01713605,40.83848352,166.21,38330000,,,,
2894,黑龍江,2014,2,Heilongjiang,-17.84,4.83,63.89,57,14,62,45,117,1.2,57,84,36.09281263,31.41346397,39.65026711,39.33390873,40.51902347,195.3,38330000,,,,
2895,黑龍江,2014,3,Heilongjiang,-3.88,3.93,60.34,148,15,41,37,77,0.8,75,48,56.12387339,46.10834301,45.82538949,41.05257095,42.08086247,269.23,38330000,,,,
2896,黑龍江,2014,4,Heilongjiang,8.47,5.45,43.49,261,16,23,32,87,0.6,99,39,45.25948245,50.69167792,49.19246147,45.91754926,44.8736627,280.9,38330000,,,,
2897,黑龍江,2014,5,Heilongjiang,12.9,90.95,67.89,358,17,11,24,50,0.6,86,24,46.19402858,45.72675552,44.0505425,47.06887522,44.01928343,164.3,38330000,,,,
2898,黑龍江,2014,6,Heilongjiang,20.97,73.65,68.83,484,18,10,23,55,0.5,90,26,40.69811646,43.44607252,39.57102044,40.99313594,40.35198698,237.94,38330000,,,,
2899,黑龍江,2014,7,Heilongjiang,21.36,146.42,79.97,245,19,10,23,72,0.6,94,48,31.82091628,36.25951637,36.76880796,39.12511311,40.80402061,180.76,38330000,,,,
2900,黑龍江,2014,8,Heilongjiang,20.13,92.31,80.6,154,20,10,24,46,0.5,87,24,37.78739113,34.80415371,39.04265267,39.45651862,42.16954785,218.17,38330000,,,,
2901,黑龍江,2014,9,Heilongjiang,13.21,73.11,73.31,181,21,12,24,44,0.5,66,20,47.51965061,42.65352087,46.10956884,42.5374057,42.91774392,213.62,38330000,,,,
2902,黑龍江,2014,10,Heilongjiang,3.53,26.6,60.51,430,22,27,36,104,0.8,67,73,53.02166479,50.2706577,48.32680407,45.69195084,43.82396915,189.93,38330000,,,,
2903,黑龍江,2014,11,Heilongjiang,-5.81,9.62,64.14,709,23,46,36,116,1,50,88,44.43909681,48.7303808,44.60426801,45.33311366,42.00950209,164.29,38330000,,,,
2904,黑龍江,2014,12,Heilongjiang,-19.17,13.35,71.03,588,24,63,35,91,1,42,66,36.35204243,40.39556962,36.50206502,40.63196496,39.50878982,126.41,38330000,,,,
2905,黑龍江,2015,1,Heilongjiang,-17.52,1.68,67.2,257,25,44,36,97,1.2,50,65,28.71505582,32.53354912,33.3610625,36.13057108,39.10328302,171.73,38120000,,,,
2906,黑龍江,2015,2,Heilongjiang,-12.66,14.62,68.71,93,26,37,33,91,1,67,54,35.01608925,31.86557253,38.24175862,37.76932957,39.2525931,166.69,38120000,,,,
2907,黑龍江,2015,3,Heilongjiang,-3.59,8.75,60.54,170,27,29,24,69,0.8,86,37,50.9941308,43.00511002,43.73195575,39.97773076,42.04816456,230.55,38120000,,,,
2908,黑龍江,2015,4,Heilongjiang,6.03,18.1,50.23,229,28,20,23,76,0.6,91,36,45.18564719,48.08988899,48.83655925,45.38144175,45.11466827,221.92,38120000,,,,
2909,黑龍江,2015,5,Heilongjiang,12,74.3,62.26,403,29,11,17,50,0.5,85,23,50.32989976,47.75777348,46.52104043,47.63931302,44.36223808,198.35,38120000,,,,
2910,黑龍江,2015,6,Heilongjiang,19.59,104.27,68.91,626,30,9,17,48,0.5,91,27,44.04757435,47.18873705,41.87713747,42.7042649,40.78652976,230.92,38120000,,,,
2911,黑龍江,2015,7,Heilongjiang,21.84,93.62,73.69,387,31,9,18,50,0.6,94,28,31.25393832,37.65075633,36.13903395,39.6867504,41.79928833,247,38120000,,,,
2912,黑龍江,2015,8,Heilongjiang,20.95,139.3,83.66,136,32,9,16,43,0.6,73,23,33.11558918,32.18476375,38.20632251,39.66663547,41.23718632,164.6,38120000,,,,
2913,黑龍江,2015,9,Heilongjiang,13.53,41.49,74.31,191,33,9,18,42,0.6,63,18,50.24944004,41.68251461,43.62813964,40.53458931,41.37194528,226.96,38120000,,,,
2914,黑龍江,2015,10,Heilongjiang,4.55,31.94,61.6,324,34,15,22,64,0.7,63,37,47.51938971,48.88441487,47.49673296,43.90144702,43.40101688,183.53,38120000,,,,
2915,黑龍江,2015,11,Heilongjiang,-8.46,4.31,65.49,428,35,23,29,102,1.1,50,75,44.72136914,46.12037943,44.54668505,45.9723738,42.76732075,156.27,38120000,,,,
2916,黑龍江,2015,12,Heilongjiang,-16.02,16.31,73.2,463,36,34,33,77,1.3,40,54,41.39929631,43.06033273,38.689258,40.89679093,39.5842681,132.75,38120000,,,,
2917,黑龍江,2016,1,Heilongjiang,-20.44,5.82,65.77,263,37,31,27,62,0.9,48,42,29.94710855,35.67320243,35.22686054,37.60048769,40.4427533,NA,37990000,,,,
2918,黑龍江,2016,2,Heilongjiang,-15.55,2.85,63.14,80,38,28,25,59,1,65,40,34.33417677,32.14064266,38.69770035,39.37309934,40.12422472,179.84,37990000,,,,
2919,黑龍江,2016,3,Heilongjiang,-2.81,10.88,56.69,169,39,19,21,66,0.9,76,36,51.81181572,43.07299624,43.09157291,39.80545682,42.41994506,189,37990000,,,,
2920,黑龍江,2016,4,Heilongjiang,5.36,24.32,51.51,170,40,13,18,63,0.7,83,30,43.12872624,47.47027098,49.27281333,45.53815419,44.66833214,188.29,37990000,,,,
2921,黑龍江,2016,5,Heilongjiang,13.8,71.97,55.69,347,41,12,18,52,0.6,95,25,52.87789804,48.00331214,45.73188941,47.25187098,44.12954625,185.94,37990000,,,,
2922,黑龍江,2016,6,Heilongjiang,17.87,125.91,74.29,453,42,12,17,38,0.6,79,20,41.18904394,47.03347099,41.90239643,42.20897888,40.60633791,156.29,37990000,,,,
2923,黑龍江,2016,7,Heilongjiang,22.42,80.25,75.06,241,43,10,19,40,0.7,79,20,31.6402473,36.41464562,35.67502175,39.97574082,41.72136024,227.52,37990000,,,,
2924,黑龍江,2016,8,Heilongjiang,20.3,69.99,73.71,98,44,10,18,40,0.7,65,16,34.19577401,32.91801066,38.17995308,38.93222579,41.08544575,224.74,37990000,,,,
2925,黑龍江,2016,9,Heilongjiang,14.72,105.52,78.91,112,45,10,19,40,0.7,57,19,48.70383793,41.44980597,44.19931251,41.05954621,42.32614093,123.9,37990000,,,,
2926,黑龍江,2016,10,Heilongjiang,1.43,0.96,60.63,209,46,13,23,54,0.7,56,30,49.69832558,49.20108176,48.59822777,44.99761433,44.44836587,172.61,37990000,,,,
2927,黑龍江,2016,11,Heilongjiang,-12.89,19.98,68.46,294,47,23,32,84,0.9,50,61,47.39251981,48.5454227,46.4474058,47.01151383,43.40255894,128.23,37990000,,,,
2928,黑龍江,2016,12,Heilongjiang,-16.79,5.07,69.77,396,48,30,34,82,1.1,44,56,42.251372,44.8219459,39.53687706,42.07723919,41.37946745,126.44,37990000,,,,
2929,黑龍江,2017,1,Heilongjiang,-18.31,3.76,67.62,172,49,30,34,96,1.2,52,70,28.96673936,35.60905568,36.60216395,39.29975292,41.91961631,148.42,37890000,,,,
2930,黑龍江,2017,2,Heilongjiang,-12.62,6.52,62.45,72,50,21,25,59,0.8,73,39,38.5883805,33.77755993,39.98472991,40.55139043,41.80632317,172.44,37890000,,,,
2931,黑龍江,2017,3,Heilongjiang,-3.09,3.75,59.03,148,51,16,25,59,0.8,83,36,52.39906987,45.49372518,45.93783483,41.69506097,43.89206468,204.29,37890000,,,,
2932,黑龍江,2017,4,Heilongjiang,6.62,21.62,50.19,186,52,14,23,71,0.7,93,38,46.82605413,49.612562,50.63506785,47.62339601,46.0125637,222.6,37890000,,,,
2933,黑龍江,2017,5,Heilongjiang,14.53,53.9,50.94,394,53,11,17,77,0.6,98,24,52.68007956,49.75306684,46.35845604,47.8686095,44.88340233,254.87,37890000,,,,
2934,黑龍江,2017,6,Heilongjiang,18.77,90.15,68.02,448,54,10,19,38,0.5,86,18,39.56923443,46.12465699,41.73062922,43.00448545,42.08330635,222.9,37890000,,,,
2935,黑龍江,2017,7,Heilongjiang,22.78,87.27,71.58,222,55,9,18,40,0.5,93,19,32.94257367,36.25590405,36.97013269,40.89761941,42.24438946,265.63,37890000,,,,
2936,黑龍江,2017,8,Heilongjiang,20.06,160.52,80.57,125,56,9,15,36,0.5,66,17,38.39858998,35.67058182,39.65754443,39.63546693,41.42801208,167.72,37890000,,,,
2937,黑龍江,2017,9,Heilongjiang,13.2,63.48,72.03,145,57,8,18,38,0.6,65,16,47.63146965,43.01502982,44.8760841,41.89270649,43.19331627,209.01,37890000,,,,
2938,黑龍江,2017,10,Heilongjiang,3.28,33.38,58.43,228,58,13,29,82,0.7,68,55,48.59819266,48.11483116,48.20847257,45.75600192,45.00082148,187.2,37890000,,,,
2939,黑龍江,2017,11,Heilongjiang,-9.35,13.94,64.51,323,59,16,26,76,0.7,54,54,48.39575538,48.49697402,46.32468259,46.65137936,42.92358384,144.24,37890000,,,,
2940,黑龍江,2017,12,Heilongjiang,-19.9,5.76,66.14,425,60,24,29,67,0.9,51,47,41.98009973,45.18792756,39.4627523,41.74661239,40.66407423,145.36,37890000,,,,
2941,黑龍江,2018,1,Heilongjiang,-21.26,5.06,64.83,166,61,24,29,66,0.9,60,46,28.01240179,34.99625076,35.44214103,38.68054462,41.43815055,169.68,37730000,,,,
2942,黑龍江,2018,2,Heilongjiang,-18.68,3.54,62.23,59,62,22,25,66,0.8,75,43,36.33392157,32.17316168,38.93829922,39.69874934,41.78157335,198.89,37730000,,,,
2943,黑龍江,2018,3,Heilongjiang,-5.6,13.33,56.19,102,63,17,25,69,0.7,101,40,52.46857429,44.40124793,46.30512174,41.73194175,44.02933354,242.72,37730000,,,,
2944,黑龍江,2018,4,Heilongjiang,6.86,NA,45.39,155,64,9,22,78,0.6,111,39,50.11286936,51.29072182,51.93344812,48.03356648,46.97465975,218.75,37730000,,,,
2945,黑龍江,2018,5,Heilongjiang,14.55,33.04,52.69,342,65,7,18,51,0.5,112,21,53.21890071,51.66588503,48.69026764,49.6348443,45.94565062,266.5,37730000,,,,
2946,黑龍江,2018,6,Heilongjiang,18.95,124.07,71.61,428,66,7,16,36,0.5,100,16,42.73903284,47.97896677,42.38226982,44.31491971,41.96285091,208.41,37730000,,,,
2947,黑龍江,2018,7,Heilongjiang,22.89,188.18,82.55,241,67,6,16,35,0.6,85,18,31.18887592,36.96395438,35.49416149,39.92534629,42.23095076,188.56,37730000,,,,
2948,黑龍江,2018,8,Heilongjiang,19.63,125.99,81.34,70,68,6,15,32,0.5,62,14,32.55457571,31.87172582,38.39894008,39.48396327,41.84912362,204.02,37730000,,,,
2949,黑龍江,2018,9,Heilongjiang,13.5,85.69,72.31,98,69,6,17,39,0.5,67,16,51.45336862,42.00397217,45.10590311,41.62664631,44.28885359,213.32,37730000,,,,
2950,黑龍江,2018,10,Heilongjiang,6.22,20.91,63.69,158,70,9,22,50,0.6,62,20,51.309765,51.38156681,52.56693878,47.56384801,46.69795646,198.11,37730000,,,,
2951,黑龍江,2018,11,Heilongjiang,-6.3,18.53,64.89,362,71,13,26,57,0.7,52,28,54.93768272,53.12372386,49.82727932,50.23380164,46.04722928,170.94,37730000,,,,
2952,黑龍江,2018,12,Heilongjiang,-15.93,3.33,59.24,520,72,16,24,62,0.7,54,37,43.23439023,49.08603647,42.49100426,44.69569444,42.93204694,166.77,37730000,,,,
2953,黑龍江,2019,1,Heilongjiang,-13.3,1.8,60,238,73,35,44,106,1.22,44,75,29.30093983,36.26766503,36.13759567,40.83761743,43.96825519,148.1,37510000,,,,
2954,黑龍江,2019,2,Heilongjiang,-9.3,NA,43,77,74,30,41,119,1.08,68,106,35.87745695,32.58919839,40.556401,41.22589831,41.94256797,168.7,37510000,,,,
2955,黑龍江,2019,3,Heilongjiang,0.1,12.4,46,157,75,19,38,94,0.89,83,54,56.49080624,46.18413159,45.72583659,41.6196124,42.56188097,225.1,37510000,,,,
2956,黑龍江,2019,4,Heilongjiang,8.5,12.9,42,228,76,13,28,108,0.61,98,36,44.8092466,50.65002642,49.21033602,45.87711625,46.36618887,245.2,37510000,,,,
2957,黑龍江,2019,5,Heilongjiang,15.5,88.3,54,233,77,11,25,66,0.57,106,24,46.33095522,45.57010091,46.48756038,48.98837185,45.26257516,226.5,37510000,,,,
2958,黑龍江,2019,6,Heilongjiang,19.8,86.3,68,370,78,8,27,34,0.54,99,14,48.32247932,47.32671727,41.67094099,42.4555174,40.20519776,234.5,37510000,,,,
2959,黑龍江,2019,7,Heilongjiang,23.7,161.7,83,224,79,8,27,40,0.61,100,19,30.35938844,39.34093388,36.62859566,39.05418555,42.3336433,184.5,37510000,,,,
2960,黑龍江,2019,8,Heilongjiang,20.7,157.2,88,53,80,8,22,27,0.56,54,12,31.20391921,30.78165383,39.00492732,41.33431532,42.95848811,108.8,37510000,,,,
2961,黑龍江,2019,9,Heilongjiang,17,69.5,70,86,81,9,28,42,0.63,79,16,55.45147429,43.32769675,45.37019093,41.61749031,43.08926586,277,37510000,,,,
2962,黑龍江,2019,10,Heilongjiang,8.3,7.8,56,149,82,13,34,61,0.67,66,27,49.45517928,52.45332678,51.29434054,46.27173521,46.59960654,238.8,37510000,,,,
2963,黑龍江,2019,11,Heilongjiang,-4.9,10.6,58,212,83,15,30,44,0.62,45,27,48.97636806,49.21577367,48.78087973,50.44852837,44.56929768,213.1,37510000,,,,
2964,黑龍江,2019,12,Heilongjiang,-15.6,15,72,306,84,29,46,103,1.03,37,91,47.91109187,48.44372996,39.31327828,41.84875353,35.81189976,210,37510000,,,,
2965,黑龍江,2020,1,Heilongjiang,-16.9,3.2,74,134,85,43,61,164,1.35,60,155,21.05237491,34.48173339,26.87598382,32.40107988,38.97202697,235.3,31710000,,,,
2966,黑龍江,2020,2,Heilongjiang,-11.4,8.3,72,4,86,27,26,67,0.79,87,60,11.66448467,16.35842979,32.65755831,36.4709417,30.29675471,243.1,31710000,,,,
2967,黑龍江,2020,3,Heilongjiang,-1.1,6.9,62,5,87,16,25,55,0.62,96,41,65.25581533,38.46015,27.50676893,25.89317043,20.86113926,307.9,31710000,,,,
2968,黑龍江,2020,4,Heilongjiang,7.5,6.3,48,2,88,16,34,100,0.75,104,91,5.60000679,35.42791106,23.86294558,20.81333035,55.48181467,324.9,31710000,,,,
2969,黑龍江,2020,5,Heilongjiang,15.6,77.6,61,-,89,13,24,48,0.52,110,21,0.733014607,3.166510698,66.82959112,66.43614717,60.08036828,364,31710000,,,,
2970,黑龍江,2020,6,Heilongjiang,19.9,199.8,75,2,90,11,23,30,0.52,99,12,194.155752,97.44438328,76.51533976,58.78650652,57.69812399,340.2,31710000,,,,
2971,黑龍江,2020,7,Heilongjiang,24.4,116,78,6,91,10,27,42,0.62,114,18,34.6572527,114.4065023,94.05253285,70.72265329,64.34871747,387.6,31710000,,,, 
2972,黑龍江,2020,8,Heilongjiang,21.7,146.1,86,8,92,10,22,30,0.57,81,12,53.3445939,44.0009233,42.28494026,80.25264319,73.1648574,295.4,31710000,,,,
2973,黑龍江,2020,9,Heilongjiang,16.3,174.1,85,9,93,11,26,36,0.66,61,15,38.85297418,46.09878404,45.67042745,42.91713376,48.84017145,240.8,31710000,,,,
2974,黑龍江,2020,10,Heilongjiang,7.2,13.6,64,5,94,12,32,54,0.7,59,24,44.81371426,41.83334422,52.06633688,52.38590114,46.69648112,243.2,31710000,,,,
2975,黑龍江,2020,11,Heilongjiang,-3.3,31,67,25,95,18,39,71,0.8,47,52,72.5323222,58.67301823,47.09494584,45.03445293,45.03445293,213.6,31710000,,,,
2976,黑龍江,2020,12,Heilongjiang,-15.2,0.4,68,26,96,23,43,76,0.88,47,61,23.93880106,48.23556163,48.23556163,47.09494584,47.09494584,225.4,31710000,,,,
