X,name,year,month,province,meantemp,rain,humi,number,seq,SO2,NO2,PM10,CO,O3_8h,PM2.5,beta,sunlight,population,,,,
1,海南,2013,1,Hainan,20.01,9.46,81.44,1,1,8,21,65,0.9,73,47,1.68,101.66,8950000,,,,
2,海南,2013,2,Hainan,22.53,19.53,83.89,0,2,5,16,40,0.8,67,24,0.23,126.02,8950000,,,,
3,海南,2013,3,Hainan,24.2,55.17,81.11,0,3,4,14,44,0.7,59,22,46.87,179.8,8950000,,,,
4,海南,2013,4,Hainan,26.09,77.21,82.56,2,4,5,16,41,0.8,51,21,41.96,159.36,8950000,,,,
5,海南,2013,5,Hainan,28.31,138.29,80.67,0,5,5,16,34,0.7,57,14,0.09,234.88,8950000,,,,
6,海南,2013,6,Hainan,28.4,174.37,79.22,0,6,6,15,31,0.7,50,14,43.69,229,8950000,,,,
7,海南,2013,7,Hainan,27.68,217.33,82.89,1,7,4,13,21,0.6,32,8,35.78,200,8950000,,,,
8,海南,2013,8,Hainan,27.84,203.04,82.89,0,8,5,14,29,0.6,35,11,0.39,206.54,8950000,,,,
9,海南,2013,9,Hainan,26.79,176.05,86.11,0,9,4,12,35,0.7,46,18,22.57,131.56,8950000,,,,
10,海南,2013,10,Hainan,25.21,155.03,79.89,0,10,10,17,77,0.9,106,49,63.9,161,8950000,,,,
11,海南,2013,11,Hainan,23.6,156.59,83.11,1,11,8,15,57,0.8,76,30,29.92,80.44,8950000,,,,
12,海南,2013,12,Hainan,18.87,102.09,75.11,0,12,15,23,91,1,77,64,1.19,132.2,8950000,,,,
13,海南,2014,1,Hainan,19.1,4.21,77,2,13,8,17,75,0.8,99,50,43.9,187.9,9030000,,,,
14,海南,2014,2,Hainan,19.6,18.66,85.11,0,14,3,14,34,0.8,52,19,0.5,119.6,9030000,,,,
15,海南,2014,3,Hainan,23.56,15.42,85.89,1,15,3,14,39,0.7,53,19,48.17,151.76,9030000,,,,
16,海南,2014,4,Hainan,26.54,93.49,84.67,0,16,3,11,34,0.6,52,18,0.74,164.78,9030000,,,,
17,海南,2014,5,Hainan,28.8,135.14,81.11,2,17,3,13,27,0.6,61,13,126.55,267,9030000,,,,
18,海南,2014,6,Hainan,29.24,147.62,81.44,1,18,4,16,29,0.6,60,13,1.34,236.5,9030000,,,,
19,海南,2014,7,Hainan,28.56,223.85,83.44,0,19,4,15,25,0.6,48,11,0.75,257.96,9030000,,,,
20,海南,2014,8,Hainan,28.33,176.57,82.89,1,20,4,15,25,0.6,43,10,50.78,224.94,9030000,,,,
21,海南,2014,9,Hainan,27.52,231.07,84.67,0,21,4,16,30,0.6,56,15,0.27,228.48,9030000,,,,
22,海南,2014,10,Hainan,26.13,128.08,81.44,0,22,5,16,54,0.7,102,30,30.01,200.16,9030000,,,,
23,海南,2014,11,Hainan,24.62,92.72,84.44,0,23,4,16,40,0.7,73,21,17.3,147.66,9030000,,,,
24,海南,2014,12,Hainan,19.94,80.1,83.22,0,24,5,15,49,0.8,80,29,58.23,60.76,9030000,,,,
25,海南,2015,1,Hainan,19.21,16.03,79.89,3,25,5,18,57,0.8,93,35,114.68,187.56,9110000,,,,
26,海南,2015,2,Hainan,21.34,4.69,82.56,4,26,3,9,51,0.7,75,34,1.91,120.98,9110000,,,,
27,海南,2015,3,Hainan,24.48,14.76,82.44,0,27,3,10,34,0.6,60,17,0.22,180.44,9110000,,,,
28,海南,2015,4,Hainan,25.64,71.88,79.56,1,28,3,13,37,0.7,71,19,56.41,216,9110000,,,,
29,海南,2015,5,Hainan,29.32,71.41,79.67,0,29,3,12,29,0.6,58,14,0.18,283.92,9110000,,,,
30,海南,2015,6,Hainan,29.52,138.6,78.56,0,30,3,12,25,0.5,52,10,46.33,281.32,9110000,,,,
31,海南,2015,7,Hainan,28.14,184.1,81.56,1,31,5,15,30,0.6,66,14,86.06,179.12,9110000,,,,
32,海南,2015,8,Hainan,28.79,75.18,81,1,32,4,14,28,0.6,65,13,6.13,271.82,9110000,,,,
33,海南,2015,9,Hainan,28.08,218.73,84,0,33,4,13,28,0.7,68,14,0.37,213.84,9110000,,,,
34,海南,2015,10,Hainan,25.92,201.45,82.44,0,34,5,17,47,0.7,103,29,45.53,191.34,9110000,,,,
35,海南,2015,11,Hainan,25.63,101.5,83.44,1,35,4,9,31,0.6,73,14,100.48,191.44,9110000,,,,
36,海南,2015,12,Hainan,21.94,57.97,84.56,2,36,4,15,35,0.8,79,19,3.46,102.54,9110000,,,,
37,海南,2016,1,Hainan,20.58,89.3,88.11,0,37,4,18,32,0.8,72,18,0.51,NA,9170000,,,,
38,海南,2016,2,Hainan,18.82,14.59,81.56,1,38,5,13,40,0.8,85,25,53.14,110.6,9170000,,,,
39,海南,2016,3,Hainan,22.24,22.19,82.33,0,39,4,16,38,0.7,81,20,0.27,152.2,9170000,,,,
40,海南,2016,4,Hainan,27.06,56.67,81.11,0,40,4,15,39,0.6,71,20,28.3,NA,9170000,,,,
41,海南,2016,5,Hainan,28.54,107.5,81.22,0,41,4,13,29,0.6,70,14,24.39,NA,9170000,,,,
42,海南,2016,6,Hainan,29.22,156.3,81.89,0,42,4,14,24,0.6,62,9,19.91,252,9170000,,,,
43,海南,2016,7,Hainan,28.97,152.58,81.67,0,43,3,12,26,0.5,51,10,64.84,267,9170000,,,,
44,海南,2016,8,Hainan,28.27,194.93,85.78,1,44,3,15,28,0.5,56,12,43.49,188,9170000,,,,
45,海南,2016,9,Hainan,27.71,226.4,86.11,0,45,5,14,31,0.6,67,15,0.21,152.22,9170000,,,,
46,海南,2016,10,Hainan,26.39,16.78,86.39,0,46,4,12,33,0.6,74,18,52.3,153,9170000,,,,
47,海南,2016,11,Hainan,24.21,139.84,86,2,47,3,11,30,0.6,70,14,77.94,112.16,9170000,,,,
48,海南,2016,12,Hainan,22.12,55,82.22,2,48,5,12,49,0.7,100,27,21.59,97.6,9170000,,,,
49,海南,2017,1,Hainan,20.4,53.28,86.85,1,49,4,11,38,0.6,89,22,5.7,96.18,9260000,,,,
50,海南,2017,2,Hainan,19.08,29.82,84.72,0,50,4,11,34,0.6,87,22,0.95,105.58,9260000,,,,
51,海南,2017,3,Hainan,23.38,80.78,83.62,2,51,4,13,42,0.6,78,22,113.55,124.52,9260000,,,,
52,海南,2017,4,Hainan,25.44,102.04,80.37,4,52,4,12,35,0.6,84,18,14.66,193.72,9260000,,,,
53,海南,2017,5,Hainan,27.34,282.08,82.93,2,53,4,11,27,0.6,76,13,32.79,196.28,9260000,,,,
54,海南,2017,6,Hainan,29.42,128.4,78.34,2,54,4,12,25,0.5,60,11,5.06,250.48,9260000,,,,
55,海南,2017,7,Hainan,27.96,334.02,84.22,0,55,4,12,20,0.5,50,9,0.53,199.98,9260000,,,,
56,海南,2017,8,Hainan,28.82,152.44,80.34,1,56,4,12,23,0.6,53,10,57.3,237.44,9260000,,,,
57,海南,2017,9,Hainan,28.32,206.76,81.78,0,57,4,12,26,0.6,52,12,0.16,222.14,9260000,,,,
58,海南,2017,10,Hainan,25.22,329.04,81.62,0,58,6,12,38,0.6,94,23,52.54,156.38,9260000,,,,
59,海南,2017,11,Hainan,22.36,220.1,86.9,3,59,4,13,38,0.7,86,22,74.3,81.08,9260000,,,,
60,海南,2017,12,Hainan,19.14,24.82,80.3,2,60,6,13,48,0.6,99,29,25.73,89.5,9260000,,,,
61,海南,2018,1,Hainan,18.68,36.96,86.24,7,61,4,14,36,0.6,70,19,7.71,91.78,9340000,,,,
62,海南,2018,2,Hainan,18.24,8.02,79.2,0,62,5,13,46,0.6,78,30,0.15,123.08,9340000,,,,
63,海南,2018,3,Hainan,22.6,38.54,78.1,2,63,4,12,36,0.6,74,18,123.57,228.7,9340000,,,,
64,海南,2018,4,Hainan,24.51,155.7,80.56,8,64,4,11,36,0.6,64,18,21.04,181.04,9340000,,,,
65,海南,2018,5,Hainan,28.5,107.26,77.14,6,65,4,12,24,0.5,60,12,21.84,286.54,9340000,,,,
66,海南,2018,6,Hainan,28.3,381.58,81.2,2,66,4,14,26,0.6,66,12,21.74,183.14,9340000,,,,
67,海南,2018,7,Hainan,27.82,362.62,83.48,1,67,4,12,22,0.6,53,9,8.89,173.88,9340000,,,,
68,海南,2018,8,Hainan,27.4,570.3,85.58,0,68,4,14,26,0.6,64,11,0.34,157.56,9340000,,,,
69,海南,2018,9,Hainan,27.32,122.38,83.32,0,69,5,12,30,0.6,78,16,53.27,196.58,9340000,,,,
70,海南,2018,10,Hainan,25.64,146.68,78.6,2,70,5,12,44,0.7,118,24,77.79,222.96,9340000,,,,
71,海南,2018,11,Hainan,24.04,41.44,82.66,1,71,4,12,34,0.6,86,18,13.92,144.54,9340000,,,,
72,海南,2018,12,Hainan,20.74,68.86,87.76,1,72,6,12,32,0.7,69,17,28.78,99.68,9340000,,,,
73,海南,2019,1,Hainan,19.4,17.9,87,1,73,6,14,43,0.75,81,25,28.86,93.5,9450000,,,,
74,海南,2019,2,Hainan,23.4,21.1,84,2,74,5,9,27,0.48,55,14,25.61,157.9,9450000,,,,
75,海南,2019,3,Hainan,24.3,9.6,83,1,75,5,12,33,0.55,59,16,30.92,147.8,9450000,,,,
76,海南,2019,4,Hainan,28.1,39.7,77,2,76,4,13,28,0.47,72,14,7.64,214.5,9450000,,,,
77,海南,2019,5,Hainan,27.9,385,83,0,77,5,16,27,0.54,84,13,0.5,163.3,9450000,,,,
78,海南,2019,6,Hainan,30,198.6,77,2,78,5,14,23,0.48,71,10,131.72,209.7,9450000,,,,
79,海南,2019,7,Hainan,29.7,172.8,77,2,79,4,12,23,0.49,70,11,1.59,221.7,9450000,,,,
80,海南,2019,8,Hainan,26.4,523,83,0,80,5,15,23,0.57,61,11,0.43,170.8,9450000,,,,
81,海南,2019,9,Hainan,27.4,263.8,80,1,81,5,15,36,0.65,109,20,44.42,183.8,9450000,,,,
82,海南,2019,10,Hainan,26.6,144.8,77,0,82,5,9,36,0.65,106,21,0.72,175.6,9450000,,,,
83,海南,2019,11,Hainan,23.7,12.3,76,1,83,5,12,46,0.63,132,26,126.04,154,9450000,,,,
84,海南,2019,12,Hainan,20.6,10.1,76,1,84,6,13,39,0.7,110,22,2.22,125,9450000,,,,
85,海南,2020,1,Hainan,20.4,33.2,83,0,85,3,9,29,0.68,89,15,0.89,128.4,10120000,,,,
86,海南,2020,2,Hainan,20.8,11.9,83,1,86,3,5,29,0.52,84,14,51.01,91.4,10120000,,,,
87,海南,2020,3,Hainan,24.8,16.8,81,0,87,3,10,27,0.57,70,13,0.31,142.5,10120000,,,,
88,海南,2020,4,Hainan,24,82.6,82,0,88,4,10,31,0.64,89,15,23.91,113,10120000,,,,
89,海南,2020,5,Hainan,29.6,42.7,75,0,89,4,13,29,0.56,87,13,54.88,255.1,10120000,,,,
90,海南,2020,6,Hainan,30,105.6,76,3,90,3,10,20,0.44,60,8,99.32,220.3,10120000,,,,
91,海南,2020,7,Hainan,30,131.2,74,1,91,4,11,20,0.39,59,8,2.83,261.7,10120000,,,,
92,海南,2020,8,Hainan,28.4,214.5,83,0,92,3,13,20,0.46,49,9,0.43,177.3,10120000,,,,
93,海南,2020,9,Hainan,28.4,118.2,82,0,93,4,13,19,0.49,51,9,21.38,158.9,10120000,,,,
94,海南,2020,10,Hainan,25.3,419.9,81,0,94,5,8,34,0.53,105,17,51.21,55.5,10120000,,,,
95,海南,2020,11,Hainan,23.4,28.1,79,1,95,6,12,43,0.5,116,22,87.4,82.8,10120000,,,,
96,海南,2020,12,Hainan,18.6,14.2,80,0,96,7,15,46,0.68,98,30,0,55.3,10120000,,,,
97,廣東,2013,1,Guangdong,13.63,6.84,71.86,176,1,28,63,106,1.5,49,78,3.99,123.91,106440000,,,,
98,廣東,2013,2,Guangdong,17.27,14.55,78.78,56,2,15,35,57,1.2,71,42,26.81,79.63,106440000,,,,
99,廣東,2013,3,Guangdong,19.55,156.45,79.03,141,3,22,46,73,1.2,84,47,37.15,115.9,106440000,,,,
100,廣東,2013,4,Guangdong,20.81,230.19,85.31,190,4,21,47,77,1.1,80,50,29.82,57.1,106440000,,,,
101,廣東,2013,5,Guangdong,25.28,196.36,86,171,5,18,34,49,0.9,79,29,26.03,103.48,106440000,,,,
102,廣東,2013,6,Guangdong,27.67,191.72,81.97,93,6,15,24,41,0.8,83,21,24.8,181.25,106440000,,,,
103,廣東,2013,7,Guangdong,27.72,189.34,82,81,7,15,24,36,0.8,73,19,27.1,194.71,106440000,,,,
104,廣東,2013,8,Guangdong,27.9,222.13,83.06,48,8,17,29,49,0.9,89,27,25.1,177.88,106440000,,,,
105,廣東,2013,9,Guangdong,26.79,158.92,78.86,49,9,20,32,62,0.9,116,38,31.11,177.3,106440000,,,,
106,廣東,2013,10,Guangdong,23.69,7,65.92,69,10,27,40,108,1,155,71,32.32,217.67,106440000,,,,
107,廣東,2013,11,Guangdong,19.57,63.78,71.03,106,11,23,48,90,1.1,84,55,34.67,138.42,106440000,,,,
108,廣東,2013,12,Guangdong,12.65,131.27,63.61,254,12,36,57,117,1.4,63,85,37.89,181.39,106440000,,,,
109,廣東,2014,1,Guangdong,13.7,0.9,66.33,334,13,27,48,108,1.5,101,79,25.19,195.78,107240000,,,,
110,廣東,2014,2,Guangdong,13.42,42.01,78.56,108,14,16,29,56,1.3,71,41,23.66,82.6,107240000,,,,
111,廣東,2014,3,Guangdong,17.58,158.25,81.72,247,15,21,35,68,1.3,70,46,37.19,64.17,107240000,,,,
112,廣東,2014,4,Guangdong,22.7,130.46,82.11,247,16,19,29,61,1.3,90,41,28.55,88.12,107240000,,,,
113,廣東,2014,5,Guangdong,25.24,166.52,87.22,287,17,15,25,43,1,71,26,29.08,109.56,107240000,,,,
114,廣東,2014,6,Guangdong,28.26,203.19,81.97,161,18,14,21,45,0.9,89,26,23.84,167.9,107240000,,,,
115,廣東,2014,7,Guangdong,29.26,162.09,78.5,107,19,14,19,43,0.9,93,25,26.15,248.79,107240000,,,,
116,廣東,2014,8,Guangdong,28.36,172.82,80.89,74,20,15,19,38,0.9,88,22,26.83,223.07,107240000,,,,
117,廣東,2014,9,Guangdong,28.06,112.5,77.92,75,21,16,20,48,1,104,30,31.19,224.38,107240000,,,,
118,廣東,2014,10,Guangdong,24.69,19.14,68.67,109,22,21,28,82,1.1,140,55,33.07,224.44,107240000,,,,
119,廣東,2014,11,Guangdong,20.56,43.13,77.78,150,23,20,31,68,1.2,91,46,32.46,131.98,107240000,,,,
120,廣東,2014,12,Guangdong,13.39,48.27,66.94,269,24,23,38,75,1.2,74,49,38.17,127.01,107240000,,,,
121,廣東,2015,1,Guangdong,14.13,63.17,72.75,582,25,20,42,82,1.2,88,55,29.86,170.76,108490000,,,,
122,廣東,2015,2,Guangdong,16.54,25.4,76.47,193,26,13,30,74,1.1,84,52,21.59,96.66,108490000,,,,
123,廣東,2015,3,Guangdong,18.75,35.98,84.33,280,27,12,29,50,1,64,33,36.52,61.61,108490000,,,,
124,廣東,2015,4,Guangdong,22.39,88.82,77.31,430,28,13,26,52,0.9,94,32,31.15,155.67,108490000,,,,
125,廣東,2015,5,Guangdong,26.22,169.15,87.19,325,29,10,21,36,0.9,72,21,25.44,116.82,108490000,,,,
126,廣東,2015,6,Guangdong,28.87,154.13,81.19,173,30,10,16,31,0.7,70,16,24.36,228.74,108490000,,,,
127,廣東,2015,7,Guangdong,28.29,219.78,80.53,109,31,10,17,39,0.8,86,23,26.02,181.69,108490000,,,,
128,廣東,2015,8,Guangdong,28.47,173.9,79.5,81,32,13,21,47,0.9,101,28,28.33,212.22,108490000,,,,
129,廣東,2015,9,Guangdong,27.23,149.39,80.94,91,33,11,20,50,0.9,108,32,31.45,175.98,108490000,,,,
130,廣東,2015,10,Guangdong,24.3,113.29,76.64,112,34,15,27,65,0.9,109,42,32.4,175.4,108490000,,,,
131,廣東,2015,11,Guangdong,21.54,47.87,79.14,167,35,14,28,56,1,82,35,33.55,140.76,108490000,,,,
132,廣東,2015,12,Guangdong,15.33,146.35,79.64,245,36,13,30,51,1.1,54,33,34.36,81.4,108490000,,,,
133,廣東,2016,1,Guangdong,13.44,226.61,82.86,290,37,11,32,48,1.1,53,32,25.69,NA,109990000,,,,
134,廣東,2016,2,Guangdong,12.94,45.54,75.39,90,38,9,23,50,0.9,69,34,23.74,93.5,109990000,,,,
135,廣東,2016,3,Guangdong,16.64,179.72,83.75,215,39,12,37,60,1,75,40,39.86,72.9,109990000,,,,
136,廣東,2016,4,Guangdong,23.44,208.25,87.56,266,40,11,28,48,0.9,72,32,29.43,50.66,109990000,,,,
137,廣東,2016,5,Guangdong,26.06,196.68,83.39,246,41,10,21,44,0.8,94,27,29.25,142.74,109990000,,,,
138,廣東,2016,6,Guangdong,28.51,251.47,83.69,220,42,10,20,33,0.8,81,18,28.91,188.07,109990000,,,,
139,廣東,2016,7,Guangdong,29.13,168.39,80.69,169,43,11,19,39,0.7,90,21,26.01,224.16,109990000,,,,
140,廣東,2016,8,Guangdong,28.02,298.87,85.39,97,44,11,22,44,0.8,103,27,27.3,138.92,109990000,,,,
141,廣東,2016,9,Guangdong,27.19,146.11,80.75,126,45,11,23,48,0.9,105,30,32.38,135.06,109990000,,,,
142,廣東,2016,10,Guangdong,25.34,5.69,81.64,123,46,11,22,45,0.9,85,28,30.81,130.77,109990000,,,,
143,廣東,2016,11,Guangdong,19.59,119.19,82.03,228,47,12,33,58,1,81,37,38.66,110.35,109990000,,,,
144,廣東,2016,12,Guangdong,16.92,13.03,72.42,529,48,14,43,76,1.1,92,50,36.07,157.73,109990000,,,,
145,廣東,2017,1,Guangdong,16.17,20.41,79.77,472,49,10,34,68,1.1,87,49,25.18,121.18,111690000,,,,
146,廣東,2017,2,Guangdong,15.34,37.47,75.22,254,50,11,30,57,0.9,95,40,29.61,113.82,111690000,,,,
147,廣東,2017,3,Guangdong,18.1,117.59,83.9,755,51,11,38,63,1,75,37,40.94,58.2,111690000,,,,
148,廣東,2017,4,Guangdong,22.14,125.98,81.62,981,52,11,31,55,0.9,94,33,30.46,120.62,111690000,,,,
149,廣東,2017,5,Guangdong,25.43,200.92,82.69,1000,53,11,27,51,0.8,114,31,29.96,131.24,111690000,,,,
150,廣東,2017,6,Guangdong,28.05,350.35,86.05,735,54,9,19,32,0.7,69,17,25.96,156.21,111690000,,,,
151,廣東,2017,7,Guangdong,28.19,310.46,84.75,364,55,10,22,34,0.8,78,19,23.94,187.5,111690000,,,,
152,廣東,2017,8,Guangdong,28.94,205.8,81.79,198,56,10,21,38,0.7,93,21,25.36,220.23,111690000,,,,
153,廣東,2017,9,Guangdong,28.38,142.28,81.75,132,57,12,26,48,0.8,112,29,27.94,202.94,111690000,,,,
154,廣東,2017,10,Guangdong,24.31,108.69,74.01,162,58,12,26,53,0.9,112,33,35.86,197.78,111690000,,,,
155,廣東,2017,11,Guangdong,19.83,52.08,78.88,438,59,13,33,61,0.9,83,40,40.71,82.6,111690000,,,,
156,廣東,2017,12,Guangdong,15.33,4.08,64.96,1015,60,17,42,77,1,97,52,38.6,156.23,111690000,,,,
157,廣東,2018,1,Guangdong,13.91,109.19,76.99,1295,61,13,43,68,1,80,48,24.82,103.05,113460000,,,,
158,廣東,2018,2,Guangdong,14.45,17.62,71.12,241,62,10,26,60,0.8,89,44,19.49,100.48,113460000,,,,
159,廣東,2018,3,Guangdong,19.68,50.26,77.08,455,63,11,32,56,0.8,109,36,41.49,156.2,113460000,,,,
160,廣東,2018,4,Guangdong,22.4,NA,79.3,834,64,11,28,63,0.8,100,35,32.98,92.7,113460000,,,,
161,廣東,2018,5,Guangdong,27.62,104.85,79.67,713,65,9,21,40,0.7,103,22,28.04,214.09,113460000,,,,
162,廣東,2018,6,Guangdong,27.6,394.91,83.87,516,66,9,20,36,0.7,99,20,27.31,145.57,113460000,,,,
163,廣東,2018,7,Guangdong,28.56,230.17,83.04,314,67,9,19,35,0.7,84,18,25.22,196.85,113460000,,,,
164,廣東,2018,8,Guangdong,27.9,386.7,86.33,167,68,9,22,38,0.8,101,22,26.07,138.95,113460000,,,,
165,廣東,2018,9,Guangdong,27.08,206.25,82.15,146,69,10,22,44,0.8,109,25,30.36,175.43,113460000,,,,
166,廣東,2018,10,Guangdong,22.98,66.42,75.01,173,70,13,31,59,0.8,127,36,34.97,173.63,113460000,,,,
167,廣東,2018,11,Guangdong,20.66,64.32,81.4,368,71,12,35,59,0.9,92,37,36.77,121.03,113460000,,,,
168,廣東,2018,12,Guangdong,15.97,21.72,80.76,416,72,10,33,52,0.9,61,33,30.9,83.53,113460000,,,,
169,廣東,2019,1,Guangdong,15,2,78,353,73,7,54,69,1.19,64,48,26.01,100.1,115210000,,,,
170,廣東,2019,2,Guangdong,18,164.6,86,147,74,5,35,42,0.95,52,26,25.93,32.1,115210000,,,,
171,廣東,2019,3,Guangdong,19.4,180.7,89,261,75,6,52,52,0.88,69,29,38.53,57.1,115210000,,,,
172,廣東,2019,4,Guangdong,23.4,412.8,90,369,76,6,47,42,0.81,73,24,31.56,43.6,115210000,,,,
173,廣東,2019,5,Guangdong,24.8,349.6,86,309,77,6,39,37,0.74,92,21,28.86,61.9,115210000,,,,
174,廣東,2019,6,Guangdong,28,459.5,84,267,78,5,34,30,0.68,101,16,29.53,114.3,115210000,,,,
175,廣東,2019,7,Guangdong,28.7,260.5,84,189,79,6,32,36,0.65,98,19,25.72,136.1,115210000,,,,
176,廣東,2019,8,Guangdong,28.3,479.9,86,96,80,6,36,41,0.73,130,23,27.21,186.4,115210000,,,,
177,廣東,2019,9,Guangdong,26.7,104.6,79,134,81,7,41,54,0.75,153,30,35.26,258.3,115210000,,,,
178,廣東,2019,10,Guangdong,24.1,39.5,78,191,82,8,42,66,0.83,154,39,35.8,222.1,115210000,,,,
179,廣東,2019,11,Guangdong,19.5,NA,72,462,83,9,57,84,0.83,142,42,40.7,269.5,115210000,,,,
180,廣東,2019,12,Guangdong,16,5.6,69,1115,84,10,68,85,0.98,86,42,39.99,177,115210000,,,,
181,廣東,2020,1,Guangdong,15.8,22.4,76,880,85,6,44,53,0.93,80,29,16.6,118.7,126240000,,,,
182,廣東,2020,2,Guangdong,16.1,124.9,82,24,86,5,30,35,0.73,81,24,8.57,98.2,126240000,,,,
183,廣東,2020,3,Guangdong,20,151.6,84,44,87,6,39,39,0.73,66,21,41.96,52.1,126240000,,,,
184,廣東,2020,4,Guangdong,20,125.7,81,42,88,8,48,53,0.81,109,27,27.94,125.6,126240000,,,,
185,廣東,2020,5,Guangdong,27.1,545.5,84,40,89,6,33,37,0.71,114,18,31.73,95.7,126240000,,,,
186,廣東,2020,6,Guangdong,28.2,262.7,84,43,90,6,28,26,0.63,85,12,31.55,133.4,126240000,,,,
187,廣東,2020,7,Guangdong,30.3,67.5,74,47,91,6,24,28,0.58,110,12,32.97,207.1,126240000,,,,
188,廣東,2020,8,Guangdong,28.4,226.5,83,59,92,7,31,33,0.64,122,18,31.5,187.8,126240000,,,,
189,廣東,2020,9,Guangdong,27,345,88,46,93,7,39,38,0.81,108,21,29.9,119.5,126240000,,,,
190,廣東,2020,10,Guangdong,23.4,12.2,75,66,94,8,33,50,0.78,113,28,35.96,160.3,126240000,,,,
191,廣東,2020,11,Guangdong,21.2,4.4,73,103,95,9,44,62,0.83,114,32,35.8,195.8,126240000,,,,
192,廣東,2020,12,Guangdong,14.6,1.9,69,206,96,9,45,63,0.91,78,35,40.45,147.5,126240000,,,,
193,廣西,2013,1,Guangxi,11.67,28.48,79.21,22,1,26,51,131,1.7,33,103,4.38,28.72,47190000,,,,
194,廣西,2013,2,Guangxi,15.66,25.6,83.92,16,2,11,26,52,1.2,54,39,20.59,49.66,47190000,,,,
195,廣西,2013,3,Guangxi,20.49,95.38,75.75,17,3,16,32,91,1.1,84,57,23.43,110.04,47190000,,,,
196,廣西,2013,4,Guangxi,21.7,132.98,80.08,22,4,15,31,74,1.1,73,48,24.93,83.81,47190000,,,,
197,廣西,2013,5,Guangxi,25.8,188.59,80.83,24,5,11,29,57,1.1,87,33,19.84,127.95,47190000,,,,
198,廣西,2013,6,Guangxi,27.58,183.02,77.17,12,6,12,24,50,0.9,91,27,22.2,161.21,47190000,,,,
199,廣西,2013,7,Guangxi,27.99,159.67,78.21,28,7,10,19,39,0.9,68,21,22.4,186.11,47190000,,,,
200,廣西,2013,8,Guangxi,28,239.27,78.58,5,8,11,30,56,0.8,82,31,14.08,181.54,47190000,,,,
201,廣西,2013,9,Guangxi,25.74,140.95,77.75,11,9,17,37,78,1,96,47,29.41,149.19,47190000,,,,
202,廣西,2013,10,Guangxi,22.66,28.75,68.33,11,10,30,49,136,1.2,128,87,22.61,161.45,47190000,,,,
203,廣西,2013,11,Guangxi,19.15,144.7,72.17,23,11,26,50,109,1.3,80,69,29.65,111.86,47190000,,,,
204,廣西,2013,12,Guangxi,12.07,104.01,67.04,49,12,40,53,150,1.4,55,105,27.15,157.23,47190000,,,,
205,廣西,2014,1,Guangxi,13.18,6.16,70.79,40,13,37,46,154,1.6,116,117,15.81,138.42,47540000,,,,
206,廣西,2014,2,Guangxi,12.48,37.95,78.5,8,14,17,25,70,1.2,81,53,18.24,50.91,47540000,,,,
207,廣西,2014,3,Guangxi,16.78,84.08,85.71,44,15,20,27,78,1.2,62,51,33.25,31.89,47540000,,,,
208,廣西,2014,4,Guangxi,22.72,146.17,83.92,26,16,19,24,69,1.2,78,41,17.61,46.79,47540000,,,,
209,廣西,2014,5,Guangxi,25.9,172.52,80.33,25,17,18,23,72,1.2,96,39,23.18,127.35,47540000,,,,
210,廣西,2014,6,Guangxi,27.87,237.96,82.21,19,18,15,20,63,1.1,101,37,20.82,121.91,47540000,,,,
211,廣西,2014,7,Guangxi,28.34,219.93,80.92,17,19,17,19,51,0.9,82,25,22.12,194.71,47540000,,,,
212,廣西,2014,8,Guangxi,27.47,202.94,82.29,13,20,15,20,50,0.9,89,25,20.58,173.59,47540000,,,,
213,廣西,2014,9,Guangxi,27.28,134.98,78.25,12,21,18,22,61,1,102,35,25.22,196.6,47540000,,,,
214,廣西,2014,10,Guangxi,24.2,75.18,73.08,27,22,25,32,112,1.2,142,75,27.54,187.2,47540000,,,,
215,廣西,2014,11,Guangxi,19.06,88.74,80.17,32,23,24,29,83,1.2,82,55,25.54,79.69,47540000,,,,
216,廣西,2014,12,Guangxi,12.7,45.32,68.21,81,24,32,38,102,1.2,88,68,29.32,115.44,47540000,,,,
217,廣西,2015,1,Guangxi,13.64,57.6,77.12,84,25,25,33,106,1.4,73,74,20.24,104.71,47960000,,,,
218,廣西,2015,2,Guangxi,15.86,31.56,79.46,39,26,16,26,96,1.4,65,72,18.13,71.17,47960000,,,,
219,廣西,2015,3,Guangxi,18.08,41.32,84.88,31,27,15,20,61,1.2,55,42,23.75,42.91,47960000,,,,
220,廣西,2015,4,Guangxi,22.9,44.18,72.17,47,28,19,20,72,1.1,100,44,25.74,149.42,47960000,,,,
221,廣西,2015,5,Guangxi,26.85,194.07,81.71,46,29,15,16,50,1,85,28,21.72,125.82,47960000,,,,
222,廣西,2015,6,Guangxi,28.33,198.03,81.54,33,30,13,13,39,0.8,75,20,20.73,155.16,47960000,,,,
223,廣西,2015,7,Guangxi,27.42,216.91,80.25,24,31,14,14,46,0.9,85,28,20.93,136.25,47960000,,,,
224,廣西,2015,8,Guangxi,27.76,191.5,80.79,18,32,17,16,55,0.9,91,32,21.68,164.78,47960000,,,,
225,廣西,2015,9,Guangxi,26.24,212.14,84.79,18,33,16,16,50,1,80,31,24.02,112.24,47960000,,,,
226,廣西,2015,10,Guangxi,23.39,120.57,78.12,23,34,22,24,73,1,102,45,25.34,164.5,47960000,,,,
227,廣西,2015,11,Guangxi,19.95,159.28,85.04,33,35,19,21,47,1.2,60,30,26.51,75.98,47960000,,,,
228,廣西,2015,12,Guangxi,13.5,123.38,81.71,50,36,17,23,52,1.1,50,34,24.93,45.37,47960000,,,,
229,廣西,2016,1,Guangxi,12.26,137.44,83.62,30,37,16,25,57,1.2,51,39,16.57,NA,48380000,,,,
230,廣西,2016,2,Guangxi,12.47,20.03,70.62,10,38,17,23,73,1,78,51,20.51,97.26,48380000,,,,
231,廣西,2016,3,Guangxi,17.2,56.68,80.92,33,39,17,27,69,1,71,46,32.75,52.26,48380000,,,,
232,廣西,2016,4,Guangxi,23.62,133.09,82.08,44,40,15,20,58,1,80,36,24.12,72.67,48380000,,,,
233,廣西,2016,5,Guangxi,25.73,181.15,79.88,58,41,13,18,51,0.9,83,30,24.89,128.89,48380000,,,,
234,廣西,2016,6,Guangxi,28.32,240.1,79.96,50,42,13,14,35,0.8,76,19,21.57,175.7,48380000,,,,
235,廣西,2016,7,Guangxi,28.82,144.27,79.25,34,43,13,14,38,0.8,71,21,19.82,183.79,48380000,,,,
236,廣西,2016,8,Guangxi,28.1,246.12,80.92,19,44,13,15,43,0.8,87,26,20.85,161.99,48380000,,,,
237,廣西,2016,9,Guangxi,26.83,144.02,76.29,25,45,15,18,58,0.8,102,39,27.29,140.31,48380000,,,,
238,廣西,2016,10,Guangxi,24.72,3.46,73.66,42,46,15,18,55,0.8,90,36,26.6,153.1,48380000,,,,
239,廣西,2016,11,Guangxi,18.56,93.98,80.29,60,47,15,22,55,0.9,65,34,27.44,95.99,48380000,,,,
240,廣西,2016,12,Guangxi,15.94,23.64,71.79,120,48,19,33,90,1.1,87,61,27.04,130.37,48380000,,,,
241,廣西,2017,1,Guangxi,14.51,71.63,79.2,85,49,16,27,90,1.2,76,68,18.56,70.13,48850000,,,,
242,廣西,2017,2,Guangxi,14.71,24.81,71.46,44,50,15,24,75,1,82,55,22.54,64.78,48850000,,,,
243,廣西,2017,3,Guangxi,16.53,143.99,83.56,87,51,14,24,58,1,58,38,26.94,38.18,48850000,,,,
244,廣西,2017,4,Guangxi,21.87,83.57,76.65,62,52,14,22,60,0.9,87,37,21.93,102.59,48850000,,,,
245,廣西,2017,5,Guangxi,24.84,204.13,77.45,92,53,14,22,53,0.9,100,32,26.03,157.4,48850000,,,,
246,廣西,2017,6,Guangxi,26.91,375.2,84.84,65,54,12,18,38,0.8,71,20,19.92,103.17,48850000,,,,
247,廣西,2017,7,Guangxi,27.46,321.85,83.64,35,55,11,17,41,0.8,74,23,18.62,155.42,48850000,,,,
248,廣西,2017,8,Guangxi,27.72,331.29,83.36,15,56,11,17,39,0.8,74,20,18.84,162.71,48850000,,,,
249,廣西,2017,9,Guangxi,27.61,133.6,81.53,14,57,14,20,50,0.9,92,28,25.74,182.58,48850000,,,,
250,廣西,2017,10,Guangxi,22.78,98.14,75.92,26,58,14,21,58,1,102,36,29.01,161.79,48850000,,,,
251,廣西,2017,11,Guangxi,17.76,68.38,79.48,52,59,15,27,70,1,77,47,29.84,73.94,48850000,,,,
252,廣西,2017,12,Guangxi,13.28,31.69,69.35,122,60,18,34,89,1.1,84,62,29.34,102.97,48850000,,,,
253,廣西,2018,1,Guangxi,12.02,66.54,78.43,109,61,16,32,84,1.2,69,58,18.15,41.41,49260000,,,,
254,廣西,2018,2,Guangxi,13.4,11.16,68.68,28,62,14,24,86,1,82,61,18.07,60.8,49260000,,,,
255,廣西,2018,3,Guangxi,19.16,93.55,78.22,66,63,15,26,69,1,90,44,32.54,117.72,49260000,,,,
256,廣西,2018,4,Guangxi,21.81,NA,77.27,99,64,15,23,74,0.9,90,39,24.61,95.79,49260000,,,,
257,廣西,2018,5,Guangxi,26.72,176.77,79.41,86,65,12,17,43,0.8,86,23,22.01,172.27,49260000,,,,
258,廣西,2018,6,Guangxi,26.93,270.37,81.58,64,66,10,16,40,0.9,88,22,22.84,136.88,49260000,,,,
259,廣西,2018,7,Guangxi,27.94,248.07,82.13,69,67,11,16,38,0.8,77,20,23.75,176.51,49260000,,,,
260,廣西,2018,8,Guangxi,27.53,248.69,83.42,49,68,12,17,44,0.9,89,25,21.6,163.61,49260000,,,,
261,廣西,2018,9,Guangxi,26.1,179.99,80.07,40,69,12,18,49,0.8,92,28,21.75,163.74,49260000,,,,
262,廣西,2018,10,Guangxi,21.08,92.56,78.66,32,70,14,24,61,1,100,35,26.23,122.67,49260000,,,,
263,廣西,2018,11,Guangxi,18.16,41.62,80.35,96,71,15,29,66,1,79,40,30.76,125.99,49260000,,,,
264,廣西,2018,12,Guangxi,13,52.05,83.99,82,72,12,25,51,1.1,46,34,21.27,51.45,49260000,,,,
265,廣西,2019,1,Guangxi,12.4,40.3,84, ,73,9,36,56,1.19,39,37,19.74,29.8,49600000,,,,
266,廣西,2019,2,Guangxi,14.1,57.9,88,26,74,8,23,45,1.08,36,31,21.76,50,49600000,,,,
267,廣西,2019,3,Guangxi,17.9,112.1,87,52,75,8,34,52,0.92,45,31,29.68,56,49600000,,,,
268,廣西,2019,4,Guangxi,23.8,95.9,86,57,76,7,24,47,0.78,65,25,23.6,105.7,49600000,,,,
269,廣西,2019,5,Guangxi,24.8,126.7,83,64,77,8,25,48,0.75,71,25,26.3,119.9,49600000,,,,
270,廣西,2019,6,Guangxi,27.9,289,85,81,78,6,20,34,0.68,77,16,23.62,145.1,49600000,,,,
271,廣西,2019,7,Guangxi,28.1,235.2,86,40,79,6,20,34,0.72,75,17,18.66,156.7,49600000,,,,
272,廣西,2019,8,Guangxi,28.6,210.6,82,25,80,8,24,43,0.7,98,23,22.04,194.3,49600000,,,,
273,廣西,2019,9,Guangxi,27.5,12.9,69,29,81,11,32,64,0.78,126,36,28.47,243.9,49600000,,,,
274,廣西,2019,10,Guangxi,23.8,31.4,75,78,82,10,29,56,0.83,89,31,31.22,155.3,49600000,,,,
275,廣西,2019,11,Guangxi,20,7,67,128,83,13,41,81,0.88,95,47,28.5,155.9,49600000,,,,
276,廣西,2019,12,Guangxi,15.8,3.6,64,263,84,14,43,75,0.95,65,44,28.23,150.7,49600000,,,,
277,廣西,2020,1,Guangxi,15.4,40.8,78,138,85,9,24,48,0.84,62,32,14.59,71.5,50190000,,,,
278,廣西,2020,2,Guangxi,16.5,58.5,79,14,86,7,17,46,0.76,68,35,11.52,62.6,50190000,,,,
279,廣西,2020,3,Guangxi,19,182.2,86,11,87,7,24,41,0.79,50,26,27.19,41.5,50190000,,,,
280,廣西,2020,4,Guangxi,19.7,104.9,79,20,88,10,31,52,0.8,76,29,28.25,87.9,50190000,,,,
281,廣西,2020,5,Guangxi,27.4,155.3,79,23,89,7,22,45,0.75,106,24,24.13,201.4,50190000,,,,
282,廣西,2020,6,Guangxi,28.5,119.8,83,21,90,5,17,31,0.61,75,14,24.43,168.5,50190000,,,,
283,廣西,2020,7,Guangxi,29.2,39.4,80,23,91,6,17,33,0.6,82,16,23.93,218.5,50190000,,,,
284,廣西,2020,8,Guangxi,27.6,177.3,84,17,92,7,21,32,0.55,77,16,23.32,169.8,50190000,,,,
285,廣西,2020,9,Guangxi,26.6,103.4,84,22,93,8,21,36,0.68,80,20,26.04,123.1,50190000,,,,
286,廣西,2020,10,Guangxi,22.1,88.8,75,20,94,10,25,46,0.67,79,24,24,106.6,50190000,,,,
287,廣西,2020,11,Guangxi,20.2,1,71,27,95,12,35,69,0.83,82,37,28.07,123.6,50190000,,,,
288,廣西,2020,12,Guangxi,13.4,1.6,67,44,96,10,35,73,0.96,71,44,27.73,117.6,50190000,,,,
289,雲南,2013,1,Yunnan,10.01,7.95,64.81,80,1,38,63,130,2,35,67,4.25,213.99,46870000,,,,
290,雲南,2013,2,Yunnan,14.69,9.55,55.03,47,2,37,31,60,1.5,88,36,23.29,232.06,46870000,,,,
291,雲南,2013,3,Yunnan,16.61,22.63,54.84,96,3,34,39,99,1.7,110,55,31.55,241.54,46870000,,,,
292,雲南,2013,4,Yunnan,18.75,40.47,57.56,222,4,29,44,100,1.7,115,53,28.39,220.31,46870000,,,,
293,雲南,2013,5,Yunnan,20.65,118.22,69.06,224,5,20,34,60,1,99,27,23.13,194.29,46870000,,,,
294,雲南,2013,6,Yunnan,22.64,120.84,69.66,193,6,21,33,54,0.9,96,27,22.82,189.88,46870000,,,,
295,雲南,2013,7,Yunnan,22.12,142.06,79.69,118,7,15,27,42,0.8,52,20,18.83,115.27,46870000,,,,
296,雲南,2013,8,Yunnan,21.48,190.8,79.44,49,8,22,33,54,0.8,67,30,20.48,157.83,46870000,,,,
297,雲南,2013,9,Yunnan,20.08,115.98,79.03,72,9,24,38,72,0.9,80,40,28.05,135.81,46870000,,,,
298,雲南,2013,10,Yunnan,16.65,104.86,78,82,10,24,43,76,1.2,70,41,24.63,137.94,46870000,,,,
299,雲南,2013,11,Yunnan,13.94,5.6,71.66,91,11,27,44,94,1.2,51,41,25.13,211.04,46870000,,,,
300,雲南,2013,12,Yunnan,8.97,43.72,72.66,91,12,27,43,97,1.7,32,58,23.86,180.21,46870000,,,,
301,雲南,2014,1,Yunnan,9.9,5.99,65.34,66,13,31,30,82,1.9,77,46,20.47,231.76,47140000,,,,
302,雲南,2014,2,Yunnan,12.33,20.1,59.31,40,14,23,27,56,1.2,82,31,24.28,216.33,47140000,,,,
303,雲南,2014,3,Yunnan,15.99,27.09,56.56,95,15,30,33,85,1.6,96,45,30.61,244.41,47140000,,,,
304,雲南,2014,4,Yunnan,19.68,25.21,54.97,112,16,29,32,94,1.9,122,52,25.92,248.26,47140000,,,,
305,雲南,2014,5,Yunnan,21.87,61.71,61.78,179,17,18,22,55,1.4,107,29,26.69,234.5,47140000,,,,
306,雲南,2014,6,Yunnan,22.7,164.18,74.34,124,18,14,19,38,1.3,81,22,20.77,144.78,47140000,,,,
307,雲南,2014,7,Yunnan,22.12,215.41,81.22,83,19,19,21,43,1.1,69,23,22.16,135.94,47140000,,,,
308,雲南,2014,8,Yunnan,21.46,180.05,81.53,63,20,22,21,41,0.9,67,23,22.58,115.16,47140000,,,,
309,雲南,2014,9,Yunnan,21.13,122.65,79.19,57,21,21,21,42,0.9,64,23,25.9,173.44,47140000,,,,
310,雲南,2014,10,Yunnan,17.65,47.84,75.75,97,22,22,23,62,1.1,68,36,28.33,188.18,47140000,,,,
311,雲南,2014,11,Yunnan,14.16,30.32,73.81,103,23,23,26,56,1.1,53,26,24.31,194.46,47140000,,,,
312,雲南,2014,12,Yunnan,10.31,7.37,71.22,107,24,25,31,71,1.4,57,40,25.81,188.25,47140000,,,,
313,雲南,2015,1,Yunnan,10.07,88.95,72.19,102,25,20,21,63,1.1,69,37,21.43,185.16,47420000,,,,
314,雲南,2015,2,Yunnan,12.21,8.6,62.25,50,26,16,17,59,1,86,37,23.68,218.51,47420000,,,,
315,雲南,2015,3,Yunnan,17.04,27.52,55.09,161,27,16,21,70,0.9,105,44,34.19,256.5,47420000,,,,
316,雲南,2015,4,Yunnan,18.03,62.42,64.97,219,28,15,16,53,0.7,96,30,26.4,194.59,47420000,,,,
317,雲南,2015,5,Yunnan,22.11,57.48,61.5,334,29,16,15,54,0.7,105,29,27.27,244.46,47420000,,,,
318,雲南,2015,6,Yunnan,23.29,103.1,70.44,285,30,11,11,32,0.6,73,17,22.9,174.43,47420000,,,,
319,雲南,2015,7,Yunnan,21.48,167.08,77.31,201,31,15,15,37,0.6,79,21,21.15,120.88,47420000,,,,
320,雲南,2015,8,Yunnan,21.14,202.18,83.03,91,32,15,14,32,0.7,60,18,19.53,94.18,47420000,,,,
321,雲南,2015,9,Yunnan,21.1,127,81.41,68,33,13,13,32,0.7,55,18,24.82,119.64,47420000,,,,
322,雲南,2015,10,Yunnan,17.37,114.88,77.69,90,34,16,16,42,0.8,68,24,27.57,174,47420000,,,,
323,雲南,2015,11,Yunnan,14.41,36.36,74.09,110,35,16,17,44,0.9,61,23,26.14,199.43,47420000,,,,
324,雲南,2015,12,Yunnan,10.49,33.48,75.88,123,36,15,19,50,0.9,61,29,26.19,151.91,47420000,,,,
325,雲南,2016,1,Yunnan,9.09,24.43,69.34,110,37,16,20,51,0.9,71,30,21.23,NA,47710000,,,,
326,雲南,2016,2,Yunnan,10.92,31.4,68.81,49,38,13,15,54,0.9,82,37,22.84,134.59,47710000,,,,
327,雲南,2016,3,Yunnan,15.71,21.31,60.59,133,39,14,19,64,0.9,104,37,34.18,199.15,47710000,,,,
328,雲南,2016,4,Yunnan,18.66,75.08,64.66,187,40,13,18,61,0.8,105,32,25.8,158.46,47710000,,,,
329,雲南,2016,5,Yunnan,20.59,114.46,69.31,209,41,12,14,45,0.7,94,24,26.92,168.01,47710000,,,,
330,雲南,2016,6,Yunnan,22.02,168.58,78.16,258,42,11,11,29,0.6,65,16,25.33,113.2,47710000,,,,
331,雲南,2016,7,Yunnan,21.87,206.79,81.62,144,43,11,11,27,0.6,50,14,19.13,97.12,47710000,,,,
332,雲南,2016,8,Yunnan,22.18,176.29,80.59,69,44,15,14,34,0.7,76,19,22.87,NA,47710000,,,,
333,雲南,2016,9,Yunnan,20.5,137.76,81.62,114,45,14,15,38,0.7,67,22,29.68,96.42,47710000,,,,
334,雲南,2016,10,Yunnan,18.92,2.77,79.19,121,46,14,16,38,0.9,66,21,24.73,143.29,47710000,,,,
335,雲南,2016,11,Yunnan,14.37,64.83,76.62,128,47,14,19,41,0.9,65,21,27.15,166.72,47710000,,,,
336,雲南,2016,12,Yunnan,11.54,5.05,74.47,179,48,15,23,54,1,67,29,26.98,NA,47710000,,,,
337,雲南,2017,1,Yunnan,10.7,26.1,68.14,119,49,14,19,46,0.9,74,27,19.77,194.04,48010000,,,,
338,雲南,2017,2,Yunnan,11.74,23.05,65.06,52,50,13,20,54,0.9,95,34,22.48,172.06,48010000,,,,
339,雲南,2017,3,Yunnan,14.19,57.67,65.22,103,51,13,22,61,0.9,110,36,32.64,162.18,48010000,,,,
340,雲南,2017,4,Yunnan,17.04,94.55,69.45,179,52,12,19,56,0.8,109,33,29.48,161.72,48010000,,,,
341,雲南,2017,5,Yunnan,19.64,74.71,68.18,284,53,13,18,50,0.8,110,27,28.14,196.45,48010000,,,,
342,雲南,2017,6,Yunnan,21.84,140.39,74.8,280,54,11,15,33,0.7,79,15,24.73,140.57,48010000,,,,
343,雲南,2017,7,Yunnan,21,276.94,82.99,201,55,12,16,36,0.7,66,17,20.98,103.4,48010000,,,,
344,雲南,2017,8,Yunnan,21.52,233.37,82.66,82,56,13,16,33,0.8,64,15,20.67,121.16,48010000,,,,
345,雲南,2017,9,Yunnan,21.07,127.34,81.47,96,57,12,15,34,0.8,60,15,28.48,132.57,48010000,,,,
346,雲南,2017,10,Yunnan,17.87,101.06,82,124,58,11,18,36,0.8,62,18,27.7,137.19,48010000,,,,
347,雲南,2017,11,Yunnan,13.44,31.41,75.09,171,59,14,24,50,0.9,71,25,28.39,184.83,48010000,,,,
348,雲南,2017,12,Yunnan,10.39,8.51,72.31,213,60,15,26,60,0.9,70,31,26.65,188.98,48010000,,,,
349,雲南,2018,1,Yunnan,9.6,27,68.48,149,61,12,22,52,0.9,73,27,19.94,192.41,48300000,,,,
350,雲南,2018,2,Yunnan,11.27,9.2,62.53,58,62,12,18,60,0.9,97,35,22.84,189.1,48300000,,,,
351,雲南,2018,3,Yunnan,14.83,44.29,62.29,159,63,12,22,70,0.9,120,40,35.35,223.15,48300000,,,,
352,雲南,2018,4,Yunnan,17.75,NA,63.2,254,64,11,19,68,0.8,122,35,28.45,200.69,48300000,,,,
353,雲南,2018,5,Yunnan,20.21,109.1,69.77,377,65,10,16,48,0.6,101,22,28.42,181.19,48300000,,,,
354,雲南,2018,6,Yunnan,21.08,211.62,81.33,377,66,9,14,33,0.6,72,14,24.89,98.53,48300000,,,,
355,雲南,2018,7,Yunnan,21.91,220.06,81.72,257,67,10,14,29,0.7,68,13,21.18,114,48300000,,,,
356,雲南,2018,8,Yunnan,21.26,249,83.18,109,68,12,16,37,0.8,80,19,20.62,115.13,48300000,,,,
357,雲南,2018,9,Yunnan,20.24,99.67,83.01,107,69,10,14,34,0.8,65,18,28.12,111.92,48300000,,,,
358,雲南,2018,10,Yunnan,16.14,94.53,80.29,157,70,10,16,39,0.7,68,21,28.58,129.41,48300000,,,,
359,雲南,2018,11,Yunnan,12.88,6.34,71.34,179,71,13,21,54,0.8,79,27,26.91,223.36,48300000,,,,
360,雲南,2018,12,Yunnan,10.9,44.33,71.84,202,72,11,21,50,0.9,67,25,26.43,181.58,48300000,,,,
361,雲南,2019,1,Yunnan,9.9,31.7,70,131,73,13,35,43,1,68,23,19.69,235.1,48580000,,,,
362,雲南,2019,2,Yunnan,12.9,5.7,52,49,74,14,25,42,0.73,86,26,22.85,256.9,48580000,,,,
363,雲南,2019,3,Yunnan,14.6,4.5,53,134,75,14,34,61,0.74,105,36,36.06,269.4,48580000,,,,
364,雲南,2019,4,Yunnan,19,7.1,50,220,76,14,35,65,0.72,130,40,28.4,265,48580000,,,,
365,雲南,2019,5,Yunnan,22.3,20.1,51,282,77,11,26,56,0.62,132,31,27.86,257.6,48580000,,,,
366,雲南,2019,6,Yunnan,22.2,94.1,69,298,78,9,24,28,0.57,88,15,25.92,160,48580000,,,,
367,雲南,2019,7,Yunnan,20.8,279.5,83,210,79,8,24,26,0.56,69,14,21.25,78.2,48580000,,,,
368,雲南,2019,8,Yunnan,21.3,120.7,76,91,80,11,30,38,0.58,111,22,22.11,183.2,48580000,,,,
369,雲南,2019,9,Yunnan,18.4,186.1,75,128,81,9,30,35,0.59,83,22,30.3,128,48580000,,,,
370,雲南,2019,10,Yunnan,17,74.2,76,160,82,10,31,36,0.68,74,20,27.47,155.8,48580000,,,,
371,雲南,2019,11,Yunnan,14,7.5,73,188,83,12,35,51,0.78,64,28,27.48,173.9,48580000,,,,
372,雲南,2019,12,Yunnan,7.9,9,69,187,84,12,40,65,0.93,62,36,25.26,230.2,48580000,,,,
373,雲南,2020,1,Yunnan,9.9,61.5,63,110,85,10,26,36,0.7,72,23,20.09,241,47220000,,,,
374,雲南,2020,2,Yunnan,11,24.2,64,40,86,8,14,40,0.65,97,33,20.51,252,47220000,,,,
375,雲南,2020,3,Yunnan,16,5.3,49,37,87,9,30,60,0.7,115,38,26.05,324.4,47220000,,,,
376,雲南,2020,4,Yunnan,16.1,45.3,58,30,88,9,30,58,0.73,113,36,26.08,290.4,47220000,,,,
377,雲南,2020,5,Yunnan,20.6,22.9,56,45,89,10,26,45,0.64,114,23,29.71,333,47220000,,,,
378,雲南,2020,6,Yunnan,22.5,122.8,66,53,90,9,19,30,0.64,79,14,28.36,313.7,47220000,,,,
379,雲南,2020,7,Yunnan,20.6,379.8,81,76,91,8,21,27,0.52,60,12,27.88,276.1,47220000,,,,
380,雲南,2020,8,Yunnan,20.8,258,83,63,92,7,21,29,0.5,67,13,25.85,284.3,47220000,,,,
381,雲南,2020,9,Yunnan,19.4,95.4,86,88,93,8,23,31,0.64,60,15,29.18,246.3,47220000,,,,
382,雲南,2020,10,Yunnan,16.5,26.9,78,92,94,8,26,38,0.67,61,19,26.85,245,47220000,,,,
383,雲南,2020,11,Yunnan,13.5,6.6,70,118,95,12,35,58,0.81,73,30,29.28,245.3,47220000,,,,
384,雲南,2020,12,Yunnan,10.7,8.7,69,152,96,10,33,52,0.84,56,29,27.71,229.8,47220000,,,,
385,福建,2013,1,Fujian,9.72,13.47,76.5,19,1,15,50,72,1,43,48,4.14,112.82,37740000,,,,
386,福建,2013,2,Fujian,12.96,68.96,82.79,8,2,10,39,59,0.9,64,39,29.19,56.21,37740000,,,,
387,福建,2013,3,Fujian,15.66,115.83,76,23,3,16,48,77,0.9,72,44,37.33,140.51,37740000,,,,
388,福建,2013,4,Fujian,17.66,162.63,78,29,4,17,49,87,1,76,48,28.23,90.42,37740000,,,,
389,福建,2013,5,Fujian,22.92,249.27,82.36,26,5,13,42,57,0.7,70,30,28.05,99.46,37740000,,,,
390,福建,2013,6,Fujian,25.82,204.35,82.32,24,6,13,41,51,0.7,83,26,26.58,128.34,37740000,,,,
391,福建,2013,7,Fujian,27.68,126.7,74.75,15,7,14,37,48,0.6,76,20,25.33,247.35,37740000,,,,
392,福建,2013,8,Fujian,27.83,179.51,76.18,16,8,14,37,50,0.8,77,22,30.93,211.06,37740000,,,,
393,福建,2013,9,Fujian,25.59,70.61,73.07,16,9,11,31,47,0.6,81,23,24.6,178.41,37740000,,,,
394,福建,2013,10,Fujian,20.85,26.73,66.54,7,10,13,35,64,0.6,99,33,26.3,215.35,37740000,,,,
395,福建,2013,11,Fujian,15.94,79.26,74.68,22,11,16,46,72,0.8,78,36,40.02,139.47,37740000,,,,
396,福建,2013,12,Fujian,9.5,105.31,69.71,35,12,21,49,82,0.8,66,55,32.33,153.31,37740000,,,,
397,福建,2014,1,Fujian,9.74,7.02,69.04,50,13,19,48,93,0.9,73,58,27.38,181.17,38060000,,,,
398,福建,2014,2,Fujian,10.43,98.35,79.39,21,14,10,34,47,0.8,63,29,24.1,84.53,38060000,,,,
399,福建,2014,3,Fujian,13.96,138.52,80.39,39,15,15,46,83,0.9,79,42,34.89,90.86,38060000,,,,
400,福建,2014,4,Fujian,19.39,139,78.71,40,16,13,37,74,0.9,91,37,28.04,113.09,38060000,,,,
401,福建,2014,5,Fujian,22.02,263.6,84.64,43,17,9,34,70,1,86,38,28.95,62.84,38060000,,,,
402,福建,2014,6,Fujian,25.84,232.67,82.07,35,18,8,22,56,0.7,77,27,26.88,122.65,38060000,,,,
403,福建,2014,7,Fujian,28.37,182.47,77.54,24,19,10,20,52,0.7,73,24,22.78,240.84,38060000,,,,
404,福建,2014,8,Fujian,27.32,180.66,81.54,9,20,11,28,62,0.7,91,30,24.21,190.66,38060000,,,,
405,福建,2014,9,Fujian,26.69,80.08,78.89,16,21,8,21,54,0.6,88,26,33.91,182.52,38060000,,,,
406,福建,2014,10,Fujian,21.46,8.41,70.07,15,22,10,23,65,0.6,103,34,28.45,222.44,38060000,,,,
407,福建,2014,11,Fujian,17.49,41.55,78.71,24,23,10,32,61,0.7,77,34,34.3,102.4,38060000,,,,
408,福建,2014,12,Fujian,9.99,33.22,67.29,46,24,12,37,67,0.7,69,39,37.05,138.77,38060000,,,,
409,福建,2015,1,Fujian,10.14,50.66,72.79,108,25,20,36,76,1.1,70,50,31.73,136.09,38390000,,,,
410,福建,2015,2,Fujian,11.96,43.56,76.86,53,26,12,25,62,1,72,42,22.29,90.49,38390000,,,,
411,福建,2015,3,Fujian,14.52,122.45,81.71,50,27,11,26,52,0.9,72,31,31.9,81.61,38390000,,,,
412,福建,2015,4,Fujian,19.1,103.35,74.86,90,28,13,28,61,0.9,89,34,33.79,136.68,38390000,,,,
413,福建,2015,5,Fujian,22.59,203.34,85.75,101,29,9,26,52,0.9,79,28,27.75,72.84,38390000,,,,
414,福建,2015,6,Fujian,26.71,166.42,83.18,65,30,8,20,45,0.7,73,21,24.53,149.55,38390000,,,,
415,福建,2015,7,Fujian,26.66,193.55,81.86,38,31,9,19,40,0.7,69,20,24.12,149.76,38390000,,,,
416,福建,2015,8,Fujian,26.43,229.31,82.32,22,32,9,20,39,0.7,72,20,25.13,159.59,38390000,,,,
417,福建,2015,9,Fujian,24.36,209.91,82.75,21,33,9,20,44,0.8,85,24,30.93,122.95,38390000,,,,
418,福建,2015,10,Fujian,21.58,72.81,78.39,31,34,11,23,50,0.8,83,28,31.16,145.45,38390000,,,,
419,福建,2015,11,Fujian,18.41,98.28,83.46,29,35,11,27,45,0.8,60,25,29.17,92.28,38390000,,,,
420,福建,2015,12,Fujian,12.59,180.65,82.43,50,36,11,30,48,0.9,48,27,36.6,56.31,38390000,,,,
421,福建,2016,1,Fujian,10.03,203.68,83.25,79,37,11,32,51,1,47,33,27.02,NA,38740000,,,,
422,福建,2016,2,Fujian,9.93,69.19,75.82,31,38,9,20,55,0.8,70,34,25.12,99.71,38740000,,,,
423,福建,2016,3,Fujian,13.06,191.42,79.89,85,39,10,34,61,1,78,39,38.53,90.59,38740000,,,,
424,福建,2016,4,Fujian,19.88,237.57,87.04,82,40,10,31,54,1,79,31,26.26,50.94,38740000,,,,
425,福建,2016,5,Fujian,23.4,183.11,83.32,64,41,9,22,49,0.8,83,26,26.98,111.88,38740000,,,,
426,福建,2016,6,Fujian,26.52,257.4,84.11,47,42,8,20,39,0.8,72,19,26.42,134.18,38740000,,,,
427,福建,2016,7,Fujian,27.9,165.29,79.25,39,43,10,19,43,0.7,82,21,28.29,212.19,38740000,,,,
428,福建,2016,8,Fujian,27.44,191.88,80.18,34,44,10,20,42,0.7,84,21,26.08,174.3,38740000,,,,
429,福建,2016,9,Fujian,25.23,260.6,80.75,20,45,9,19,40,0.7,86,22,26.84,111.94,38740000,,,,
430,福建,2016,10,Fujian,23.26,4.23,84.21,31,46,8,22,38,0.7,65,19,33.67,69.59,38740000,,,,
431,福建,2016,11,Fujian,17.04,154.11,83.54,38,47,11,30,50,0.8,63,27,31.13,73.88,38740000,,,,
432,福建,2016,12,Fujian,13.34,25.36,76.5,59,48,13,35,63,0.9,66,35,33.47,123.65,38740000,,,,
433,福建,2017,1,Fujian,12.31,40.4,79.72,74,49,12,30,56,0.9,67,37,29.49,96.48,39110000,,,,
434,福建,2017,2,Fujian,11.55,50.48,72.76,69,50,10,29,50,0.8,87,34,30.09,120.45,39110000,,,,
435,福建,2017,3,Fujian,13.59,213.36,82.34,112,51,11,37,56,0.8,87,33,33.79,61.61,39110000,,,,
436,福建,2017,4,Fujian,18.79,154.42,77.38,149,52,11,32,58,0.8,105,31,31.74,141.48,39110000,,,,
437,福建,2017,5,Fujian,22.88,113.02,76.69,218,53,9,24,46,0.8,108,24,32.72,152.69,39110000,,,,
438,福建,2017,6,Fujian,24.62,474.06,88.85,218,54,7,20,31,0.7,74,16,25.75,88.42,39110000,,,,
439,福建,2017,7,Fujian,28.18,151.59,75.94,79,55,9,19,39,0.6,88,18,20.43,256.36,39110000,,,,
440,福建,2017,8,Fujian,28.14,147.41,78.88,43,56,8,20,43,0.7,101,22,26.31,235.77,39110000,,,,
441,福建,2017,9,Fujian,27.19,65.05,76.06,44,57,9,20,46,0.7,112,24,30.13,217.01,39110000,,,,
442,福建,2017,10,Fujian,22.11,29.56,70.66,51,58,9,21,46,0.7,102,24,31.75,180.99,39110000,,,,
443,福建,2017,11,Fujian,16.92,63.9,78.36,78,59,11,29,50,0.7,80,29,32.54,76.22,39110000,,,,
444,福建,2017,12,Fujian,11.04,12.46,69.21,103,60,12,33,60,0.8,83,37,33.84,148.44,39110000,,,,
445,福建,2018,1,Fujian,10.06,144.91,76.96,155,61,11,32,48,0.8,69,30,26.85,98.74,39410000,,,,
446,福建,2018,2,Fujian,10.08,34.49,72.89,46,62,10,23,57,0.7,87,38,22.38,111.28,39410000,,,,
447,福建,2018,3,Fujian,15.61,104.97,74.94,107,63,10,30,53,0.8,98,32,39.9,162.61,39410000,,,,
448,福建,2018,4,Fujian,19.84,118.6,75.06,163,64,10,28,70,0.8,114,37,30.71,127.42,39410000,,,,
449,福建,2018,5,Fujian,24.97,160.26,78.63,156,65,9,22,50,0.7,117,26,27.67,173.54,39410000,,,,
450,福建,2018,6,Fujian,25.45,238.62,81.64,107,66,8,18,37,0.7,103,19,26.26,131.31,39410000,,,,
451,福建,2018,7,Fujian,27.95,114.2,76.95,97,67,9,18,40,0.6,89,19,29.79,223.63,39410000,,,,
452,福建,2018,8,Fujian,27.42,253.55,80.69,90,68,8,19,37,0.7,95,19,25.84,183.86,39410000,,,,
453,福建,2018,9,Fujian,25.68,107.85,77.48,46,69,8,19,40,0.7,101,20,26.97,186.34,39410000,,,,
454,福建,2018,10,Fujian,19.68,71.22,73.54,96,70,10,25,51,0.7,120,28,36.64,154.84,39410000,,,,
455,福建,2018,11,Fujian,17.03,128.82,83.27,112,71,9,28,42,0.8,72,24,29.55,89.16,39410000,,,,
456,福建,2018,12,Fujian,12.5,40.33,82.21,136,72,9,30,45,0.8,59,26,32.14,71.06,39410000,,,,
457,福建,2019,1,Fujian,12.5,5.3,77,131,73,5,33,48,0.8,66,30,24.65,92.8,39730000,,,,
458,福建,2019,2,Fujian,12.4,90.8,85,47,74,4,21,34,0.68,64,24,24.38,28.9,39730000,,,,
459,福建,2019,3,Fujian,15.1,185.5,79,99,75,5,28,47,0.65,97,28,37.56,100.2,39730000,,,,
460,福建,2019,4,Fujian,20.1,176.8,79,117,76,5,27,54,0.73,99,29,29.18,99.6,39730000,,,,
461,福建,2019,5,Fujian,22,121.3,72,116,77,5,22,48,0.63,103,25,29.16,99.2,39730000,,,,
462,福建,2019,6,Fujian,25.8,327.4,84,90,78,4,19,35,0.62,93,20,25.84,109.5,39730000,,,,
463,福建,2019,7,Fujian,29,283.1,78,51,79,4,17,37,0.55,86,18,25.06,168.6,39730000,,,,
464,福建,2019,8,Fujian,29.2,78,72,44,80,4,13,32,0.6,86,17,30.01,174.6,39730000,,,,
465,福建,2019,9,Fujian,27.3,11.3,62,55,81,4,14,36,0.68,111,18,31.23,219.7,39730000,,,,
466,福建,2019,10,Fujian,23.1,28.5,65,65,82,5,17,49,0.72,122,27,32.77,166.9,39730000,,,,
467,福建,2019,11,Fujian,18.6,0.1,61,130,83,6,22,48,0.6,102,24,35.96,177,39730000,,,,
468,福建,2019,12,Fujian,14.4,38.1,70,177,84,5,33,46,0.65,75,28,30.61,136.3,39730000,,,,
469,福建,2020,1,Fujian,13.4,28.2,74,116,85,5,23,37,0.74,72,28,21.77,116.5,41610000,,,,
470,福建,2020,2,Fujian,13.6,65.2,74,22,86,4,14,32,0.68,90,23,16.3,125.7,41610000,,,,
471,福建,2020,3,Fujian,15.7,262.8,80,9,87,5,26,35,0.71,84,24,25.23,82,41610000,,,,
472,福建,2020,4,Fujian,17.8,63.9,66,11,88,5,27,48,0.65,118,27,34.47,165.5,41610000,,,,
473,福建,2020,5,Fujian,24.7,262.6,81,23,89,4,24,41,0.69,108,21,36.03,134.5,41610000,,,,
474,福建,2020,6,Fujian,28.8,224.1,79,29,90,4,21,38,0.56,98,16,28.89,185.5,41610000,,,,
475,福建,2020,7,Fujian,30.7,81.7,70,20,91,5,18,42,0.58,88,16,26.85,217.5,41610000,,,,
476,福建,2020,8,Fujian,30.1,80,70,20,92,5,16,34,0.72,73,14,30.01,195.3,41610000,,,,
477,福建,2020,9,Fujian,26,119.4,78,18,93,4,19,35,0.78,102,18,28.07,112.4,41610000,,,,
478,福建,2020,10,Fujian,22.3,5.6,64,18,94,5,16,38,0.68,101,17,32.3,152.6,41610000,,,,
479,福建,2020,11,Fujian,20.5,0.5,67,40,95,5,20,41,0.69,83,20,38.23,120.5,41610000,,,,
480,福建,2020,12,Fujian,13.9,16.5,72,57,96,5,24,36,0.66,68,23,27.79,54.4,41610000,,,,
481,貴州,2013,1,Guizhou,5.49,12.65,80.26,40,1,85,41,116,1.1,36,85,3.51,53.31,35020000,,,,
482,貴州,2013,2,Guizhou,9.77,16.71,79.71,18,2,37,24,59,1,47,44,20.57,77.49,35020000,,,,
483,貴州,2013,3,Guizhou,15,66.58,71.17,36,3,32,36,109,0.9,80,73,27.24,130.91,35020000,,,,
484,貴州,2013,4,Guizhou,16.25,100.18,77.31,57,4,20,31,79,0.8,65,52,23.78,101.68,35020000,,,,
485,貴州,2013,5,Guizhou,20.31,174.4,78.31,62,5,16,31,63,0.7,76,42,22.16,126.71,35020000,,,,
486,貴州,2013,6,Guizhou,23.64,158.2,75.8,58,6,16,31,57,0.7,85,35,20.62,170.86,35020000,,,,
487,貴州,2013,7,Guizhou,25.82,42.59,71.29,36,7,10,21,36,0.5,54,16,18.41,181.52,35020000,,,,
488,貴州,2013,8,Guizhou,24.66,130.91,74.83,22,8,13,27,54,0.6,65,29,19.32,166.85,35020000,,,,
489,貴州,2013,9,Guizhou,20.49,105.84,78.66,21,9,18,31,66,0.7,82,44,23.96,130.76,35020000,,,,
490,貴州,2013,10,Guizhou,15.79,60.61,78.43,42,10,22,41,91,0.9,77,67,27.04,108.87,35020000,,,,
491,貴州,2013,11,Guizhou,12.86,42.09,80.69,53,11,28,34,69,0.9,51,47,21.52,69.21,35020000,,,,
492,貴州,2013,12,Guizhou,6.29,35.23,75.57,37,12,61,44,119,1,45,94,20.52,63.81,35020000,,,,
493,貴州,2014,1,Guizhou,7.25,12.53,73.23,31,13,69,47,136,1.2,65,103,18.55,112.71,35080000,,,,
494,貴州,2014,2,Guizhou,5.98,33.25,80.17,12,14,34,26,69,0.9,57,55,19.43,51.17,35080000,,,,
495,貴州,2014,3,Guizhou,12.02,78.72,80.14,34,15,30,33,86,0.9,70,53,30.74,80.18,35080000,,,,
496,貴州,2014,4,Guizhou,17.34,85.48,80.51,50,16,17,29,84,0.7,75,48,23.46,93.46,35080000,,,,
497,貴州,2014,5,Guizhou,19.42,152.54,80.23,65,17,16,32,90,0.7,73,51,24.57,83.13,35080000,,,,
498,貴州,2014,6,Guizhou,22.19,187.2,85.29,76,18,12,28,69,0.7,68,44,21.87,50.65,35080000,,,,
499,貴州,2014,7,Guizhou,24.22,218.16,81.86,44,19,11,24,56,0.5,71,30,17.91,159.71,35080000,,,,
500,貴州,2014,8,Guizhou,23.64,167.96,79.46,24,20,10,23,60,0.5,78,32,19.45,155.72,35080000,,,,
501,貴州,2014,9,Guizhou,22.45,131.53,79.71,24,21,11,23,59,0.6,73,35,24.21,140.08,35080000,,,,
502,貴州,2014,10,Guizhou,18.13,88.41,79.57,38,22,14,32,92,0.7,80,60,25.67,130.71,35080000,,,,
503,貴州,2014,11,Guizhou,11.73,68.59,85.89,51,23,18,29,65,0.7,40,39,24.62,35.41,35080000,,,,
504,貴州,2014,12,Guizhou,6.58,13.02,75.06,70,24,45,40,112,0.9,55,70,24.36,64.54,35080000,,,,
505,貴州,2015,1,Guizhou,7.41,33.68,80.44,62,25,36,30,82,1.2,56,55,19.88,53.54,35300000,,,,
506,貴州,2015,2,Guizhou,9.14,22.76,78.38,38,26,28,22,63,1.1,65,41,21.84,72.09,35300000,,,,
507,貴州,2015,3,Guizhou,12.81,32.88,79.29,70,27,26,21,57,0.8,73,35,26.49,85.39,35300000,,,,
508,貴州,2015,4,Guizhou,17.56,65.55,70.74,74,28,23,22,60,0.7,90,32,23.93,137.28,35300000,,,,
509,貴州,2015,5,Guizhou,20.99,186.08,79.18,129,29,17,19,49,0.7,79,27,25.54,119.69,35300000,,,,
510,貴州,2015,6,Guizhou,23.44,186.07,82.21,99,30,14,16,35,0.6,67,18,20.08,98.84,35300000,,,,
511,貴州,2015,7,Guizhou,23.11,155.28,78.57,62,31,15,21,51,0.6,90,27,18.2,122.88,35300000,,,,
512,貴州,2015,8,Guizhou,22.7,191.31,81.97,27,32,14,21,45,0.6,77,24,19.98,122.29,35300000,,,,
513,貴州,2015,9,Guizhou,20.85,130.27,85.82,47,33,15,20,42,0.6,67,25,27.1,56.12,35300000,,,,
514,貴州,2015,10,Guizhou,17.59,107.27,81,52,34,17,24,59,0.7,80,33,23.81,122.79,35300000,,,,
515,貴州,2015,11,Guizhou,13.77,51.6,83.68,76,35,19,21,45,0.8,52,26,24.9,81.69,35300000,,,,
516,貴州,2015,12,Guizhou,7.12,59.13,84.09,64,36,28,24,55,0.8,49,35,21.23,36.14,35300000,,,,
517,貴州,2016,1,Guizhou,5.7,31.26,83.79,50,37,22,23,56,1,50,36,20.63,NA,35550000,,,,
518,貴州,2016,2,Guizhou,7.31,14.68,70.97,34,38,23,22,65,0.9,74,46,22.14,81.94,35550000,,,,
519,貴州,2016,3,Guizhou,12.3,69.77,78.26,57,39,19,25,63,0.8,75,39,28.14,68.71,35550000,,,,
520,貴州,2016,4,Guizhou,17.45,146.13,81.56,87,40,14,24,51,0.8,73,27,24.34,81.59,35550000,,,,
521,貴州,2016,5,Guizhou,20.12,174.38,79.47,81,41,12,19,53,0.7,85,27,23.45,NA,35550000,,,,
522,貴州,2016,6,Guizhou,23.49,217.74,80.21,91,42,11,17,40,0.6,76,20,21.59,111.48,35550000,,,,
523,貴州,2016,7,Guizhou,25.42,166.42,77.56,38,43,10,17,34,0.6,74,16,18.04,171.09,35550000,,,,
524,貴州,2016,8,Guizhou,24.13,188.69,81.12,36,44,14,21,43,0.7,86,23,23.92,145.63,35550000,,,,
525,貴州,2016,9,Guizhou,21.29,62.76,77.06,39,45,16,23,60,0.7,97,35,25.09,80.29,35550000,,,,
526,貴州,2016,10,Guizhou,18.01,3.23,80.63,64,46,14,21,51,0.7,64,28,26.01,83.79,35550000,,,,
527,貴州,2016,11,Guizhou,12.32,58.72,83.38,66,47,18,24,53,0.9,49,30,24.12,71.59,35550000,,,,
528,貴州,2016,12,Guizhou,8.87,20.51,80.18,82,48,26,31,81,1.1,51,50,22.79,66.41,35550000,,,,
529,貴州,2017,1,Guizhou,8.24,18.61,80.74,42,49,19,24,67,1.1,50,45,19.42,34.89,35800000,,,,
530,貴州,2017,2,Guizhou,8.51,27.58,75.9,47,50,19,22,58,1,63,38,25.88,56.3,35800000,,,,
531,貴州,2017,3,Guizhou,10.91,51.21,80.46,69,51,20,25,52,0.8,64,30,26.86,44.38,35800000,,,,
532,貴州,2017,4,Guizhou,17.55,63.1,72.19,112,52,13,22,57,0.8,92,28,26.29,114.69,35800000,,,,
533,貴州,2017,5,Guizhou,20.11,100.22,72.55,117,53,10,21,46,0.6,97,23,22.91,147.45,35800000,,,,
534,貴州,2017,6,Guizhou,21.62,329.63,84.19,95,54,8,19,33,0.7,71,17,21.72,69.9,35800000,,,,
535,貴州,2017,7,Guizhou,24.68,134.16,76.92,64,55,8,17,39,0.6,74,17,20.15,178.44,35800000,,,,
536,貴州,2017,8,Guizhou,24.83,171.81,79.08,42,56,9,16,39,0.6,76,17,22.55,175.59,35800000,,,,
537,貴州,2017,9,Guizhou,22.62,146.86,81.5,57,57,11,16,43,0.7,72,22,25.48,109.42,35800000,,,,
538,貴州,2017,10,Guizhou,17.14,76.7,82.99,55,58,13,18,42,0.7,63,25,24.29,80.98,35800000,,,,
539,貴州,2017,11,Guizhou,12.36,11.68,77.83,80,59,19,27,71,0.9,65,41,25.5,87.15,35800000,,,,
540,貴州,2017,12,Guizhou,7.54,11.16,75.91,64,60,28,33,83,1,63,49,21.92,74.43,35800000,,,,
541,貴州,2018,1,Guizhou,5.62,37.82,81.05,47,61,20,25,59,1.1,51,37,19.4,41.79,36000000,,,,
542,貴州,2018,2,Guizhou,7.67,7.01,72.45,17,62,18,22,77,1,76,48,18.98,60.8,36000000,,,,
543,貴州,2018,3,Guizhou,14.4,74.54,75.09,26,63,13,24,64,0.8,87,37,28.97,116.06,36000000,,,,
544,貴州,2018,4,Guizhou,17.91,NA,73.73,44,64,10,20,65,0.7,101,32,28.22,129.71,36000000,,,,
545,貴州,2018,5,Guizhou,21.59,175.48,77.5,75,65,9,17,49,0.6,96,24,25.65,129.77,36000000,,,,
546,貴州,2018,6,Guizhou,22.5,192.02,82.02,55,66,9,18,36,0.6,86,18,21.79,94.35,36000000,,,,
547,貴州,2018,7,Guizhou,25.5,111.07,76.63,46,67,7,15,33,0.6,80,16,20.76,181.86,36000000,,,,
548,貴州,2018,8,Guizhou,24.21,156.45,79.78,19,68,10,17,39,0.7,92,21,19.52,172.72,36000000,,,,
549,貴州,2018,9,Guizhou,21.11,144.42,82.73,27,69,10,16,34,0.7,76,19,28.68,97.64,36000000,,,,
550,貴州,2018,10,Guizhou,15.15,62.59,84.87,40,70,15,22,45,0.7,71,25,25.73,44.34,36000000,,,,
551,貴州,2018,11,Guizhou,11.77,36.69,82.31,47,71,15,25,51,0.8,64,30,26.5,97.57,36000000,,,,
552,貴州,2018,12,Guizhou,6.68,36.14,82.66,75,72,19,24,52,1,46,33,25.89,43.81,36000000,,,,
553,貴州,2019,1,Guizhou,4.4,56.8,91,48,73,16,24,51,0.93,38,34,19.55,8.8,36230000,,,,
554,貴州,2019,2,Guizhou,5,30,90,29,74,11,15,37,0.71,50,24,22.19,35.3,36230000,,,,
555,貴州,2019,3,Guizhou,11.3,45.8,79,39,75,14,25,60,0.65,82,36,28.67,86.4,36230000,,,,
556,貴州,2019,4,Guizhou,17.3,99.7,79,75,76,7,21,52,0.62,102,29,27.83,135.2,36230000,,,,
557,貴州,2019,5,Guizhou,17.7,254,84,73,77,6,19,42,0.59,83,22,22.85,73.8,36230000,,,,
558,貴州,2019,6,Guizhou,22,249.2,83,55,78,7,19,34,0.62,81,17,21.81,84.8,36230000,,,,
559,貴州,2019,7,Guizhou,22.7,206.9,84,32,79,6,18,32,0.59,69,16,19.45,118.6,36230000,,,,
560,貴州,2019,8,Guizhou,24.3,33.7,73,18,80,7,21,46,0.6,106,23,22.94,218.6,36230000,,,,
561,貴州,2019,9,Guizhou,20.7,130.1,74,35,81,7,21,51,0.51,99,26,31.01,176.2,36230000,,,,
562,貴州,2019,10,Guizhou,16.3,117.2,84,61,82,7,20,40,0.55,69,23,27.3,102.4,36230000,,,,
563,貴州,2019,11,Guizhou,10.9,20.3,84,74,83,9,23,51,0.57,58,29,25.58,62.9,36230000,,,,
564,貴州,2019,12,Guizhou,7.2,10.4,80,76,84,19,29,68,0.76,57,41,23.34,112.3,36230000,,,,
565,貴州,2020,1,Guizhou,6.2,77.8,88,43,85,14,17,39,0.8,50,27,19.22,62.9,38580000,,,,
566,貴州,2020,2,Guizhou,8.9,39.5,84,19,86,14,11,46,0.67,70,33,19.1,63.3,38580000,,,,
567,貴州,2020,3,Guizhou,12.4,22.7,80,13,87,11,18,53,0.62,81,31,23.87,106.1,38580000,,,,
568,貴州,2020,4,Guizhou,13.4,77.7,78,16,88,9,22,52,0.64,88,28,25.28,111.2,38580000,,,,
569,貴州,2020,5,Guizhou,20.9,197.8,75,13,89,8,19,46,0.62,105,24,23.68,177.1,38580000,,,,
570,貴州,2020,6,Guizhou,22.5,208.5,83,18,90,7,18,34,0.62,71,16,28.23,108.7,38580000,,,,
571,貴州,2020,7,Guizhou,23.7,290.7,81,26,91,7,15,30,0.57,66,13,26.57,146.4,38580000,,,,
572,貴州,2020,8,Guizhou,23.8,48,75,25,92,7,16,30,0.56,75,13,23.09,190.2,38580000,,,,
573,貴州,2020,9,Guizhou,18.8,286.6,90,19,93,6,16,26,0.67,63,13,23.83,53.5,38580000,,,,
574,貴州,2020,10,Guizhou,14.2,96.1,84,24,94,8,17,41,0.62,70,21,26.59,102.5,38580000,,,,
575,貴州,2020,11,Guizhou,11.1,18,78,25,95,11,24,50,0.71,64,25,24.87,133.7,38580000,,,,
576,貴州,2020,12,Guizhou,3.3,17.1,86,34,96,16,23,51,0.8,46,34,29.64,30.9,38580000,,,,
577,湖南,2013,1,Hunan,5.79,27.95,75.31,15,1,53,77,173,2.2,22,176,4.95,72.3,66910000,,,,
578,湖南,2013,2,Hunan,7.81,52.01,83.11,13,2,23,35,81,1.6,37,88,27.97,28.68,66910000,,,,
579,湖南,2013,3,Hunan,14.46,145.7,71.71,24,3,35,50,125,1.3,74,92,31.3,110.58,66910000,,,,
580,湖南,2013,4,Hunan,17.1,169.41,74.17,36,4,33,51,103,1.2,72,68,29.66,106.4,66910000,,,,
581,湖南,2013,5,Hunan,22.43,200.46,76.49,51,5,25,40,82,1.2,97,54,27.7,126.06,66910000,,,,
582,湖南,2013,6,Hunan,26.28,154.59,76.09,43,6,21,33,64,0.8,95,38,25.06,183.29,66910000,,,,
583,湖南,2013,7,Hunan,30.11,27.17,63.2,37,7,26,28,56,0.7,101,27,23.35,308.07,66910000,,,,
584,湖南,2013,8,Hunan,29.26,118.41,66.83,18,8,24,27,58,0.8,100,34,22.37,223.41,66910000,,,,
585,湖南,2013,9,Hunan,22.92,140.27,77.91,19,9,23,34,80,1,94,59,26.2,136.9,66910000,,,,
586,湖南,2013,10,Hunan,18.83,23.81,69.69,15,10,37,49,144,1.3,115,134,27.43,145.76,66910000,,,,
587,湖南,2013,11,Hunan,13.68,102.55,75.83,40,11,31,58,100,1.3,51,94,35.12,121.11,66910000,,,,
588,湖南,2013,12,Hunan,7.4,43.89,65.49,56,12,54,65,157,1.7,20,128,26.83,127.85,66910000,,,,
589,湖南,2014,1,Hunan,8.29,24.03,65.63,41,13,50,51,204,1.8,58,155,22.03,130.51,67370000,,,,
590,湖南,2014,2,Hunan,5.85,97.28,81.66,23,14,27,28,102,1.5,43,77,25.44,39.95,67370000,,,,
591,湖南,2014,3,Hunan,12.81,130.07,81.31,48,15,33,32,111,1.2,57,65,32.06,66.18,67370000,,,,
592,湖南,2014,4,Hunan,17.92,121.82,81.03,56,16,29,32,91,1.1,78,56,29.05,72.45,67370000,,,,
593,湖南,2014,5,Hunan,21.44,217.12,80.51,121,17,31,28,106,1.2,73,59,31.5,94.17,67370000,,,,
594,湖南,2014,6,Hunan,24.97,158.6,83.6,94,18,25,24,99,1.3,87,66,22.21,69.77,67370000,,,,
595,湖南,2014,7,Hunan,27.69,187.58,79.11,49,19,21,21,72,1.1,81,43,21.64,196.79,67370000,,,,
596,湖南,2014,8,Hunan,26.07,154.63,80.83,29,20,19,20,70,1.2,77,42,22.8,146.23,67370000,,,,
597,湖南,2014,9,Hunan,24.34,65.94,79.57,24,21,20,25,75,1.2,73,46,27.7,128.78,67370000,,,,
598,湖南,2014,10,Hunan,20.35,88.92,71.74,48,22,26,36,123,1.4,88,79,33.46,170.13,67370000,,,,
599,湖南,2014,11,Hunan,13.35,117.36,79.43,84,23,29,36,95,1.3,42,61,29.89,63.34,67370000,,,,
600,湖南,2014,12,Hunan,7.45,22.41,64.46,118,24,37,44,114,1.4,43,68,30.84,121.49,67370000,,,,
601,湖南,2015,1,Hunan,7.94,31.97,75.26,169,25,44,43,146,1.7,53,97,24.65,69.55,67830000,,,,
602,湖南,2015,2,Hunan,8.99,79.16,79.4,55,26,26,31,117,1.6,64,78,19.91,67.95,67830000,,,,
603,湖南,2015,3,Hunan,12.45,91.34,84.23,79,27,23,29,84,1.3,58,52,31.51,52.57,67830000,,,,
604,湖南,2015,4,Hunan,17.81,109.31,77.06,102,28,26,27,80,1.1,92,47,28.7,118.42,67830000,,,,
605,湖南,2015,5,Hunan,22.54,203.93,83.94,135,29,23,22,85,1.1,94,54,27.25,91.74,67830000,,,,
606,湖南,2015,6,Hunan,25.94,209.95,82.49,87,30,21,16,55,0.9,83,31,22.51,128.76,67830000,,,,
607,湖南,2015,7,Hunan,25.94,172.52,81.66,55,31,20,17,59,0.9,96,35,22.73,138.68,67830000,,,,
608,湖南,2015,8,Hunan,26.6,137.15,78.77,27,32,19,18,61,0.9,107,36,20.62,189.1,67830000,,,,
609,湖南,2015,9,Hunan,23.86,113.2,81.11,19,33,19,20,77,1,111,46,28.96,106.39,67830000,,,,
610,湖南,2015,10,Hunan,19.5,97.26,76.94,57,34,24,31,97,1,111,58,34.41,154.47,67830000,,,,
611,湖南,2015,11,Hunan,12.52,158.94,89,65,35,19,27,59,1.1,43,37,28.48,35.32,67830000,,,,
612,湖南,2015,12,Hunan,7.53,105.83,83.06,127,36,22,33,97,1.1,45,64,30.75,45.81,68220000,,,,
613,湖南,2016,1,Hunan,5.54,84.83,84.11,79,37,22,33,102,1.2,49,71,20.19,NA,68220000,,,,
614,湖南,2016,2,Hunan,8.55,43.01,69.57,37,38,20,27,100,1.1,81,63,24.03,116.55,68220000,,,,
615,湖南,2016,3,Hunan,12.75,147,80.31,62,39,24,33,97,1.1,85,60,31.95,83.1,68220000,,,,
616,湖南,2016,4,Hunan,18.66,235.08,87.34,81,40,21,25,64,1,85,39,28.65,62.98,68220000,,,,
617,湖南,2016,5,Hunan,20.87,207.13,84.17,107,41,18,22,63,0.9,98,36,28.44,97.73,68220000,,,,
618,湖南,2016,6,Hunan,25.86,173.63,81.09,93,42,16,17,50,0.9,96,27,24.38,139.99,68220000,,,,
619,湖南,2016,7,Hunan,28.65,194.92,78.77,54,43,15,17,49,0.9,88,26,21.55,191.77,68220000,,,,
620,湖南,2016,8,Hunan,27.71,148.84,79.8,28,44,15,18,59,1,107,34,23.28,172.34,68220000,,,,
621,湖南,2016,9,Hunan,24.32,82.12,75.23,33,45,19,24,84,1,129,50,30.32,125.24,68220000,,,,
622,湖南,2016,10,Hunan,18.89,2.92,82.75,54,46,15,23,63,1,74,38,30.59,53.64,68220000,,,,
623,湖南,2016,11,Hunan,12.43,106.28,87.54,70,47,18,28,78,1.1,52,48,28.57,58.77,68220000,,,,
624,湖南,2016,12,Hunan,8.96,54.09,81.23,79,48,24,41,120,1.4,59,78,27.14,98.86,68220000,,,,
625,湖南,2017,1,Hunan,8,52.5,79.07,66,49,20,33,132,1.4,60,92,24.72,53.26,68600000,,,,
626,湖南,2017,2,Hunan,8.5,69.22,77.15,57,50,17,28,89,1.2,74,59,27.8,65.61,68600000,,,,
627,湖南,2017,3,Hunan,11.27,220.01,84.91,97,51,15,30,72,1,70,43,31.62,42.51,68600000,,,,
628,湖南,2017,4,Hunan,18.13,138.93,77.58,145,52,16,26,68,1,101,37,31.13,122.06,68600000,,,,
629,湖南,2017,5,Hunan,22.48,159.73,76.35,270,53,11,23,69,0.9,119,35,30.86,164.98,68600000,,,,
630,湖南,2017,6,Hunan,24,425.88,89.03,238,54,10,17,41,1,88,23,23.83,64.48,68600000,,,,
631,湖南,2017,7,Hunan,28.98,125.61,76.08,122,55,12,16,44,1,94,23,20.88,241.93,68600000,,,,
632,湖南,2017,8,Hunan,28.42,182.38,79.58,64,56,12,16,44,1,94,24,24.13,193.72,68600000,,,,
633,湖南,2017,9,Hunan,24.89,91.4,82.69,72,57,13,20,61,1,113,36,27.18,122.21,68600000,,,,
634,湖南,2017,10,Hunan,17.78,52.35,83.9,55,58,11,24,64,1,86,39,26.23,81.2,68600000,,,,
635,湖南,2017,11,Hunan,12.95,66.2,79.47,94,59,16,39,101,1.1,70,66,32.8,76.43,68600000,,,,
636,湖南,2017,12,Hunan,8.19,23.72,70.44,143,60,20,47,119,1.2,64,79,29.12,114.21,68600000,,,,
637,湖南,2018,1,Hunan,4.16,70.4,83.86,109,61,15,35,93,1.2,54,67,21.31,52.31,68990000,,,,
638,湖南,2018,2,Hunan,8.13,31.42,70,38,62,13,31,106,1.1,78,67,21.82,87.28,68990000,,,,
639,湖南,2018,3,Hunan,14.13,112.1,81.21,73,63,12,31,69,1,83,41,35.97,111.07,68990000,,,,
640,湖南,2018,4,Hunan,19.17,NA,76.53,167,64,13,26,84,1,100,38,33.14,118.95,68990000,,,,
641,湖南,2018,5,Hunan,24.03,197.8,81.27,242,65,11,18,63,0.9,102,31,27.63,131.46,68990000,,,,
642,湖南,2018,6,Hunan,25.95,94.72,79.73,180,66,11,18,46,0.9,109,25,25.06,160.89,68990000,,,,
643,湖南,2018,7,Hunan,29.1,141.12,78.06,156,67,11,16,42,0.9,97,22,23.94,225.35,68990000,,,,
644,湖南,2018,8,Hunan,28.07,163.17,79.79,69,68,10,17,45,1,112,24,21.96,200.99,68990000,,,,
645,湖南,2018,9,Hunan,24.33,117.53,79.99,81,69,11,20,54,1,110,30,30.64,136.32,68990000,,,,
646,湖南,2018,10,Hunan,17.71,105.75,76.32,130,70,12,31,68,1,112,40,31.7,138.12,68990000,,,,
647,湖南,2018,11,Hunan,12.78,141.55,84.51,236,71,11,33,65,1.1,69,43,32,101.48,68990000,,,,
648,湖南,2018,12,Hunan,6.23,87.44,86.07,296,72,10,33,88,1.2,44,62,26.46,28.39,68990000,,,,
649,湖南,2019,1,Hunan,4.3,85.1,85,146,73,6,41,60,1.21,40,98,19.55,27.3,69180000,,,,
650,湖南,2019,2,Hunan,4.5,106.8,90,65,74,5,23,51,0.98,46,53,24.85,17.9,69180000,,,,
651,湖南,2019,3,Hunan,12.6,152.2,82,147,75,7,42,64,0.9,76,48,35.47,81.6,69180000,,,,
652,湖南,2019,4,Hunan,17.6,117.8,83,239,76,7,32,50,0.84,93,38,30.36,88.9,69180000,,,,
653,湖南,2019,5,Hunan,20.8,190.2,80,317,77,7,32,63,0.74,113,36,27.79,93.4,69180000,,,,
654,湖南,2019,6,Hunan,25.3,196.8,86,220,78,6,23,37,0.74,113,23,23.55,108.2,69180000,,,,
655,湖南,2019,7,Hunan,28,139.7,81,133,79,6,18,36,0.7,116,21,21.97,194.2,69180000,,,,
656,湖南,2019,8,Hunan,29.4,57.1,72,63,80,7,22,50,0.75,145,28,23.38,245.5,69180000,,,,
657,湖南,2019,9,Hunan,25.5,3.2,63,91,81,9,31,66,0.83,166,39,32.89,244,69180000,,,,
658,湖南,2019,10,Hunan,18.7,65.9,77,196,82,8,38,62,0.86,100,44,34.86,122.5,69180000,,,,
659,湖南,2019,11,Hunan,14,37.9,70,465,83,9,44,76,0.86,87,60,33.44,138.9,69180000,,,,
660,湖南,2019,12,Hunan,8.4,65.6,74,542,84,9,51,75,1.12,50,78,25.59,121.6,69180000,,,,
661,湖南,2020,1,Hunan,5.1,166.5,86,184,85,5,28,46,1.08,49,56,14.99,55.9,66450000,,,,
662,湖南,2020,2,Hunan,10,135.3,80,24,86,5,17,37,0.86,70,41,16.08,77,66450000,,,,
663,湖南,2020,3,Hunan,13.3,168.9,83,27,87,6,26,45,0.86,75,41,27.2,69.5,66450000,,,,
664,湖南,2020,4,Hunan,17,107,68,14,88,8,37,60,0.79,126,46,25.83,162.7,66450000,,,,
665,湖南,2020,5,Hunan,22.9,194.1,79,47,89,7,28,53,0.77,121,35,37.31,121.9,66450000,,,,
666,湖南,2020,6,Hunan,26.3,183.2,86,47,90,6,19,29,0.7,87,19,25.26,88.2,66450000,,,,
667,湖南,2020,7,Hunan,27.6,160.7,84,46,91,6,19,35,0.67,102,22,27.48,119.7,66450000,,,,
668,湖南,2020,8,Hunan,29.4,68.6,70,41,92,6,18,33,0.6,117,19,25.93,290.6,66450000,,,,
669,湖南,2020,9,Hunan,22,195.5,87,38,93,6,24,35,0.7,96,27,27.95,47.6,66450000,,,,
670,湖南,2020,10,Hunan,16.8,79.3,81,53,94,7,29,56,0.77,90,48,30.54,87.5,66450000,,,,
671,湖南,2020,11,Hunan,13.5,24.9,75,73,95,8,35,61,0.85,75,49,30.36,106.1,66450000,,,,
672,湖南,2020,12,Hunan,6.1,37,71,134,96,9,45,79,1.04,46,92,34.9,65.8,66450000,,,,
673,江西,2013,1,Jiangxi,6.21,25.33,80.92,3,1,76,65,188,1.7,44,130,6.34,92.76,45220000,,,,
674,江西,2013,2,Jiangxi,9.79,85.84,87.35,3,2,34,35,102,1.3,46,75,16.01,40.86,45220000,,,,
675,江西,2013,3,Jiangxi,14.75,174.88,78.46,1,3,40,44,137,1.3,82,83,22.35,125.27,45220000,,,,
676,江西,2013,4,Jiangxi,17.51,197,78.42,4,4,44,42,122,1.3,93,70,36.04,103.4,45220000,,,,
677,江西,2013,5,Jiangxi,23.35,219.21,81.15,5,5,31,32,87,1.4,113,55,22.5,132.45,45220000,,,,
678,江西,2013,6,Jiangxi,26.34,185.82,81.42,4,6,26,26,68,1.3,103,42,25.75,151.78,45220000,,,,
679,江西,2013,7,Jiangxi,29.56,81.05,69.81,8,7,32,24,76,1.2,110,42,28.4,272.75,45220000,,,,
680,江西,2013,8,Jiangxi,29.7,108.43,69.81,7,8,33,25,84,1,100,40,23.82,229.98,45220000,,,,
681,江西,2013,9,Jiangxi,24.92,47.78,74.65,10,9,32,33,85,1.1,97,46,27.59,162.87,45220000,,,,
682,江西,2013,10,Jiangxi,19.81,23.87,66.15,10,10,45,45,132,1.1,102,79,23.16,185.64,45220000,,,,
683,江西,2013,11,Jiangxi,14.29,92.37,74,10,11,46,54,138,1.3,64,77,28.51,157.18,45220000,,,,
684,江西,2013,12,Jiangxi,7,83.04,66.92,28,12,58,60,161,1.4,40,120,29.84,167.38,45220000,,,,
685,江西,2014,1,Jiangxi,7.97,18.47,67.08,15,13,46,47,149,1.3,38,98,17.48,162.18,45420000,,,,
686,江西,2014,2,Jiangxi,7.62,121.1,81.73,6,14,21,25,55,0.9,34,37,20.09,64.76,45420000,,,,
687,江西,2014,3,Jiangxi,13.29,208.71,82.62,7,15,26,31,77,0.9,50,40,29.22,86.64,45420000,,,,
688,江西,2014,4,Jiangxi,19.32,137.64,80.46,13,16,21,32,69,1,61,36,26.43,105.23,45420000,,,,
689,江西,2014,5,Jiangxi,22.35,281.09,81.42,7,17,26,30,103,0.9,70,51,19.64,108.19,45420000,,,,
690,江西,2014,6,Jiangxi,25.94,200.81,81.77,7,18,25,25,83,1.1,106,50,29.53,117.86,45420000,,,,
691,江西,2014,7,Jiangxi,28.41,160.05,79.65,16,19,23,23,65,0.9,86,34,26.39,210.82,45420000,,,,
692,江西,2014,8,Jiangxi,26.95,162.56,83.08,7,20,20,23,67,0.8,90,32,20.77,163.69,45420000,,,,
693,江西,2014,9,Jiangxi,26.17,60.07,79.5,7,21,25,26,81,0.8,98,43,18.87,169.58,45420000,,,,
694,江西,2014,10,Jiangxi,20.98,25.52,69.58,1,22,36,36,114,0.9,113,65,18.04,217.19,45420000,,,,
695,江西,2014,11,Jiangxi,14.7,89.2,79.19,10,23,39,37,92,1,52,53,44.43,88.24,45420000,,,,
696,江西,2014,12,Jiangxi,7.17,23.47,64.12,12,24,52,41,65,0.9,46,42,23.15,159.56,45420000,,,,
697,江西,2015,1,Jiangxi,8.19,43.72,73.38,11,25,48,43,104,1.3,52,68,21.33,112.32,45660000,,,,
698,江西,2015,2,Jiangxi,9.66,116.16,78.27,3,26,24,28,82,1.2,60,56,17.3,82.99,45660000,,,,
699,江西,2015,3,Jiangxi,12.97,179.14,83.92,4,27,25,25,57,1,56,35,31.75,69.32,45660000,,,,
700,江西,2015,4,Jiangxi,18.47,134.29,75.35,8,28,32,25,73,1,87,43,26.71,131.33,45660000,,,,
701,江西,2015,5,Jiangxi,23.17,260.73,84.27,5,29,28,19,74,1,93,47,22.48,88.26,45660000,,,,
702,江西,2015,6,Jiangxi,26.62,192.34,82.04,6,30,25,15,50,0.9,75,30,25.36,143.42,45660000,,,,
703,江西,2015,7,Jiangxi,26.62,198.31,81.19,4,31,21,14,53,0.9,80,32,23.72,142.82,45660000,,,,
704,江西,2015,8,Jiangxi,27.09,172.3,79.08,5,32,25,15,60,0.8,92,36,23.71,178.62,45660000,,,,
705,江西,2015,9,Jiangxi,24.04,131.78,81.04,2,33,27,18,61,0.8,95,39,21.18,134.73,45660000,,,,
706,江西,2015,10,Jiangxi,20.28,103.17,76.92,5,34,33,26,80,0.9,94,50,34.9,161.93,45660000,,,,
707,江西,2015,11,Jiangxi,14.35,205.26,88.19,7,35,25,27,54,1.1,38,36,23.22,51.31,45660000,,,,
708,江西,2015,12,Jiangxi,8.56,155.29,82.5,6,36,27,32,81,1.1,39,54,32.54,57,45660000,,,,
709,江西,2016,1,Jiangxi,6.63,149.55,84.35,4,37,24,32,82,1.1,43,54,3.45,NA,45920000,,,,
710,江西,2016,2,Jiangxi,8.54,71.87,72.38,0,38,22,23,93,1,82,59,0.24,128.28,45920000,,,,
711,江西,2016,3,Jiangxi,12.84,141.86,77.27,6,39,31,33,90,1,89,57,118.42,88.29,45920000,,,,
712,江西,2016,4,Jiangxi,19.41,267.65,86.38,7,40,25,23,59,1,86,37,13.52,57.32,45920000,,,,
713,江西,2016,5,Jiangxi,22.31,237.85,83.46,6,41,24,20,61,1,94,37,26.24,106.11,45920000,,,,
714,江西,2016,6,Jiangxi,26.55,287.59,81.12,4,42,23,15,51,1,98,30,24.03,154.52,45920000,,,,
715,江西,2016,7,Jiangxi,29.05,193.85,76.96,5,43,21,15,51,1,88,29,22.5,196.59,45920000,,,,
716,江西,2016,8,Jiangxi,28.79,97.12,75.15,2,44,19,15,56,1,102,32,26.94,202.37,45920000,,,,
717,江西,2016,9,Jiangxi,24.71,161.43,77.35,2,45,25,20,72,1.1,110,43,5.34,123.18,45920000,,,,
718,江西,2016,10,Jiangxi,21.12,2.77,85.19,0,46,20,21,62,1,66,38,0.53,48.72,45920000,,,,
719,江西,2016,11,Jiangxi,13.92,140.43,87.08,5,47,24,31,77,1,49,48,113.22,70.78,45920000,,,,
720,江西,2016,12,Jiangxi,10.02,38.61,78.81,5,48,32,41,116,1.2,63,76,14.38,128.33,45920000,,,,
721,江西,2017,1,Jiangxi,8.98,51.04,78.64,7,49,25,33,112,1.2,65,79,28.88,89.55,46220000,,,,
722,江西,2017,2,Jiangxi,9.42,51.16,73.75,4,50,22,29,92,1.1,84,63,23.65,92.98,46220000,,,,
723,江西,2017,3,Jiangxi,11.78,290.86,83.69,11,51,21,31,71,1,74,45,33.2,56.67,46220000,,,,
724,江西,2017,4,Jiangxi,18.65,159.23,75.99,11,52,26,27,77,0.9,109,43,25.2,145.74,46220000,,,,
725,江西,2017,5,Jiangxi,23.12,142.01,74.98,15,53,25,24,78,0.9,129,46,26.88,171.31,46220000,,,,
726,江西,2017,6,Jiangxi,24.18,468.6,89.21,8,54,18,18,45,0.9,80,28,18.6,59.99,46220000,,,,
727,江西,2017,7,Jiangxi,29.17,157.38,74.88,3,55,18,17,53,0.8,87,28,20.36,235.46,46220000,,,,
728,江西,2017,8,Jiangxi,28.59,215.29,79.89,4,56,18,16,48,0.8,90,26,32.71,217.48,46220000,,,,
729,江西,2017,9,Jiangxi,26.09,75.08,79.91,1,57,20,19,62,0.9,107,37,3.01,166.24,46220000,,,,
730,江西,2017,10,Jiangxi,19.43,68.95,79.09,0,58,21,24,66,0.9,94,41,0.91,136.75,46220000,,,,
731,江西,2017,11,Jiangxi,13.86,107.27,80.67,7,59,27,37,92,1.1,67,61,113.81,79.41,46220000,,,,
732,江西,2017,12,Jiangxi,8.02,32.18,71.81,8,60,31,42,106,1.1,63,70,17.08,135.32,46220000,,,,
733,江西,2018,1,Jiangxi,5.68,95.32,81.12,23,61,24,37,88,1.2,47,60,31.79,70.85,46480000,,,,
734,江西,2018,2,Jiangxi,7.96,44.37,71.4,6,62,16,27,87,1,76,57,15.86,116.02,46480000,,,,
735,江西,2018,3,Jiangxi,14.48,137.64,79.1,6,63,20,31,71,1,83,42,27.23,134.26,46480000,,,,
736,江西,2018,4,Jiangxi,19.3,NA,76.36,6,64,20,26,84,0.9,102,42,29.37,113.88,46480000,,,,
737,江西,2018,5,Jiangxi,24.76,204.37,79.92,16,65,17,18,58,0.9,108,32,28.87,141.29,46480000,,,,
738,江西,2018,6,Jiangxi,25.64,242.04,81.28,6,66,13,16,47,0.8,106,27,18.89,143.07,46480000,,,,
739,江西,2018,7,Jiangxi,28.99,168.48,76.99,6,67,15,15,46,0.8,94,23,26.04,237.4,46480000,,,,
740,江西,2018,8,Jiangxi,28.17,165.36,79.12,3,68,14,14,47,0.8,113,24,19.04,208.59,46480000,,,,
741,江西,2018,9,Jiangxi,25.49,98.58,76.67,2,69,17,17,56,0.9,119,29,28.82,168.47,46480000,,,,
742,江西,2018,10,Jiangxi,18.15,85.63,73.19,8,70,20,28,71,0.9,117,39,35.87,164.01,46480000,,,,
743,江西,2018,11,Jiangxi,13.83,136.83,85.21,8,71,18,32,63,1,62,38,23.52,98.51,46480000,,,,
744,江西,2018,12,Jiangxi,7.7,108.34,87.43,8,72,15,32,63,1.1,39,42,28.59,35.53,46480000,,,,
745,江西,2019,1,Jiangxi,6.2,112.4,80,11,73,8,41,94,1.32,48,56,24.43,62.7,46660000,,,,
746,江西,2019,2,Jiangxi,6,197.1,88,4,74,4,24,48,0.93,44,33,19.92,8.2,46660000,,,,
747,江西,2019,3,Jiangxi,13.3,247.9,81,6,75,8,38,71,0.83,81,34,32.75,85.9,46660000,,,,
748,江西,2019,4,Jiangxi,18.9,224.5,83,12,76,10,33,58,0.87,86,27,30.38,110.7,46660000,,,,
749,江西,2019,5,Jiangxi,23.1,95.3,71,15,77,9,32,81,0.71,119,32,27.09,104.5,46660000,,,,
750,江西,2019,6,Jiangxi,26.7,329.9,79,14,78,8,25,46,0.6,106,22,23.85,120.8,46660000,,,,
751,江西,2019,7,Jiangxi,28.8,257.8,79,7,79,8,23,39,0.51,103,19,20.18,158.9,46660000,,,,
752,江西,2019,8,Jiangxi,31.6,45,63,4,80,7,21,50,0.55,129,24,23.66,254.1,46660000,,,,
753,江西,2019,9,Jiangxi,27.4,18.6,57,5,81,8,25,64,0.69,142,30,29.87,267.1,46660000,,,,
754,江西,2019,10,Jiangxi,21.6,5.7,66,9,82,10,36,88,0.76,107,42,31.14,159.1,46660000,,,,
755,江西,2019,11,Jiangxi,15.6,16.2,61,17,83,12,46,100,0.72,93,44,32.8,163.6,46660000,,,,
756,江西,2019,12,Jiangxi,9.7,63,70,38,84,11,55,94,0.95,54,60,30.53,134.5,46660000,,,,
757,江西,2020,1,Jiangxi,7.3,215.5,81,22,85,6,32,58,0.88,53,46,17.34,62.2,45190000,,,,
758,江西,2020,2,Jiangxi,11.1,104.5,76,4,86,6,18,43,0.6,75,32,16.38,114.8,45190000,,,,
759,江西,2020,3,Jiangxi,14.2,201.8,81,4,87,8,30,58,0.61,77,32,28.37,75,45190000,,,,
760,江西,2020,4,Jiangxi,17.8,98.3,67,4,88,13,44,82,0.55,129,42,25.76,173.1,45190000,,,,
761,江西,2020,5,Jiangxi,24.9,261,76,4,89,10,27,55,0.55,124,27,26.29,120.4,45190000,,,,
762,江西,2020,6,Jiangxi,27.6,283.4,84,4,90,11,19,29,0.44,86,14,26.88,82,45190000,,,,
763,江西,2020,7,Jiangxi,28.8,664.5,83,4,91,9,21,36,0.46,105,19,24.18,137.3,45190000,,,,
764,江西,2020,8,Jiangxi,30.7,35,71,3,92,9,20,40,0.38,106,18,29.25,232.5,45190000,,,,
765,江西,2020,9,Jiangxi,23.7,161.6,82,7,93,7,26,44,0.6,105,24,24.64,65.8,45190000,,,,
766,江西,2020,10,Jiangxi,19.6,40.2,73,1,94,8,28,67,0.69,104,34,15.85,112.3,45190000,,,,
767,江西,2020,11,Jiangxi,15.8,55.7,68,5,95,8,36,76,0.72,79,38,50.29,127.6,45190000,,,,
768,江西,2020,12,Jiangxi,7.7,19.2,64,11,96,10,47,107,0.88,54,70,16.87,93.5,45190000,,,,
769,浙江,2013,1,Zhejiang,5.54,29.33,75.04,144,1,40,65,134,1.5,35,104,6,107.37,54980000,,,,
770,浙江,2013,2,Zhejiang,8.06,90.55,81.08,47,2,16,33,76,1,64,57,35.07,47.62,54980000,,,,
771,浙江,2013,3,Zhejiang,12.11,120.04,72,88,3,29,48,100,0.8,86,61,49.18,149.74,54980000,,,,
772,浙江,2013,4,Zhejiang,16.04,121.15,66.58,132,4,28,46,99,0.8,114,60,44.25,154.56,54980000,,,,
773,浙江,2013,5,Zhejiang,22.05,120.07,76.54,176,5,22,34,74,0.7,112,46,42.91,143.13,54980000,,,,
774,浙江,2013,6,Zhejiang,24.76,241.51,81.79,158,6,21,31,62,0.7,102,37,35.76,98.52,54980000,,,,
775,浙江,2013,7,Zhejiang,30.18,30.83,66.17,76,7,17,24,52,0.6,114,27,31.16,299.64,54980000,,,,
776,浙江,2013,8,Zhejiang,29.95,141.99,68.62,46,8,16,25,51,0.7,107,28,36.42,245.83,54980000,,,,
777,浙江,2013,9,Zhejiang,25.23,48.88,70.92,42,9,18,31,63,0.7,108,38,38.45,193.78,54980000,,,,
778,浙江,2013,10,Zhejiang,19.92,152.43,69.17,41,10,22,38,81,0.8,101,49,44.9,178.28,54980000,,,,
779,浙江,2013,11,Zhejiang,14.08,47.41,68.54,116,11,31,55,122,1.1,66,75,52.42,149.49,54980000,,,,
780,浙江,2013,12,Zhejiang,7.13,92.88,65.29,151,12,49,69,173,1.6,54,126,40.64,146.66,54980000,,,,
781,浙江,2014,1,Zhejiang,7.45,20.7,69.58,116,13,33,55,127,1.2,59,93,32.19,171.86,55080000,,,,
782,浙江,2014,2,Zhejiang,7.15,129.71,81.62,47,14,19,37,69,1,64,54,35.73,68.72,55080000,,,,
783,浙江,2014,3,Zhejiang,12.18,121.13,75.29,128,15,24,44,83,0.9,92,55,53.62,136.56,55080000,,,,
784,浙江,2014,4,Zhejiang,16.64,101.5,78.46,183,16,21,42,78,0.9,101,50,43.86,117.31,55080000,,,,
785,浙江,2014,5,Zhejiang,21.18,172.97,77.25,302,17,19,37,88,0.9,126,53,43.47,117.96,55080000,,,,
786,浙江,2014,6,Zhejiang,24.18,218.72,82.54,210,18,15,29,62,0.8,123,42,33.87,107.03,55080000,,,,
787,浙江,2014,7,Zhejiang,28.18,161.7,81.46,129,19,12,25,55,0.7,110,34,33.32,198.22,55080000,,,,
788,浙江,2014,8,Zhejiang,26.98,203.57,85.08,65,20,15,29,53,0.8,108,36,32.6,123.61,55080000,,,,
789,浙江,2014,9,Zhejiang,25.15,180.95,83.58,54,21,16,28,56,0.8,112,38,40.97,118.38,55080000,,,,
790,浙江,2014,10,Zhejiang,20.44,19.6,70.92,96,22,21,38,80,0.8,124,49,50.47,206.96,55080000,,,,
791,浙江,2014,11,Zhejiang,15.23,61.62,77.33,227,23,24,48,87,1,77,58,47.93,110.84,55080000,,,,
792,浙江,2014,12,Zhejiang,6.99,21.23,62.46,296,24,37,58,110,1,57,66,43.72,159.63,55080000,,,,
793,浙江,2015,1,Zhejiang,7.37,57.77,70.21,416,25,29,56,124,1.2,59,82,39.2,123.52,55390000,,,,
794,浙江,2015,2,Zhejiang,8.16,102.69,75.88,198,26,13,34,84,0.9,74,57,31.96,98.45,55390000,,,,
795,浙江,2015,3,Zhejiang,11.75,120.83,78.12,230,27,15,39,70,0.9,83,45,45.83,111.88,55390000,,,,
796,浙江,2015,4,Zhejiang,16.99,99,73.12,437,28,19,41,78,0.8,111,48,47.89,147.81,55390000,,,,
797,浙江,2015,5,Zhejiang,21.27,158.66,79.5,651,29,15,32,70,0.8,123,45,41.48,112.87,55390000,,,,
798,浙江,2015,6,Zhejiang,24.97,163.91,85.5,439,30,12,28,58,0.7,107,36,32.01,96.28,55390000,,,,
799,浙江,2015,7,Zhejiang,26.34,214.51,84.17,180,31,12,23,47,0.6,107,29,29.65,153.37,55390000,,,,
800,浙江,2015,8,Zhejiang,27.3,198.41,81.46,104,32,12,24,53,0.7,116,33,35.62,178.37,55390000,,,,
801,浙江,2015,9,Zhejiang,23.78,139.29,81.46,114,33,15,31,59,0.8,127,38,43.46,122.56,55390000,,,,
802,浙江,2015,10,Zhejiang,20.03,74.31,78.04,182,34,17,38,77,0.8,113,45,44.74,140.52,55390000,,,,
803,浙江,2015,11,Zhejiang,15.13,181.75,86.71,227,35,16,44,64,1.1,52,42,42.05,53.05,55390000,,,,
804,浙江,2015,12,Zhejiang,9.18,137.12,79.29,312,36,20,51,103,1.1,51,68,44.2,77.51,55390000,,,,
805,浙江,2016,1,Zhejiang,6.26,127.49,80.79,306,37,16,47,91,1.1,56,60,32.83,NA,55900000,,,,
806,浙江,2016,2,Zhejiang,7.95,51.22,70.12,102,38,12,30,83,0.8,87,53,31.8,140.06,55900000,,,,
807,浙江,2016,3,Zhejiang,11.84,68.71,73.46,226,39,16,43,93,0.8,98,56,53.08,130.39,55900000,,,,
808,浙江,2016,4,Zhejiang,17.09,206.41,85.62,392,40,12,38,67,0.8,103,40,43.66,82.67,55900000,,,,
809,浙江,2016,5,Zhejiang,21.45,209.59,83.38,450,41,11,31,65,0.8,115,39,39.05,114.44,55900000,,,,
810,浙江,2016,6,Zhejiang,24.98,258.09,87.83,294,42,10,25,49,0.7,107,29,32.18,104.09,55900000,,,,
811,浙江,2016,7,Zhejiang,29.55,76.86,79.96,128,43,10,21,45,0.7,108,26,29.83,216.5,55900000,,,,
812,浙江,2016,8,Zhejiang,29.31,96.13,75.46,70,44,9,18,40,0.6,117,23,34.5,241.39,55900000,,,,
813,浙江,2016,9,Zhejiang,24.78,264.11,81.62,68,45,13,23,47,0.7,106,30,40.97,88.94,55900000,,,,
814,浙江,2016,10,Zhejiang,21.71,4.77,84.29,91,46,45,31,49,0.8,70,28,43.8,50.22,55900000,,,,
815,浙江,2016,11,Zhejiang,14.6,80.58,82.79,140,47,14,42,71,0.9,57,44,45.12,75.28,55900000,,,,
816,浙江,2016,12,Zhejiang,10.55,39.64,77.83,206,48,16,49,91,1,57,58,42.37,109.33,55900000,,,,
817,浙江,2017,1,Zhejiang,8.95,48.51,76.47,158,49,12,37,73,0.9,64,50,31.8,101.71,56570000,,,,
818,浙江,2017,2,Zhejiang,8.47,24.61,69.48,73,50,12,36,74,0.8,87,53,35.8,115.79,56570000,,,,
819,浙江,2017,3,Zhejiang,11.25,165.74,77.04,169,51,13,40,69,0.7,97,44,51.01,99.35,56570000,,,,
820,浙江,2017,4,Zhejiang,17.54,140.95,74.19,248,52,13,38,72,0.8,129,41,42.8,171.71,56570000,,,,
821,浙江,2017,5,Zhejiang,22.06,84.53,76.84,364,53,11,29,59,0.7,137,33,42.83,183.58,56570000,,,,
822,浙江,2017,6,Zhejiang,23.49,340.93,88.32,317,54,8,27,43,0.7,106,27,34.68,62.2,56570000,,,,
823,浙江,2017,7,Zhejiang,29.89,73.76,75.38,167,55,9,22,44,0.6,122,25,31.72,270.73,56570000,,,,
824,浙江,2017,8,Zhejiang,29.51,95.9,78.19,103,56,8,21,40,0.7,119,24,34.33,238.46,56570000,,,,
825,浙江,2017,9,Zhejiang,25.89,119.91,79.44,85,57,8,26,45,0.7,115,26,39.57,147.97,56570000,,,,
826,浙江,2017,10,Zhejiang,20.49,129.05,75.28,128,58,10,29,51,0.7,100,29,44.84,147.89,56570000,,,,
827,浙江,2017,11,Zhejiang,14.65,126.68,78.25,186,59,12,45,72,0.9,68,43,44.05,86.76,56570000,,,,
828,浙江,2017,12,Zhejiang,8.56,30.88,69.04,289,60,15,54,102,1,59,66,43.43,130.27,56570000,,,,
829,浙江,2018,1,Zhejiang,6.36,100.16,78.23,213,61,12,45,77,1,54,54,29.01,81.21,57370000,,,,
830,浙江,2018,2,Zhejiang,6.87,42.51,72.41,51,62,10,31,73,0.9,82,49,27.28,122.34,57370000,,,,
831,浙江,2018,3,Zhejiang,13.17,80.06,78.64,83,63,9,37,59,0.8,94,37,51.76,142.93,57370000,,,,
832,浙江,2018,4,Zhejiang,18.33,NA,74.21,224,64,11,36,80,0.8,124,39,50.15,147.27,57370000,,,,
833,浙江,2018,5,Zhejiang,23.02,160.61,80.34,367,65,8,27,56,0.8,128,32,41.4,137.32,57370000,,,,
834,浙江,2018,6,Zhejiang,24.85,170.97,82.08,275,66,8,24,43,0.7,125,26,33.46,140.44,57370000,,,,
835,浙江,2018,7,Zhejiang,28.67,159.82,80.27,153,67,7,18,36,0.6,99,21,32.42,228.59,57370000,,,,
836,浙江,2018,8,Zhejiang,28.94,243.97,79.44,97,68,6,17,34,0.6,105,19,34.15,228.98,57370000,,,,
837,浙江,2018,9,Zhejiang,25.72,165.54,78.57,80,69,8,25,44,0.7,119,24,39.69,167.45,57370000,,,,
838,浙江,2018,10,Zhejiang,18.86,47.56,70.42,139,70,10,37,58,0.7,116,32,47.62,170.97,57370000,,,,
839,浙江,2018,11,Zhejiang,15.44,91.92,81.95,259,71,8,43,56,0.8,67,33,45.49,89.67,57370000,,,,
840,浙江,2018,12,Zhejiang,9.57,104.36,82.18,378,72,9,46,65,0.9,43,39,42.84,44.21,57370000,,,,
841,浙江,2019,1,Zhejiang,5.9,96.1,78,319,73,9,51,94,1.12,41,66,30.08,71.4,58500000,,,,
842,浙江,2019,2,Zhejiang,6.1,233.7,86,82,74,8,32,63,0.94,58,46,28.79,24.3,58500000,,,,
843,浙江,2019,3,Zhejiang,12.4,113.2,74,158,75,9,45,76,0.81,89,44,49.46,127.1,58500000,,,,
844,浙江,2019,4,Zhejiang,18.1,77.8,75,208,76,7,45,69,0.75,99,38,40.86,125,58500000,,,,
845,浙江,2019,5,Zhejiang,22.1,116.8,63,281,77,7,40,67,0.67,144,34,41.85,174.7,58500000,,,,
846,浙江,2019,6,Zhejiang,25,204,78,251,78,5,32,49,0.68,136,29,34.83,118.5,58500000,,,,
847,浙江,2019,7,Zhejiang,28.2,207.9,78,137,79,4,27,40,0.6,125,22,31.55,162.5,58500000,,,,
848,浙江,2019,8,Zhejiang,29.4,346.5,73,92,80,5,25,42,0.63,130,23,36.48,228.5,58500000,,,,
849,浙江,2019,9,Zhejiang,25.1,105.4,71,105,81,6,37,51,0.7,148,28,41.05,189.7,58500000,,,,
850,浙江,2019,10,Zhejiang,20.1,27.9,72,146,82,7,48,74,0.76,102,37,46.11,151.1,58500000,,,,
851,浙江,2019,11,Zhejiang,14.5,26.1,69,372,83,7,55,85,0.78,71,39,48.96,149.2,58500000,,,,
852,浙江,2019,12,Zhejiang,9.1,94.9,75,488,84,7,57,86,0.9,43,50,39.53,135.9,58500000,,,,
853,浙江,2020,1,Zhejiang,7.3,227.6,81,228,85,6,36,64,0.95,50,44,21.12,73.9,64680000,,,,
854,浙江,2020,2,Zhejiang,9.9,82.4,73,15,86,5,18,44,0.63,81,28,16.89,108.5,64680000,,,,
855,浙江,2020,3,Zhejiang,13.1,154.3,72,24,87,5,40,51,0.68,79,27,49,109.2,64680000,,,,
856,浙江,2020,4,Zhejiang,16.4,45.9,60,24,88,7,47,72,0.66,123,34,35.78,197.5,64680000,,,,
857,浙江,2020,5,Zhejiang,23.5,152.3,72,24,89,5,37,57,0.69,128,30,41.31,155.1,64680000,,,,
858,浙江,2020,6,Zhejiang,26.1,384.4,85,34,90,4,31,34,0.65,91,19,40.59,104.1,64680000,,,,
859,浙江,2020,7,Zhejiang,26.9,236.6,85,31,91,4,31,35,0.67,86,20,39.74,102.7,64680000,,,,
860,浙江,2020,8,Zhejiang,31,66.1,64,52,92,5,24,38,0.55,123,19,43.08,258,64680000,,,,
861,浙江,2020,9,Zhejiang,23.9,222.3,74,43,93,5,40,48,0.69,120,26,35.48,122.9,64680000,,,,
862,浙江,2020,10,Zhejiang,19.2,39.9,70,49,94,6,44,52,0.64,104,24,43.49,134,64680000,,,,
863,浙江,2020,11,Zhejiang,15,32.4,73,99,95,7,49,64,0.8,66,30,47.51,131.9,64680000,,,,
864,浙江,2020,12,Zhejiang,6.8,21.2,69,134,96,8,61,103,0.97,38,58,37.2,110,64680000,,,,
865,重慶,2013,1,Chongqing,6.85,9.15,76.33,22,1,43,50,185,1.2,22,60,6.11,60.88,29700000,,,,
866,重慶,2013,2,Chongqing,10.38,15.25,76.5,13,2,27,29,123,1,51,89,36.34,39.48,29700000,,,,
867,重慶,2013,3,Chongqing,16.13,38.09,66.83,28,3,42,31,150,1,66,86,45.19,124.86,29700000,,,,
868,重慶,2013,4,Chongqing,18.66,102.51,68.92,51,4,35,27,84,0.9,79,54,42.61,130.02,29700000,,,,
869,重慶,2013,5,Chongqing,21.82,178.06,76.58,80,5,24,43,68,0.8,82,45,37.33,114.96,29700000,,,,
870,重慶,2013,6,Chongqing,26.81,161.68,69.75,45,6,23,40,74,0.8,132,44,27.64,190.54,29700000,,,,
871,重慶,2013,7,Chongqing,30.1,110.44,64.92,21,7,24,36,62,0.7,139,36,29.02,193.5,29700000,,,,
872,重慶,2013,8,Chongqing,29.03,89.04,65.58,12,8,29,40,71,0.9,155,43,28.6,205.8,29700000,,,,
873,重慶,2013,9,Chongqing,22.39,179.01,78.75,6,9,20,46,79,1.1,86,53,32.81,109.15,29700000,,,,
874,重慶,2013,10,Chongqing,18.6,75.16,77.75,14,10,32,45,118,1.4,62,83,50.34,122.8,29700000,,,,
875,重慶,2013,11,Chongqing,13.73,60.82,84.5,32,11,30,31,90,1.3,18,53,38.71,46.2,29700000,,,,
876,重慶,2013,12,Chongqing,8.04,17.79,80.58,17,12,49,38,141,1.3,17,102,28.12,59.24,29700000,,,,
877,重慶,2014,1,Chongqing,7.5,7.62,79.5,12,13,47,48,188,1.6,23,135,33.83,62.62,29910000,,,,
878,重慶,2014,2,Chongqing,7.81,15.64,75.75,12,14,35,34,120,1.4,33,87,37.58,17.8,29910000,,,,
879,重慶,2014,3,Chongqing,13.5,102.25,75.67,19,15,39,40,91,1.2,60,57,42.69,60.5,29910000,,,,
880,重慶,2014,4,Chongqing,18.53,98.46,80.42,30,16,26,36,71,1.1,67,43,37.69,47.98,29910000,,,,
881,重慶,2014,5,Chongqing,20.09,132.66,81.25,31,17,21,37,87,1.1,78,49,41.46,52.52,29910000,,,,
882,重慶,2014,6,Chongqing,23.46,199.63,85.75,72,18,13,35,60,1.1,78,37,36.14,39.96,29910000,,,,
883,重慶,2014,7,Chongqing,28.14,104.04,72.83,16,19,17,31,62,0.9,136,32,22.49,202.52,29910000,,,,
884,重慶,2014,8,Chongqing,26.37,204.2,76.75,20,20,16,32,60,0.9,116,33,41.64,133.04,29910000,,,,
885,重慶,2014,9,Chongqing,23.89,180.22,82.58,24,21,14,33,69,1.1,77,40,38.35,85.02,29910000,,,,
886,重慶,2014,10,Chongqing,19.18,113.46,81.33,42,22,18,45,108,1.1,62,72,42.67,114.26,29910000,,,,
887,重慶,2014,11,Chongqing,13.11,69.9,85.33,59,23,17,43,127,1.1,16,89,37.98,26.22,29910000,,,,
888,重慶,2014,12,Chongqing,8.13,14.27,78.42,64,24,24,43,123,1.4,17,98,37.1,53.02,29910000,,,,
889,重慶,2015,1,Chongqing,8.59,23.83,78.42,58,25,27,53,176,1.5,21,127,30.41,33.16,30170000,,,,
890,重慶,2015,2,Chongqing,9.94,18.76,75.58,25,26,18,46,118,1.2,44,85,32.04,31.88,30170000,,,,
891,重慶,2015,3,Chongqing,14.7,31.95,70.42,67,27,18,48,88,1.1,71,53,49.2,76.52,30170000,,,,
892,重慶,2015,4,Chongqing,19.21,85.7,70.33,110,28,16,49,82,1,106,47,39.03,134.38,30170000,,,,
893,重慶,2015,5,Chongqing,21.71,151.62,77,145,29,13,45,75,0.9,90,41,38.89,90.28,30170000,,,,
894,重慶,2015,6,Chongqing,24.59,209.66,82.08,146,30,9,37,61,1,72,36,32.65,62.5,30170000,,,,
895,重慶,2015,7,Chongqing,26.69,178.25,73.75,50,31,13,40,80,1,100,47,21.52,181.44,30170000,,,,
896,重慶,2015,8,Chongqing,26.41,150.37,75.17,13,32,11,38,69,1,102,42,28.53,166.16,30170000,,,,
897,重慶,2015,9,Chongqing,22.88,199.21,81.25,31,33,11,40,53,1.1,68,34,47.85,65.48,30170000,,,,
898,重慶,2015,10,Chongqing,19.36,74.42,79.5,45,34,15,48,77,1.1,59,48,38.12,101.92,30170000,,,,
899,重慶,2015,11,Chongqing,14.67,27.27,82.92,60,35,17,40,69,1.3,20,46,38.96,29.02,30170000,,,,
900,重慶,2015,12,Chongqing,8.61,33.98,81.92,66,36,22,48,88,1.2,19,65,35.59,37.06,30170000,,,,
901,重慶,2016,1,Chongqing,6.73,40.36,81.67,43,37,19,49,91,1.3,24,70,27.69,NA,30480000,,,,
902,重慶,2016,2,Chongqing,8.65,25.63,74.33,18,38,15,47,90,1,57,70,32.32,70.2,30480000,,,,
903,重慶,2016,3,Chongqing,14.08,84.82,72.75,41,39,18,55,85,1,77,57,44.18,62.16,30480000,,,,
904,重慶,2016,4,Chongqing,18.4,128.93,81.67,42,40,11,50,66,0.8,69,44,37.3,64.6,30480000,,,,
905,重慶,2016,5,Chongqing,21.63,143.51,76.17,88,41,10,43,77,0.8,107,48,43.68,90.6,30480000,,,,
906,重慶,2016,6,Chongqing,24.94,321.2,79.67,87,42,8,38,63,0.8,114,42,32.5,114.4,30480000,,,,
907,重慶,2016,7,Chongqing,28.69,132.88,72.83,39,43,10,35,57,0.7,111,33,23.85,188.8,30480000,,,,
908,重慶,2016,8,Chongqing,28.53,98.13,70.5,11,44,11,35,63,0.8,108,41,29.12,178.8,30480000,,,,
909,重慶,2016,9,Chongqing,23.07,91.03,79.25,25,45,10,49,93,1,74,69,44.6,77.68,30480000,,,,
910,重慶,2016,10,Chongqing,19.09,2.97,82.95,23,46,11,43,62,1,50,39,34.98,56.2,30480000,,,,
911,重慶,2016,11,Chongqing,12.88,87.28,85,35,47,15,51,82,1.1,23,53,39.76,28,30480000,,,,
912,重慶,2016,12,Chongqing,9.58,16.7,83.25,32,48,14,56,105,1.2,24,74,34.82,52.4,30480000,,,,
913,重慶,2017,1,Chongqing,8.9,11.62,76.06,27,49,17,53,121,1.3,29,88,29.35,25.64,30750000,,,,
914,重慶,2017,2,Chongqing,8.94,39.26,78.62,10,50,13,50,89,1.2,40,63,31.67,45.42,30750000,,,,
915,重慶,2017,3,Chongqing,12.15,79.34,75.62,34,51,15,54,75,1,49,45,51.08,46.94,30750000,,,,
916,重慶,2017,4,Chongqing,18.01,133.8,75.42,53,52,13,48,64,0.9,82,35,39.54,112.26,30750000,,,,
917,重慶,2017,5,Chongqing,21.32,159.9,75.19,100,53,12,47,65,0.9,110,36,42.91,139.06,30750000,,,,
918,重慶,2017,6,Chongqing,23.94,198,80.46,104,54,10,44,59,0.9,107,34,31.29,84.9,30750000,,,,
919,重慶,2017,7,Chongqing,28.87,152.94,70.53,37,55,11,36,52,0.8,142,26,24.88,217.5,30750000,,,,
920,重慶,2017,8,Chongqing,28.96,153.7,70.46,20,56,10,33,45,0.8,135,22,32.18,191.06,30750000,,,,
921,重慶,2017,9,Chongqing,23.46,252.4,82.9,23,57,9,38,43,0.9,70,23,39.8,61.62,30750000,,,,
922,重慶,2017,10,Chongqing,17.94,164.3,84.44,39,58,9,39,43,0.9,40,26,41.87,46.02,30750000,,,,
923,重慶,2017,11,Chongqing,13.56,28.22,78.1,55,59,13,54,88,1,39,55,37.9,68.52,30750000,,,,
924,重慶,2017,12,Chongqing,9.02,5.04,75.22,53,60,13,58,123,1.2,24,82,34.76,53.08,30750000,,,,
925,重慶,2018,1,Chongqing,6.16,38.16,77.36,32,61,12,54,86,1.2,26,59,25.33,45,31020000,,,,
926,重慶,2018,2,Chongqing,8.26,17.34,74.34,9,62,10,45,86,1.1,51,60,30.5,34.2,31020000,,,,
927,重慶,2018,3,Chongqing,14.8,81.8,76.98,41,63,10,49,62,1,66,35,55.92,91.96,31020000,,,,
928,重慶,2018,4,Chongqing,19.4,136.8,72.78,79,64,10,44,64,0.9,107,30,40.18,134.58,31020000,,,,
929,重慶,2018,5,Chongqing,22.29,240.98,78.75,127,65,9,44,58,0.9,111,29,40.35,85.96,31020000,,,,
930,重慶,2018,6,Chongqing,25.46,114.9,76.14,126,66,8,41,50,0.8,113,29,32.85,113.7,31020000,,,,
931,重慶,2018,7,Chongqing,29.34,165.16,70.3,63,67,8,31,46,0.7,127,26,26.82,190.38,31020000,,,,
932,重慶,2018,8,Chongqing,28.9,113.68,68.28,27,68,8,39,53,0.8,156,30,29.09,237.42,31020000,,,,
933,重慶,2018,9,Chongqing,23.08,183.28,79.82,27,69,7,39,47,0.8,68,29,38.63,67.04,31020000,,,,
934,重慶,2018,10,Chongqing,17.16,69.88,80.84,44,70,9,50,68,1,36,43,42.58,53.12,31020000,,,,
935,重慶,2018,11,Chongqing,12.54,77.42,82.76,75,71,10,49,75,1,31,49,39.45,47.64,31020000,,,,
936,重慶,2018,12,Chongqing,7.78,32.32,77.44,71,72,10,45,80,1,18,55,34.53,18.2,31020000,,,,
937,重慶,2019,1,Chongqing,8.7,18.6,79,52,73,9,47,102,1.14,26,74,28.46,16,31240000,,,,
938,重慶,2019,2,Chongqing,11.2,7.4,69,20,74,9,31,65,0.9,52,48,31.37,35.5,31240000,,,,
939,重慶,2019,3,Chongqing,14.5,49,73,55,75,9,46,71,0.81,70,46,48.87,76.4,31240000,,,,
940,重慶,2019,4,Chongqing,21.8,185.7,70,85,76,8,39,52,0.78,114,30,39.09,153.8,31240000,,,,
941,重慶,2019,5,Chongqing,21.3,159.8,79,132,77,6,36,53,0.79,91,32,40.26,60.3,31240000,,,,
942,重慶,2019,6,Chongqing,25.1,237.4,80,126,78,6,34,40,0.83,98,24,31.49,71,31240000,,,,
943,重慶,2019,7,Chongqing,27.9,229.4,75,47,79,6,30,36,0.76,118,21,24.02,128.7,31240000,,,,
944,重慶,2019,8,Chongqing,30.6,102.9,63,19,80,8,33,44,0.74,156,24,30.53,217.4,31240000,,,,
945,重慶,2019,9,Chongqing,24.8,95.2,74,32,81,7,38,49,0.78,101,30,45.98,110.1,31240000,,,,
946,重慶,2019,10,Chongqing,19.3,233,84,77,82,6,35,38,0.8,51,24,43.82,49.1,31240000,,,,
947,重慶,2019,11,Chongqing,14.3,60.1,82,101,83,7,40,57,0.82,26,36,36.52,15.4,31240000,,,,
948,重慶,2019,12,Chongqing,10.7,27.9,80,94,84,9,49,92,1.03,20,65,34.82,30.8,31240000,,,,
949,重慶,2020,1,Chongqing,10,22.2,77,48,85,8,38,68,1,31,50,21.51,30.6,32090000,,,,
950,重慶,2020,2,Chongqing,11.2,15.6,80,5,86,6,24,63,0.81,49,49,19.37,24.7,32090000,,,,
951,重慶,2020,3,Chongqing,16,62.4,72,7,87,8,37,60,0.75,75,37,37.97,106.2,32090000,,,,
952,重慶,2020,4,Chongqing,17.9,74.9,74,4,88,8,48,56,0.79,83,33,36.34,105.4,32090000,,,,
953,重慶,2020,5,Chongqing,24.8,61.4,67,21,89,8,41,52,0.72,125,28,51.82,164.1,32090000,,,,
954,重慶,2020,6,Chongqing,26.5,209.3,76,18,90,7,38,40,0.77,103,22,32.08,99.5,32090000,,,,
955,重慶,2020,7,Chongqing,27.6,368.8,80,21,91,7,32,32,0.73,88,16,36.11,90.8,32090000,,,,
956,重慶,2020,8,Chongqing,31.4,10.9,59,13,92,8,31,36,0.64,132,18,31.09,221.2,32090000,,,,
957,重慶,2020,9,Chongqing,23.5,175.7,80,14,93,7,38,33,0.74,68,19,37.86,43.6,32090000,,,,
958,重慶,2020,10,Chongqing,17.7,138.4,87,18,94,7,40,46,0.83,28,26,40.43,16,32090000,,,,
959,重慶,2020,11,Chongqing,15.3,20.8,78,35,95,9,51,65,0.92,45,37,42.34,92.6,32090000,,,,
960,重慶,2020,12,Chongqing,8.7,22.5,78,27,96,9,46,84,0.93,19,57,25.77,13.1,32090000,,,,
961,四川,2013,1,Sichuan,2.43,3.52,55.61,140,1,53,79,236,2,39,173,4.15,164.69,81070000,,,,
962,四川,2013,2,Sichuan,7,5.85,52.66,48,2,41,59,163,1.8,74,127,27.21,154.87,81070000,,,,
963,四川,2013,3,Sichuan,11.14,21.73,51.63,114,3,41,71,297,1.3,114,131,36.92,190.58,81070000,,,,
964,四川,2013,4,Sichuan,13.27,53.92,59.49,170,4,28,63,166,1,122,83,32.63,182.17,81070000,,,,
965,四川,2013,5,Sichuan,16.29,116.95,66.8,276,5,20,48,105,0.9,102,62,32.39,167.95,81070000,,,,
966,四川,2013,6,Sichuan,20.3,153,67.27,219,6,19,42,87,0.8,110,50,24.59,185.57,81070000,,,,
967,四川,2013,7,Sichuan,21.49,176.09,74.73,96,7,16,47,84,0.8,132,50,22.43,153.18,81070000,,,,
968,四川,2013,8,Sichuan,21.01,117.37,68.9,59,8,19,51,104,0.8,150,63,26.68,213.47,81070000,,,,
969,四川,2013,9,Sichuan,16.41,144.38,76.76,54,9,20,49,88,0.9,80,63,28.69,115.49,81070000,,,,
970,四川,2013,10,Sichuan,12.47,56.26,73.49,52,10,26,64,133,1.2,82,95,30.52,129.31,81070000,,,,
971,四川,2013,11,Sichuan,7.58,18.74,65.66,75,11,31,64,124,1.3,42,70,32.26,154.39,81070000,,,,
972,四川,2013,12,Sichuan,2.45,6.92,62.22,70,12,35,61,174,1.8,18,119,27.49,146.04,81070000,,,,
973,四川,2014,1,Sichuan,3.08,4.43,58.54,49,13,40,55,197,1.9,48,145,25.94,165.31,81400000,,,,
974,四川,2014,2,Sichuan,4.8,13.28,58.78,38,14,31,39,125,1.5,52,94,29.64,130.2,81400000,,,,
975,四川,2014,3,Sichuan,9.14,31.29,58.78,63,15,30,44,114,1.1,71,69,35.28,156.15,81400000,,,,
976,四川,2014,4,Sichuan,13.92,48.06,60.27,101,16,22,34,89,0.9,88,53,33.75,179.33,81400000,,,,
977,四川,2014,5,Sichuan,16.61,66.79,62.66,162,17,22,33,115,0.9,97,68,34.41,173.88,81400000,,,,
978,四川,2014,6,Sichuan,18.84,177.01,74.83,213,18,22,30,72,0.9,88,45,29.18,108.95,81400000,,,,
979,四川,2014,7,Sichuan,20.85,142.93,73.1,108,19,24,31,69,0.8,101,38,22.75,179,81400000,,,,
980,四川,2014,8,Sichuan,19.41,173.18,77.34,59,20,21,28,61,0.8,92,37,26.13,123.46,81400000,,,,
981,四川,2014,9,Sichuan,17.73,125.85,78.15,61,21,18,29,59,0.9,69,37,32.4,127.57,81400000,,,,
982,四川,2014,10,Sichuan,13.3,64.85,73.34,98,22,19,33,82,1,65,53,33.96,157.23,81400000,,,,
983,四川,2014,11,Sichuan,8.11,16.91,67.29,120,23,20,36,73,1,43,46,31.13,132.45,81400000,,,,
984,四川,2014,12,Sichuan,3.27,6.5,60.98,139,24,29,44,117,1.1,41,75,31.58,139.9,81400000,,,,
985,四川,2015,1,Sichuan,3.16,13.57,62.51,135,25,25,37,137,1.3,44,95,26.92,139,82040000,,,,
986,四川,2015,2,Sichuan,5.67,7.06,56.02,73,26,20,29,103,1.1,63,68,27.11,142.38,82040000,,,,
987,四川,2015,3,Sichuan,10.69,17.77,54.98,119,27,21,30,84,1,81,50,35.33,183.82,82040000,,,,
988,四川,2015,4,Sichuan,13.36,57.47,61.93,157,28,19,28,72,0.8,102,40,33.53,177.93,82040000,,,,
989,四川,2015,5,Sichuan,17.25,90.8,62.37,315,29,17,25,72,0.8,110,41,36.84,191.86,82040000,,,,
990,四川,2015,6,Sichuan,19.8,150.71,72.05,363,30,15,23,54,0.8,93,31,27.32,141.34,82040000,,,,
991,四川,2015,7,Sichuan,19.55,130.67,71.46,134,31,16,26,59,0.7,117,34,20.54,191.16,82040000,,,,
992,四川,2015,8,Sichuan,19.1,176.02,76.41,61,32,15,25,54,0.7,102,32,26.29,135.9,82040000,,,,
993,四川,2015,9,Sichuan,17.38,163.51,80.39,75,33,14,25,47,0.8,73,28,33.54,104.29,82040000,,,,
994,四川,2015,10,Sichuan,13.42,62.21,72.17,105,34,16,32,76,0.8,76,46,34.36,156.27,82040000,,,,
995,四川,2015,11,Sichuan,9.3,13.3,67.61,180,35,16,32,64,1,44,39,34.67,140.64,82040000,,,,
996,四川,2015,12,Sichuan,3.47,11.6,66.71,204,36,18,38,94,1.1,42,61,30.39,123.65,82040000,,,,
997,四川,2016,1,Sichuan,2.02,13.17,61.68,141,37,17,36,101,1.2,48,68,23.58,NA,82620000,,,,
998,四川,2016,2,Sichuan,4.62,15.4,57.29,53,38,15,34,99,1.1,70,65,26.47,133,82620000,,,,
999,四川,2016,3,Sichuan,9.63,34.67,58.63,127,39,17,35,91,1,87,54,39.22,NA,82620000,,,,
1000,四川,2016,4,Sichuan,13.4,69.01,66.95,150,40,15,29,66,0.9,90,38,31.57,NA,82620000,,,,
1001,四川,2016,5,Sichuan,16.74,99.14,64.95,244,41,14,25,71,0.8,106,41,35.68,172,82620000,,,,
1002,四川,2016,6,Sichuan,19.49,158.9,71.2,270,42,16,23,50,0.8,111,29,28.3,145.74,82620000,,,,
1003,四川,2016,7,Sichuan,21,188.26,75.88,121,43,16,22,42,0.7,103,24,22.22,148.49,82620000,,,,
1004,四川,2016,8,Sichuan,21.73,96.72,71.15,59,44,16,23,51,0.8,113,31,27.26,198.85,82620000,,,,
1005,四川,2016,9,Sichuan,16.72,153.94,80.44,86,45,17,27,56,0.8,88,36,36.41,74.93,82620000,,,,
1006,四川,2016,10,Sichuan,13.83,2.17,73.92,134,46,16,28,60,0.8,70,36,33.24,129.63,82620000,,,,
1007,四川,2016,11,Sichuan,8.43,28.09,67.49,143,47,19,36,94,1,56,57,31.89,128.39,82620000,,,,
1008,四川,2016,12,Sichuan,4.93,7.72,65.02,191,48,19,41,121,1.2,44,78,33.05,130.19,82620000,,,,
1009,四川,2017,1,Sichuan,4.16,5.02,55.63,150,49,20,40,130,1.2,55,88,25.41,141.1,83020000,,,,
1010,四川,2017,2,Sichuan,5.62,14.7,57.55,71,50,17,35,94,1,68,61,27.37,117.53,83020000,,,,
1011,四川,2017,3,Sichuan,8.26,33.2,60.64,131,51,15,35,72,0.8,79,42,38.7,122.27,83020000,,,,
1012,四川,2017,4,Sichuan,13.13,68.45,62.12,215,52,15,32,62,0.7,105,33,34.96,164.26,83020000,,,,
1013,四川,2017,5,Sichuan,16.13,82.99,63.3,329,53,15,31,68,0.7,118,38,34.74,180.12,83020000,,,,
1014,四川,2017,6,Sichuan,18.51,164.17,72.28,354,54,13,27,51,0.7,105,29,28.84,130.04,83020000,,,,
1015,四川,2017,7,Sichuan,20.87,149.07,71.72,167,55,13,24,45,0.7,129,25,23.07,200.01,83020000,,,,
1016,四川,2017,8,Sichuan,21.14,159.32,73.81,80,56,10,21,36,0.6,112,20,26.16,168.42,83020000,,,,
1017,四川,2017,9,Sichuan,17.97,126.87,77.86,75,57,12,25,42,0.7,79,24,32.03,117.4,83020000,,,,
1018,四川,2017,10,Sichuan,13.36,81.13,77.99,100,58,12,27,41,0.7,55,24,35.39,103.83,83020000,,,,
1019,四川,2017,11,Sichuan,8.07,13.23,67.82,169,59,14,36,77,0.9,61,48,34.95,145.69,83020000,,,,
1020,四川,2017,12,Sichuan,4.36,2.82,61.43,167,60,16,45,120,1.1,54,76,29.73,152.59,83020000,,,,
1021,四川,2018,1,Sichuan,2.95,8.56,55.33,109,61,15,41,98,1.1,62,64,24.63,150.48,83410000,,,,
1022,四川,2018,2,Sichuan,5.17,9.05,55,46,62,14,32,96,1,82,62,27.03,133.41,83410000,,,,
1023,四川,2018,3,Sichuan,10.13,38.17,59.46,90,63,14,35,74,0.8,102,44,40.19,177.57,83410000,,,,
1024,四川,2018,4,Sichuan,13.86,116.8,58.28,163,64,13,32,74,0.7,124,36,36.45,178.1,83410000,,,,
1025,四川,2018,5,Sichuan,16.92,120.2,64.82,267,65,13,28,65,0.6,122,33,35.12,156.78,83410000,,,,
1026,四川,2018,6,Sichuan,18.91,168.09,74.63,268,66,12,25,42,0.7,109,23,29.06,125.77,83410000,,,,
1027,四川,2018,7,Sichuan,21.02,217.66,77.39,143,67,11,21,36,0.7,106,20,24.26,137.33,83410000,,,,
1028,四川,2018,8,Sichuan,20.9,136.9,73.47,69,68,12,24,46,0.7,125,27,26.59,195.25,83410000,,,,
1029,四川,2018,9,Sichuan,17.35,124.62,78.99,77,69,11,23,37,0.7,83,22,35.31,104,83410000,,,,
1030,四川,2018,10,Sichuan,11.17,52.28,75.46,137,70,11,31,56,0.7,63,35,37.04,117.17,83410000,,,,
1031,四川,2018,11,Sichuan,6.71,17.28,66.63,203,71,11,34,70,0.8,57,46,34.81,147.77,83410000,,,,
1032,四川,2018,12,Sichuan,3.39,12.4,62.23,251,72,11,34,85,1,43,55,32.12,134.15,83410000,,,,
1033,四川,2019,1,Sichuan,5.8,6.4,82,145,73,8,55,115,1.12,43,78,22.28,51.3,83750000,,,,
1034,四川,2019,2,Sichuan,7.2,10.4,80,43,74,6,38,81,0.93,57,56,25.93,47.8,83750000,,,,
1035,四川,2019,3,Sichuan,12.2,34.4,79,113,75,7,51,78,0.8,78,44,42.82,76.1,83750000,,,,
1036,四川,2019,4,Sichuan,18.9,47.4,80,158,76,8,44,70,0.82,120,40,33.23,127.7,83750000,,,,
1037,四川,2019,5,Sichuan,19.8,118.3,85,222,77,6,36,57,0.77,112,33,35.49,68.1,83750000,,,,
1038,四川,2019,6,Sichuan,24.3,47.5,82,265,78,6,31,42,0.74,126,24,31.3,99.8,83750000,,,,
1039,四川,2019,7,Sichuan,24.6,279.4,89,151,79,5,37,38,0.77,108,21,23.92,77.1,83750000,,,,
1040,四川,2019,8,Sichuan,25.7,218.8,85,64,80,6,39,51,0.79,146,28,27.32,137,83750000,,,,
1041,四川,2019,9,Sichuan,20.6,248.8,93,103,81,6,38,50,0.81,76,30,38.04,37.7,83750000,,,,
1042,四川,2019,10,Sichuan,17.3,76.2,88,144,82,6,40,49,0.7,57,31,34.57,41.6,83750000,,,,
1043,四川,2019,11,Sichuan,12,19.9,86,200,83,7,41,75,0.7,39,47,34.65,23.6,83750000,,,,
1044,四川,2019,12,Sichuan,8,0.3,82,204,84,8,53,109,0.96,35,78,30.23,70.7,83750000,,,,
1045,四川,2020,1,Sichuan,7.1,13,83,91,85,7,42,87,0.99,47,69,20.15,62.7,83710000,,,,
1046,四川,2020,2,Sichuan,9.7,4.2,76,17,86,6,22,69,0.71,77,52,21.22,73.3,83710000,,,,
1047,四川,2020,3,Sichuan,13.5,25.3,74,23,87,8,39,74,0.64,87,40,35.63,88.1,83710000,,,,
1048,四川,2020,4,Sichuan,16,25.7,73,20,88,6,43,67,0.65,109,39,32.15,104.3,83710000,,,,
1049,四川,2020,5,Sichuan,22.6,59.5,69,38,89,6,40,74,0.59,151,41,37.96,128,83710000,,,,
1050,四川,2020,6,Sichuan,24.8,104.4,78,43,90,5,32,50,0.66,145,29,33.21,99.8,83710000,,,,
1051,四川,2020,7,Sichuan,25,101.8,84,59,91,5,28,37,0.67,115,21,33.98,77.6,83710000,,,,
1052,四川,2020,8,Sichuan,24.8,747.2,87,49,92,5,29,38,0.66,121,24,29.87,103,83710000,,,,
1053,四川,2020,9,Sichuan,21.2,52.8,87,51,93,6,33,41,0.68,85,24,34.04,47.5,83710000,,,,
1054,四川,2020,10,Sichuan,15.9,60,85,70,94,5,35,49,0.69,47,30,35.01,21.9,83710000,,,,
1055,四川,2020,11,Sichuan,13,4.2,83,83,95,8,51,89,0.79,47,57,33.7,27.2,83710000,,,,
1056,四川,2020,12,Sichuan,5.6,13.7,85,116,96,6,46,92,0.86,28,64,37.43,94,83710000,,,,
1057,湖北,2013,1,Hubei,3.99,14.5,73.65,30,1,57,92,223,2.1,26,200,5,116.63,57990000,,,,
1058,湖北,2013,2,Hubei,6.25,33.47,82.52,15,2,44,48,122,1.6,53,116,33.26,61.01,57990000,,,,
1059,湖北,2013,3,Hubei,12.9,65,69.55,38,3,50,57,150,1.3,80,93,40.79,152.8,57990000,,,,
1060,湖北,2013,4,Hubei,17.04,97.16,67.65,48,4,44,54,123,1.1,116,74,32.46,183.77,57990000,,,,
1061,湖北,2013,5,Hubei,22.02,180.22,76.58,46,5,36,53,107,1.1,134,69,31.51,152.65,57990000,,,,
1062,湖北,2013,6,Hubei,25.86,166.08,77.16,38,6,27,39,76,0.9,133,44,29.36,199.15,57990000,,,,
1063,湖北,2013,7,Hubei,29.59,132.14,75.03,23,7,30,30,64,0.6,116,29,26.67,231.16,57990000,,,,
1064,湖北,2013,8,Hubei,29.3,113.51,71.32,13,8,32,34,83,0.8,141,37,27.68,239.24,57990000,,,,
1065,湖北,2013,9,Hubei,22.27,142.49,79.84,12,9,39,52,104,1.2,127,63,34.24,142.88,57990000,,,,
1066,湖北,2013,10,Hubei,18.2,22.47,69.61,21,10,46,78,184,1.4,128,117,38.53,174.55,57990000,,,,
1067,湖北,2013,11,Hubei,12.05,46.48,75.16,35,11,49,74,167,1.5,57,106,37.59,129.77,57990000,,,,
1068,湖北,2013,12,Hubei,5.96,6.47,65.45,59,12,90,88,242,2.1,39,177,36.61,137.85,57990000,,,,
1069,湖北,2014,1,Hubei,6.37,21.64,65.39,47,13,79,60,266,2.2,54,196,24.61,134.51,58160000,,,,
1070,湖北,2014,2,Hubei,4.86,62.09,78.42,15,14,55,35,150,1.7,59,120,27.54,47.12,58160000,,,,
1071,湖北,2014,3,Hubei,12.8,54.45,70.74,46,15,53,47,154,1.4,78,95,43.91,136.11,58160000,,,,
1072,湖北,2014,4,Hubei,17.05,141.37,77,49,16,43,46,112,1.1,96,68,31.05,108.15,58160000,,,,
1073,湖北,2014,5,Hubei,21.03,117.14,73.9,65,17,36,46,150,1.1,99,80,37.2,130.57,58160000,,,,
1074,湖北,2014,6,Hubei,24.99,99.09,76.68,96,18,28,39,127,1.1,122,79,33.84,110.16,58160000,,,,
1075,湖北,2014,7,Hubei,27.16,148.91,78.29,48,19,27,31,89,1,100,49,21,214.25,58160000,,,,
1076,湖北,2014,8,Hubei,25.36,156.04,80.97,11,20,28,30,79,1,103,48,24.32,140.84,58160000,,,,
1077,湖北,2014,9,Hubei,22.81,141.91,83.16,24,21,29,32,88,1.1,78,54,41.17,108.86,58160000,,,,
1078,湖北,2014,10,Hubei,18.49,111.03,76.03,28,22,39,49,147,1.3,94,90,34.42,156.43,58160000,,,,
1079,湖北,2014,11,Hubei,11.84,91.83,78.52,60,23,39,49,112,1.2,52,78,40.6,86.88,58160000,,,,
1080,湖北,2014,12,Hubei,5.88,3.32,63.55,100,24,48,52,143,1.3,49,92,37.93,147.25,58160000,,,,
1081,湖北,2015,1,Hubei,6.14,25.68,70.32,138,25,40,52,179,1.8,51,125,29.79,96.83,58520000,,,,
1082,湖北,2015,2,Hubei,7.17,80.52,74.61,45,26,27,37,144,1.6,66,101,23.75,87.26,58520000,,,,
1083,湖北,2015,3,Hubei,11.93,61.59,74.19,60,27,22,32,111,1.3,76,69,39.29,116.98,58520000,,,,
1084,湖北,2015,4,Hubei,16.55,140.23,73.58,107,28,20,30,94,1.2,101,53,37.02,165.09,58520000,,,,
1085,湖北,2015,5,Hubei,21.99,166.2,76.29,132,29,17,25,100,1.2,118,62,33.36,157.78,58520000,,,,
1086,湖北,2015,6,Hubei,24.28,188.51,82.9,118,30,13,21,72,1.1,100,43,29.85,94.45,58520000,,,,
1087,湖北,2015,7,Hubei,26.34,136.7,78.23,63,31,11,18,63,0.9,107,38,24.54,201.78,58520000,,,,
1088,湖北,2015,8,Hubei,26.84,90.73,74.74,28,32,12,18,67,1,118,41,28.07,235.27,58520000,,,,
1089,湖北,2015,9,Hubei,23.19,102.98,76.42,46,33,14,23,79,1.1,125,51,40.53,133.31,58520000,,,,
1090,湖北,2015,10,Hubei,18.65,69.78,73.26,89,34,21,34,107,1.2,112,66,37.8,163.85,58520000,,,,
1091,湖北,2015,11,Hubei,10.9,79.02,86.68,127,35,14,31,71,1.3,42,49,36.24,51.14,58520000,,,,
1092,湖北,2015,12,Hubei,6.49,19.41,75.9,190,36,21,40,126,1.3,42,87,35.49,88.12,58520000,,,,
1093,湖北,2016,1,Hubei,3.83,35.63,76.35,138,37,21,40,137,1.5,46,97,24.76,NA,58850000,,,,
1094,湖北,2016,2,Hubei,7.61,27.51,62.77,44,38,19,32,115,1.2,81,71,25.83,142.35,58850000,,,,
1095,湖北,2016,3,Hubei,12.24,63.51,68.74,79,39,20,36,118,1.2,97,71,40.15,99.17,58850000,,,,
1096,湖北,2016,4,Hubei,18.33,155.67,78.35,104,40,14,29,76,1.1,105,42,34.73,125.01,58850000,,,,
1097,湖北,2016,5,Hubei,20.56,139.18,76.35,151,41,12,23,78,1,112,42,35.72,136.23,58850000,,,,
1098,湖北,2016,6,Hubei,24.54,240.26,80.13,124,42,10,20,57,1,106,32,26.91,145.79,58850000,,,,
1099,湖北,2016,7,Hubei,28.15,204.64,80.13,46,43,9,16,48,0.9,97,27,24.19,203.19,58850000,,,,
1100,湖北,2016,8,Hubei,28.14,115.15,76.32,36,44,10,18,63,0.9,122,36,32.61,196.24,58850000,,,,
1101,湖北,2016,9,Hubei,24.37,56.78,68.03,41,45,15,28,83,1,135,49,33.52,120,58850000,,,,
1102,湖北,2016,10,Hubei,17.69,4.43,82.69,49,46,10,28,56,1.1,63,36,36.96,63.12,58850000,,,,
1103,湖北,2016,11,Hubei,11.19,71.11,83.29,104,47,14,36,88,1.2,49,59,38.81,69.94,58850000,,,,
1104,湖北,2016,12,Hubei,7.58,36.95,78.06,95,48,17,47,127,1.4,50,92,28.55,102.75,58850000,,,,
1105,湖北,2017,1,Hubei,6.11,34.63,73.96,53,49,17,41,130,1.5,55,96,27.71,77.57,59020000,,,,
1106,湖北,2017,2,Hubei,7.2,41.11,72.41,47,50,17,36,100,1.3,70,71,33.22,93.28,59020000,,,,
1107,湖北,2017,3,Hubei,10.91,90.81,72.67,61,51,16,38,94,1.2,83,59,35.88,95.89,59020000,,,,
1108,湖北,2017,4,Hubei,17.28,131.32,73.7,88,52,15,32,79,1.2,104,43,36.65,159.29,59020000,,,,
1109,湖北,2017,5,Hubei,21.96,113.99,71.74,124,53,13,29,86,1.1,128,44,34.85,198.05,59020000,,,,
1110,湖北,2017,6,Hubei,24.35,175.03,80.36,109,54,10,23,61,1,119,37,29.32,124.78,59020000,,,,
1111,湖北,2017,7,Hubei,28.8,141.68,76.65,62,55,9,18,52,0.9,105,29,26.96,236.02,59020000,,,,
1112,湖北,2017,8,Hubei,27.53,163.34,81.01,39,56,9,19,49,1,106,29,28.72,173.51,59020000,,,,
1113,湖北,2017,9,Hubei,22.49,188.58,86.69,28,57,10,25,54,1,97,32,29.4,92.69,59020000,,,,
1114,湖北,2017,10,Hubei,16.22,163.16,86.31,30,58,10,28,55,1,74,34,39.27,76.65,59020000,,,,
1115,湖北,2017,11,Hubei,11.74,21.18,74.52,109,59,15,45,105,1.2,69,69,43.38,112.8,59020000,,,,
1116,湖北,2017,12,Hubei,6.56,4.53,65.76,118,60,18,53,125,1.3,54,89,32.09,132.97,59020000,,,,
1117,湖北,2018,1,Hubei,2.49,65.61,79.09,107,61,13,41,109,1.4,54,84,27.33,86.61,59170000,,,,
1118,湖北,2018,2,Hubei,6.19,30.22,69.01,32,62,13,36,109,1.2,74,72,24.18,120.88,59170000,,,,
1119,湖北,2018,3,Hubei,12.97,98.65,78.11,56,63,12,34,77,1.1,88,50,43.94,130.72,59170000,,,,
1120,湖北,2018,4,Hubei,18.32,NA,72.98,150,64,12,30,101,1,110,44,40.87,163.02,59170000,,,,
1121,湖北,2018,5,Hubei,22.08,210.76,79.5,218,65,9,25,72,0.9,110,35,34.88,114.73,59170000,,,,
1122,湖北,2018,6,Hubei,26.01,109.81,74.82,214,66,10,23,54,0.9,135,30,30.24,190.28,59170000,,,,
1123,湖北,2018,7,Hubei,28.66,146.96,79.36,107,67,9,19,45,0.9,113,25,24.69,198.78,59170000,,,,
1124,湖北,2018,8,Hubei,28.59,85.09,74.32,51,68,8,18,48,0.9,128,27,27.69,248.94,59170000,,,,
1125,湖北,2018,9,Hubei,23.14,97.46,76.68,58,69,10,26,57,1,118,30,37.13,123.16,59170000,,,,
1126,湖北,2018,10,Hubei,17.1,25.69,68.26,122,70,13,37,72,0.9,114,40,41.81,160.38,59170000,,,,
1127,湖北,2018,11,Hubei,11.61,73.89,80.51,276,71,12,40,88,1.1,70,57,39.93,105.36,59170000,,,,
1128,湖北,2018,12,Hubei,5.17,47.71,77.11,367,72,12,40,108,1.2,41,73,32.77,44.84,59170000,,,,
1129,湖北,2019,1,Hubei,3.7,59.9,82,190,73,9,56,105,1.39,34,94,22.43,47.6,59270000,,,,
1130,湖北,2019,2,Hubei,4.1,66,87,54,74,7,35,77,0.97,47,64,26,19.4,59270000,,,,
1131,湖北,2019,3,Hubei,12.5,60.5,77,114,75,10,54,86,1,82,49,41.87,135.8,59270000,,,,
1132,湖北,2019,4,Hubei,17.7,144.6,79,138,76,9,42,67,1.04,109,37,32.87,134.2,59270000,,,,
1133,湖北,2019,5,Hubei,21.4,189.2,75,158,77,8,47,80,0.89,124,37,34.49,136.1,59270000,,,,
1134,湖北,2019,6,Hubei,26.1,335.6,81,157,78,6,33,51,0.92,145,28,30.55,146.9,59270000,,,,
1135,湖北,2019,7,Hubei,29.3,62.1,77,77,79,6,29,47,0.83,127,25,23.94,220.8,59270000,,,,
1136,湖北,2019,8,Hubei,30.4,14.4,70,35,80,8,30,53,0.94,158,30,29.38,242.3,59270000,,,,
1137,湖北,2019,9,Hubei,25.1,1.6,68,65,81,12,41,63,0.94,160,34,40.66,200.3,59270000,,,,
1138,湖北,2019,10,Hubei,18.3,35.6,79,113,82,9,42,57,0.87,103,32,39.59,126.5,59270000,,,,
1139,湖北,2019,11,Hubei,12.9,56.7,77,251,83,11,58,88,0.94,72,48,38.59,108.3,59270000,,,,
1140,湖北,2019,12,Hubei,6.5,27.1,80,233,84,11,63,97,1.13,39,67,30.47,103.5,59270000,,,,
1141,湖北,2020,1,Hubei,4.1,113.2,86,75,85,7,37,70,0.98,48,60,13.92,93.9,57450000,,,,
1142,湖北,2020,2,Hubei,8.6,106.9,81,2,86,8,21,46,0.92,75,38,9.17,173.4,57450000,,,,
1143,湖北,2020,3,Hubei,13,84.4,79,4,87,9,22,53,0.95,90,34,45.72,224.7,57450000,,,,
1144,湖北,2020,4,Hubei,16.8,45.9,71,5,88,9,36,59,0.73,120,34,32.89,212.5,57450000,,,,
1145,湖北,2020,5,Hubei,23.1,124.3,77,8,89,8,36,62,0.81,127,35,40.53,155.2,57450000,,,,
1146,湖北,2020,6,Hubei,26.5,420.4,86,17,90,6,26,31,0.78,103,20,38.25,97.1,57450000,,,,
1147,湖北,2020,7,Hubei,26.5,553.6,88,15,91,6,26,33,0.8,102,22,28.48,62,57450000,,,,
1148,湖北,2020,8,Hubei,30,121,76,10,92,6,26,41,0.68,123,21,32.55,240.6,57450000,,,,
1149,湖北,2020,9,Hubei,23.1,169.2,85,17,93,7,37,51,0.84,123,30,35.64,99.4,57450000,,,,
1150,湖北,2020,10,Hubei,16.7,173.1,85,12,94,8,48,68,0.9,85,36,30.95,98.5,57450000,,,,
1151,湖北,2020,11,Hubei,12.5,81.9,82,23,95,10,53,70,0.83,67,40,41.39,113.2,57450000,,,,
1152,湖北,2020,12,Hubei,4.8,18.4,76,21,96,12,64,105,1.04,44,80,23.45,83.3,57450000,,,,
1153,上海,2013,1,Shanghai,4.6,22.8,70,250,1,30,67,109,1.3,41,91,5.98,76.25,24150000,,,,
1154,上海,2013,2,Shanghai,6.8,81.5,75,53,2,19,39,72,0.9,85,59,44.42,70.55,24150000,,,,
1155,上海,2013,3,Shanghai,11,58.1,65,150,3,23,52,96,1,99,63,66.58,153.3,24150000,,,,
1156,上海,2013,4,Shanghai,15.3,72.5,57,179,4,25,50,94,1,117,61,51.72,203.9,24150000,,,,
1157,上海,2013,5,Shanghai,21.3,117.7,71,213,5,16,37,74,0.9,121,57,53.39,156.5,24150000,,,,
1158,上海,2013,6,Shanghai,24.1,183.5,77,155,6,13,35,63,0.8,105,53,41,72.3,24150000,,,,
1159,上海,2013,7,Shanghai,32,102.1,58,54,7,15,32,72,0.7,148,43,37.39,263.25,24150000,,,,
1160,上海,2013,8,Shanghai,31,111.5,63,41,8,13,25,56,0.7,121,33,50.42,242.15,24150000,,,,
1161,上海,2013,9,Shanghai,25,61.1,74,47,9,13,30,47,0.7,97,27,54.6,177.05,24150000,,,,
1162,上海,2013,10,Shanghai,20,291.7,72,75,10,15,32,59,0.7,95,33,61.81,136.05,24150000,,,,
1163,上海,2013,11,Shanghai,13.4,20.4,67,187,11,36,64,124,1.1,77,82,66.7,109.65,24150000,,,,
1164,上海,2013,12,Shanghai,6.1,50.5,69,367,12,49,74,144,1.4,49,132,57.21,75.1,24150000,,,,
1165,上海,2014,1,Shanghai,6.8,19.8,70,244,13,28,53,92,0.9,56,76,36.5,108.65,24260000,,,,
1166,上海,2014,2,Shanghai,6.1,143.9,80,75,14,16,37,58,0.8,76,51,43.41,55.45,24260000,,,,
1167,上海,2014,3,Shanghai,11.5,59.6,69,251,15,20,51,83,0.8,105,57,71.71,155.35,24260000,,,,
1168,上海,2014,4,Shanghai,15.7,139.4,75,362,16,15,47,71,0.7,109,52,54.89,121.25,24260000,,,,
1169,上海,2014,5,Shanghai,21.7,61.5,64,640,17,17,42,103,0.7,145,63,58.38,182.3,24260000,,,,
1170,上海,2014,6,Shanghai,23.3,175.9,80,510,18,11,36,60,0.7,118,44,40.59,71.75,24260000,,,,
1171,上海,2014,7,Shanghai,27.4,192.2,81,138,19,11,32,64,0.7,110,44,30.3,127.5,24260000,,,,
1172,上海,2014,8,Shanghai,26.3,229.3,82,47,20,12,34,53,0.7,112,37,41.51,81.55,24260000,,,,
1173,上海,2014,9,Shanghai,24.2,196,80,71,21,13,32,52,0.7,116,34,60.75,103.5,24260000,,,,
1174,上海,2014,10,Shanghai,20.2,37.3,68,134,22,15,41,69,0.8,118,38,63.11,183.75,24260000,,,,
1175,上海,2014,11,Shanghai,14.8,34.6,71,373,23,17,52,71,0.8,85,51,66.37,83.6,24260000,,,,
1176,上海,2014,12,Shanghai,5.7,5.8,60,729,24,36,69,114,1.1,48,71,59.71,129.45,24260000,,,,
1177,上海,2015,1,Shanghai,6,61.1,69,663,25,29,63,110,1.1,58,81,36.11,115.25,24150000,,,,
1178,上海,2015,2,Shanghai,6.8,81.1,71,100,26,20,47,87,0.9,83,63,32.15,97.15,24150000,,,,
1179,上海,2015,3,Shanghai,10.6,96.4,73,299,27,15,48,71,0.9,104,53,75.3,137.9,24150000,,,,
1180,上海,2015,4,Shanghai,15.9,108.9,67,612,28,16,53,87,0.8,125,54,57.31,173.9,24150000,,,,
1181,上海,2015,5,Shanghai,20.5,131.4,71,872,29,11,37,58,0.7,126,39,53.5,162.65,24150000,,,,
1182,上海,2015,6,Shanghai,24.2,NA,80,606,30,11,36,57,0.7,130,43,38.54,82.35,24150000,,,,
1183,上海,2015,7,Shanghai,26.7,173.1,79,150,31,11,31,57,0.7,133,39,30.39,121.1,24150000,,,,
1184,上海,2015,8,Shanghai,27.8,125.6,75,66,32,12,27,57,0.7,135,39,44.04,161.95,24150000,,,,
1185,上海,2015,9,Shanghai,24.2,140.4,74,98,33,12,31,49,0.7,132,33,61.25,146.1,24150000,,,,
1186,上海,2015,10,Shanghai,19.6,49.1,71,237,34,16,49,73,0.8,126,47,64.9,158.3,24150000,,,,
1187,上海,2015,11,Shanghai,14,113.9,81,480,35,16,57,73,1.1,69,57,56.97,59.6,24150000,,,,
1188,上海,2015,12,Shanghai,7.8,81.4,74,496,36,25,67,104,1.2,51,81,49.05,94.35,24150000,,,,
1189,上海,2016,1,Shanghai,4.4,78.6,72,354,37,24,57,90,1,69,69,38.6,NA,24200000,,,,
1190,上海,2016,2,Shanghai,6.9,23.1,64,114,38,19,43,77,0.8,96,54,40.42,NA,24200000,,,,
1191,上海,2016,3,Shanghai,11,49.3,68,253,39,16,49,75,0.7,106,52,65.22,128,24200000,,,,
1192,上海,2016,4,Shanghai,16.7,142.7,75,363,40,14,50,81,0.7,125,55,53.13,119,24200000,,,,
1193,上海,2016,5,Shanghai,20.6,159.5,76,464,41,12,41,76,0.7,134,50,51.63,122.5,24200000,,,,
1194,上海,2016,6,Shanghai,24.2,239.2,83,291,42,10,36,53,0.7,121,39,37.01,91.5,24200000,,,,
1195,上海,2016,7,Shanghai,29.9,166.8,75,76,43,10,30,59,0.8,143,38,32.26,173,24200000,,,,
1196,上海,2016,8,Shanghai,29.5,32.4,71,52,44,11,22,36,0.7,104,18,51.58,259,24200000,,,,
1197,上海,2016,9,Shanghai,24.9,291.6,77,96,45,11,34,45,0.7,112,32,57.6,94.5,24200000,,,,
1198,上海,2016,10,Shanghai,20.84,9.55,79.52,117,46,11,33,37,0.6,86,21,54.46,36.5,24200000,,,,
1199,上海,2016,11,Shanghai,13.6,68.1,79,265,47,15,58,62,0.9,69,44,64.23,89.5,24200000,,,,
1200,上海,2016,12,Shanghai,9.1,48.8,75,477,48,18,64,77,1.1,64,57,53.88,103,24200000,,,,
1201,上海,2017,1,Shanghai,7.14,63.85,71.59,315,49,17,47,58,0.9,73,44,37.07,97.2,24180000,,,,
1202,上海,2017,2,Shanghai,7.1,19.45,64.55,112,50,14,49,60,0.8,92,50,40.99,108.8,24180000,,,,
1203,上海,2017,3,Shanghai,10.6,89.05,66.2,228,51,12,50,62,0.7,107,45,64.62,133.9,24180000,,,,
1204,上海,2017,4,Shanghai,17.45,93.3,62.95,442,52,12,51,73,0.8,131,44,58.84,199.8,24180000,,,,
1205,上海,2017,5,Shanghai,22.14,62.25,65.32,794,53,11,37,66,0.6,135,32,55.66,217.7,24180000,,,,
1206,上海,2017,6,Shanghai,24.05,176.8,77.2,610,54,9,35,47,0.7,128,38,38.71,111.6,24180000,,,,
1207,上海,2017,7,Shanghai,31.95,54.45,65.6,166,55,10,30,57,0.7,173,33,31.41,243.65,24180000,,,,
1208,上海,2017,8,Shanghai,29.7,254.85,74.25,87,56,8,32,50,0.7,147,31,45.51,169.75,24180000,,,,
1209,上海,2017,9,Shanghai,24.8,315.7,77.05,109,57,9,36,43,0.7,117,26,52.06,112.05,24180000,,,,
1210,上海,2017,10,Shanghai,19.4,80.45,74.25,130,58,9,33,43,0.7,102,24,57.28,127.2,24180000,,,,
1211,上海,2017,11,Shanghai,13.95,77.4,71.45,434,59,13,59,70,0.8,79,42,68.44,107.05,24180000,,,,
1212,上海,2017,12,Shanghai,7.5,20.4,62.1,769,60,15,68,76,1,63,54,52.88,149.1,24180000,,,,
1213,上海,2018,1,Shanghai,4.65,99.2,71.95,514,61,14,58,68,1,63,58,35.41,79.3,24240000,,,,
1214,上海,2018,2,Shanghai,5.6,60.1,65.4,123,62,14,47,63,0.8,90,44,34.9,131.8,24240000,,,,
1215,上海,2018,3,Shanghai,12.35,75.35,74.1,219,63,12,45,54,0.6,102,41,64.63,168.9,24240000,,,,
1216,上海,2018,4,Shanghai,17.81,NA,65.05,477,64,13,47,83,0.7,132,42,58.85,186.8,24240000,,,,
1217,上海,2018,5,Shanghai,22.45,154.35,74.34,702,65,11,41,64,0.7,137,44,51.31,143.7,24240000,,,,
1218,上海,2018,6,Shanghai,25.35,75.5,73,472,66,10,32,45,0.6,146,35,38.08,172.15,24240000,,,,
1219,上海,2018,7,Shanghai,29.35,128.85,76.45,151,67,8,24,37,0.5,98,21,33.73,220.6,24240000,,,,
1220,上海,2018,8,Shanghai,29.5,239.95,77.7,82,68,6,20,32,0.5,100,16,42.41,218.75,24240000,,,,
1221,上海,2018,9,Shanghai,26.1,138.05,73.05,76,69,8,36,44,0.7,122,26,52.43,141.5,24240000,,,,
1222,上海,2018,10,Shanghai,19.05,32.8,62.8,178,70,9,44,51,0.6,120,27,65.69,173.7,24240000,,,,
1223,上海,2018,11,Shanghai,14.75,99.5,78.95,494,71,7,58,53,0.7,89,42,62.68,99.05,24240000,,,,
1224,上海,2018,12,Shanghai,8.5,146.7,78.3,888,72,9,54,54,0.7,59,37,55.29,54.35,24240000,,,,
1225,上海,2019,1,Shanghai,5.8,61.4,77,670,73,9,57,61,0.83,60,49,33.94,74.6,24280000,,,,
1226,上海,2019,2,Shanghai,6.1,148.1,80,116,74,6,36,51,0.72,76,41,32.62,44.2,24280000,,,,
1227,上海,2019,3,Shanghai,11.3,46.2,71,286,75,7,52,65,0.76,100,51,66.15,138.6,24280000,,,,
1228,上海,2019,4,Shanghai,16.4,63.8,75,339,76,6,45,51,0.7,106,40,46.33,126.9,24280000,,,,
1229,上海,2019,5,Shanghai,20.8,53.1,63,324,77,7,39,53,0.61,134,33,49.91,189.2,24280000,,,,
1230,上海,2019,6,Shanghai,23.9,128.2,79,331,78,5,28,31,0.54,121,29,43.53,131.9,24280000,,,,
1231,上海,2019,7,Shanghai,27.5,137.4,81,132,79,5,29,32,0.5,117,26,36.55,142.1,24280000,,,,
1232,上海,2019,8,Shanghai,28.5,306.9,79,96,80,6,27,34,0.6,113,24,43.98,183.4,24280000,,,,
1233,上海,2019,9,Shanghai,24.5,229.9,79,68,81,6,33,32,0.61,105,21,47.24,161.5,24280000,,,,
1234,上海,2019,10,Shanghai,19.8,110.9,74,146,82,8,43,56,0.63,98,31,65.52,146.2,24280000,,,,
1235,上海,2019,11,Shanghai,14.9,22.5,69,417,83,8,46,57,0.6,83,27,61.49,138.2,24280000,,,,
1236,上海,2019,12,Shanghai,8.8,96,77,670,84,9,63,52,0.81,61,50,54.12,140.2,24280000,,,,
1237,上海,2020,1,Shanghai,7.3,142.7,81,396,85,7,44,45,0.85,67,54,25.95,70.2,24880000,,,,
1238,上海,2020,2,Shanghai,8.6,59.7,76,10,86,6,29,35,0.62,87,33,9.74,147.9,24880000,,,,
1239,上海,2020,3,Shanghai,12.3,95,70,3,87,6,33,39,0.57,99,27,42.1,155.4,24880000,,,,
1240,上海,2020,4,Shanghai,15.2,28.1,63,6,88,7,41,54,0.6,127,33,64.13,218.4,24880000,,,,
1241,上海,2020,5,Shanghai,22.3,75.2,76,13,89,7,36,51,0.73,130,39,50.76,151.3,24880000,,,,
1242,上海,2020,6,Shanghai,25.3,306.5,86,7,90,6,33,31,0.7,110,30,41.09,96.7,24880000,,,,
1243,上海,2020,7,Shanghai,26.6,343.1,85,9,91,5,32,32,0.61,105,27,51.12,98.4,24880000,,,,
1244,上海,2020,8,Shanghai,30.5,190.1,73,8,92,6,23,35,0.5,103,20,49.36,262.2,24880000,,,,
1245,上海,2020,9,Shanghai,24.3,183.8,76,16,93,6,40,38,0.72,112,25,57.33,171.2,24880000,,,,
1246,上海,2020,10,Shanghai,19.2,43.4,69,23,94,7,37,38,0.59,97,19,57.98,190.7,24880000,,,,
1247,上海,2020,11,Shanghai,15.3,75.6,76,99,95,7,42,44,0.64,78,27,73.46,147,24880000,,,,
1248,上海,2020,12,Shanghai,7,11.8,70,173,96,7,55,53,0.78,57,47,40.9,121.5,24880000,,,,
1249,西藏,2013,1,Tibet,-4.94,3.79,28.64,4,1,35,31,91,2,65,43,10.81,230.28,3120000,,,,
1250,西藏,2013,2,Tibet,-1.99,10.91,38.08,2,2,7,18,47,1.2,93,26,0,201.61,3120000,,,,
1251,西藏,2013,3,Tibet,1.54,12.17,40.67,0,3,10,19,59,1.4,100,23,0.15,222.17,3120000,,,,
1252,西藏,2013,4,Tibet,4.72,22.69,49.56,3,4,9,20,68,1.4,133,25,86.66,213.76,3120000,,,,
1253,西藏,2013,5,Tibet,8.9,46.03,52.64,4,5,8,18,72,1.1,141,29,12.51,240.13,3120000,,,,
1254,西藏,2013,6,Tibet,13.57,87.4,56.1,4,6,8,15,45,1.3,127,22,24.15,220.26,3120000,,,,
1255,西藏,2013,7,Tibet,14.03,112.66,66.64,6,7,10,13,36,1.9,93,15,23.79,174.13,3120000,,,,
1256,西藏,2013,8,Tibet,13.12,74.18,61.26,6,8,10,14,45,1.8,116,21,15.78,234.82,3120000,,,,
1257,西藏,2013,9,Tibet,10.22,67.44,63.87,1,9,10,16,43,1.2,99,18,13.66,203.2,3120000,,,,
1258,西藏,2013,10,Tibet,5.46,43.24,57.64,3,10,8,19,52,0.6,97,21,31.97,208.16,3120000,,,,
1259,西藏,2013,11,Tibet,-0.04,2.31,37.44,8,11,9,23,55,0.9,83,25,26.12,240.92,3120000,,,,
1260,西藏,2013,12,Tibet,-3.63,0.75,32.13,7,12,11,24,91,1.4,85,34,13.45,233.86,3120000,,,,
1261,西藏,2014,1,Tibet,-3.93,2.31,33.13,1,13,11,19,52,1.5,77,24,17.47,223.02,3180000,,,,
1262,西藏,2014,2,Tibet,-1.71,5.48,32.95,2,14,9,14,74,1.1,95,23,6.81,192.2,3180000,,,,
1263,西藏,2014,3,Tibet,1.11,12.63,38.64,0,15,9,13,53,1,103,21,0.39,219.56,3180000,,,,
1264,西藏,2014,4,Tibet,4.7,18,43.18,1,16,12,15,76,1.2,128,29,96.15,217.24,3180000,,,,
1265,西藏,2014,5,Tibet,9.46,35.89,48.9,10,17,13,15,62,1.1,135,25,23.12,232.51,3180000,,,,
1266,西藏,2014,6,Tibet,13.68,61.3,52.59,13,18,11,16,49,0.7,125,20,22.03,233.2,3180000,,,,
1267,西藏,2014,7,Tibet,13.69,130.32,67.67,7,19,9,16,32,0.6,96,14,14.46,175.17,3180000,,,,
1268,西藏,2014,8,Tibet,12.82,122.55,68.44,2,20,8,19,36,0.7,100,16,17.06,177.45,3180000,,,,
1269,西藏,2014,9,Tibet,10.97,54.48,62.77,4,21,10,19,38,0.7,94,16,25.02,195.81,3180000,,,,
1270,西藏,2014,10,Tibet,5.3,10.19,48.97,3,22,9,27,55,0.9,109,24,19.71,244.98,3180000,,,,
1271,西藏,2014,11,Tibet,1.14,1.23,35.85,7,23,10,33,75,0.9,91,32,31.62,234.1,3180000,,,,
1272,西藏,2014,12,Tibet,-2.16,3.67,32.79,4,24,14,32,75,1.5,83,40,4.86,225.4,3180000,,,,
1273,西藏,2015,1,Tibet,-5.3,7.83,36.62,0,25,14,17,55,1.4,72,32,0.07,217.25,3240000,,,,
1274,西藏,2015,2,Tibet,-2.72,6.77,33.97,0,26,13,14,46,1.7,73,23,23.28,202.67,3240000,,,,
1275,西藏,2015,3,Tibet,1.98,12.93,36.13,2,27,13,12,49,1.3,87,20,75.15,233.89,3240000,,,,
1276,西藏,2015,4,Tibet,4.67,33.83,50.49,10,28,12,13,48,1.1,105,20,23.62,203.96,3240000,,,,
1277,西藏,2015,5,Tibet,9.17,35.19,49.62,17,29,10,13,48,1,105,21,21.89,247.96,3240000,,,,
1278,西藏,2015,6,Tibet,13.2,64.15,54.36,8,30,10,10,47,0.5,94,19,18.47,225.17,3240000,,,,
1279,西藏,2015,7,Tibet,13.42,57.63,54.38,13,31,9,14,52,0.5,101,21,22.67,239.71,3240000,,,,
1280,西藏,2015,8,Tibet,12.9,122.61,65.41,7,32,9,11,39,0.6,85,16,19.54,184.88,3240000,,,,
1281,西藏,2015,9,Tibet,12.31,39.94,58.05,18,33,9,12,38,0.7,77,17,28.34,221.91,3240000,,,,
1282,西藏,2015,10,Tibet,5.9,9.93,46.13,19,34,10,15,59,0.9,80,26,19.22,242.98,3240000,,,,
1283,西藏,2015,11,Tibet,1.27,2.71,37,9,35,13,20,75,1.3,73,34,15.58,229.95,3240000,,,,
1284,西藏,2015,12,Tibet,-2.95,1.05,32.54,3,36,15,21,77,1.3,72,37,15.74,217.8,3240000,,,,
1285,西藏,2016,1,Tibet,-5.51,4.41,35.49,2,37,16,18,58,1,70,33,19.55,NA,3310000,,,,
1286,西藏,2016,2,Tibet,0.2,4.88,29.9,2,38,13,11,61,0.7,78,28,25.11,NA,3310000,,,,
1287,西藏,2016,3,Tibet,2.25,13.72,38.95,7,39,11,14,52,0.7,89,25,29.42,194.27,3310000,,,,
1288,西藏,2016,4,Tibet,6.09,23.17,44.51,7,40,10,15,74,0.8,102,26,17.84,169.86,3310000,,,,
1289,西藏,2016,5,Tibet,9.04,44.64,49.92,4,41,9,14,61,0.7,112,24,22.74,220.86,3310000,,,,
1290,西藏,2016,6,Tibet,12.57,106.39,62.28,15,42,8,14,36,0.7,88,17,28.15,166.44,3310000,,,,
1291,西藏,2016,7,Tibet,13.61,142.42,67.9,8,43,9,11,37,0.4,65,15,15.61,146.13,3310000,,,,
1292,西藏,2016,8,Tibet,13.76,56.22,61.26,5,44,10,15,40,0.4,77,16,21.15,217.33,3310000,,,,
1293,西藏,2016,9,Tibet,10.9,94.83,66.64,7,45,9,13,45,0.6,73,16,23.74,129.06,3310000,,,,
1294,西藏,2016,10,Tibet,6.33,0.61,49.87,9,46,9,17,82,0.6,76,26,25.63,210.43,3310000,,,,
1295,西藏,2016,11,Tibet,1.37,1.68,32.85,12,47,14,29,77,0.9,73,37,16.22,228.17,3310000,,,,
1296,西藏,2016,12,Tibet,-1.15,0.69,30.41,1,48,16,28,82,1,70,42,10.6,210.74,3310000,,,,
1297,西藏,2017,1,Tibet,-3.17,3.63,33.51,2,49,14,17,47,0.8,82,22,26.65,197.53,3370000,,,,
1298,西藏,2017,2,Tibet,0.64,5.52,31.46,1,50,13,15,52,0.8,92,21,16.89,187.11,3370000,,,,
1299,西藏,2017,3,Tibet,1.83,22.39,39.48,1,51,13,15,50,0.8,100,20,22.23,179.99,3370000,,,,
1300,西藏,2017,4,Tibet,6.42,40.38,43.97,1,52,12,14,62,0.7,113,22,24.77,220.38,3370000,,,,
1301,西藏,2017,5,Tibet,9.66,47.84,52.45,4,53,9,12,53,0.6,117,19,33.15,215.43,3370000,,,,
1302,西藏,2017,6,Tibet,13.17,82.43,56.4,10,54,7,12,45,0.5,110,14,25.34,202.57,3370000,,,,
1303,西藏,2017,7,Tibet,14.31,121.8,65.95,8,55,6,12,41,0.5,82,12,17.75,181.11,3370000,,,,
1304,西藏,2017,8,Tibet,14.48,102.79,65.63,4,56,6,12,33,0.5,81,11,20.99,183.93,3370000,,,,
1305,西藏,2017,9,Tibet,13.09,32.92,59.05,13,57,6,14,36,0.5,82,12,32.34,208.53,3370000,,,,
1306,西藏,2017,10,Tibet,8.34,24.35,48.34,26,58,7,17,39,0.6,87,15,22.97,231.4,3370000,,,,
1307,西藏,2017,11,Tibet,1.59,2.83,37.89,15,59,8,22,49,0.8,80,21,17.49,225.35,3370000,,,,
1308,西藏,2017,12,Tibet,-0.33,0.12,31.59,9,60,9,23,66,1.2,75,31,19.79,235.6,3370000,,,,
1309,西藏,2018,1,Tibet,-1.7,1.59,27.23,5,61,7,17,63,0.8,85,26,14.71,227.85,3440000,,,,
1310,西藏,2018,2,Tibet,0.45,7.71,34.79,1,62,8,10,47,0.7,92,18,16.88,178.2,3440000,,,,
1311,西藏,2018,3,Tibet,2.08,18.7,40.9,3,63,7,12,42,0.6,102,19,26.54,209.2,3440000,,,,
1312,西藏,2018,4,Tibet,6.17,19,45.33,1,64,6,12,52,0.6,118,20,15.28,205.35,3440000,,,,
1313,西藏,2018,5,Tibet,9.98,30.2,47.21,2,65,6,11,51,0.6,125,19,34.23,224.03,3440000,,,,
1314,西藏,2018,6,Tibet,14.47,55.7,52.8,11,66,6,10,33,0.5,118,13,29.79,212.99,3440000,,,,
1315,西藏,2018,7,Tibet,14.9,139.41,65.61,7,67,6,10,29,0.5,86,11,16.1,162.26,3440000,,,,
1316,西藏,2018,8,Tibet,14.15,115.01,69.23,3,68,4,9,29,0.5,74,11,18.91,151.51,3440000,,,,
1317,西藏,2018,9,Tibet,12.57,54.64,61.13,5,69,4,10,38,0.5,87,13,29.73,206.42,3440000,,,,
1318,西藏,2018,10,Tibet,5.09,15.58,46.86,15,70,5,12,46,0.5,94,18,26.68,227.53,3440000,,,,
1319,西藏,2018,11,Tibet,1.04,6.83,37.59,12,71,6,15,64,0.7,77,25,20.64,213.93,3440000,,,,
1320,西藏,2018,12,Tibet,-4.03,8.5,38.86,16,72,7,18,58,0.9,77,28,24.77,210.77,3440000,,,,
1321,西藏,2019,1,Tibet,-1.9,NA,28,8,73,6,21,34,0.7,84,14,11.93,247.5,3510000,,,,
1322,西藏,2019,2,Tibet,3.1,NA,20,1,74,5,13,34,0.6,86,11,18.27,205.6,3510000,,,,
1323,西藏,2019,3,Tibet,5.8,3,22,2,75,4,15,37,0.5,98,14,6.78,280.6,3510000,,,,
1324,西藏,2019,4,Tibet,9.7,6.7,36,-,76,5,15,34,0.4,116,11,0.46,262.5,3510000,,,,
1325,西藏,2019,5,Tibet,14.3,29,37,3,77,6,14,33,0.4,131,14,109.83,267.4,3510000,,,,
1326,西藏,2019,6,Tibet,19.6,2.7,31,13,78,6,12,26,0.4,116,12,15.27,306.1,3510000,,,,
1327,西藏,2019,7,Tibet,16.3,202.3,59,4,79,8,16,20,0.4,102,8,18.08,209.7,3510000,,,,
1328,西藏,2019,8,Tibet,16.8,133.2,56,6,80,8,18,20,0.4,96,7,26.33,239.6,3510000,,,,
1329,西藏,2019,9,Tibet,14.4,101.1,58,7,81,8,19,21,0.5,88,7,22.34,197.4,3510000,,,,
1330,西藏,2019,10,Tibet,10.3,11.5,46,8,82,7,20,28,0.5,93,10,25.47,239.2,3510000,,,,
1331,西藏,2019,11,Tibet,6.1,1.5,32,16,83,6,29,40,0.7,76,15,25.57,261.5,3510000,,,,
1332,西藏,2019,12,Tibet,0.3,NA,21,11,84,6,30,43,0.8,68,18,18.29,238,3510000,,,,
1333,西藏,2020,1,Tibet,-0.7,0.3,22,1,85,6,20,35,0.8,80,16,3.26,268.8,3660000,,,,
1334,西藏,2020,2,Tibet,1.7,0.2,21,-,86,6,9,20,0.6,90,10,0.34,279.4,3660000,,,,
1335,西藏,2020,3,Tibet,5.9,10.2,31,-,87,6,10,25,0.5,102,8,23.44,317.2,3660000,,,,
1336,西藏,2020,4,Tibet,7.8,9.1,40,-,88,6,15,32,0.4,106,10,16.55,310.9,3660000,,,,
1337,西藏,2020,5,Tibet,11.9,36,42,-,89,6,16,26,0.4,121,10,45.08,318.9,3660000,,,,
1338,西藏,2020,6,Tibet,17.7,76.9,47,1,90,7,15,22,0.4,105,10,91.53,306.4,3660000,,,,
1339,西藏,2020,7,Tibet,17.2,174.2,60,2,91,8,16,18,0.5,90,7,2.9,265.6,3660000,,,,
1340,西藏,2020,8,Tibet,17.2,79.1,54,-,92,8,19,22,0.4,91,8,0.44,323,3660000,,,,
1341,西藏,2020,9,Tibet,16.8,40.8,49,6,93,8,20,22,0.4,92,9,103.23,301,3660000,,,,
1342,西藏,2020,10,Tibet,13.1,1.3,35,6,94,7,26,36,0.6,83,14,11.04,316.8,3660000,,,,
1343,西藏,2020,11,Tibet,5,NA,24,5,95,6,29,40,0.7,82,16,27.44,275.5,3660000,,,,
1344,西藏,2020,12,Tibet,2.8,NA,18,6,96,5,31,43,0.9,72,19,17.46,261.2,3660000,,,,
1345,安徽,2013,1,Anhui,2.39,20.5,72.75,24,1,36,53,153,1.6,35,143,3.35,118,60300000,,,,
1346,安徽,2013,2,Anhui,5.46,79.54,78.33,11,2,20,32,96,1,54,87,30.91,87.16,60300000,,,,
1347,安徽,2013,3,Anhui,11.25,78.87,64.83,48,3,21,41,109,0.9,61,70,34.29,168.94,60300000,,,,
1348,安徽,2013,4,Anhui,15.76,63.71,59.04,39,4,18,38,112,0.7,76,63,23.47,212.11,60300000,,,,
1349,安徽,2013,5,Anhui,21.59,158.01,72.83,48,5,15,33,110,0.8,86,71,28.95,170.47,60300000,,,,
1350,安徽,2013,6,Anhui,24.76,115.55,76.38,49,6,16,25,96,0.7,82,72,23.97,165.22,60300000,,,,
1351,安徽,2013,7,Anhui,29.35,163.07,72.58,23,7,13,18,77,0.4,77,36,19.61,235.94,60300000,,,,
1352,安徽,2013,8,Anhui,29.68,111.68,70,12,8,16,21,102,0.6,85,46,23.12,235.1,60300000,,,,
1353,安徽,2013,9,Anhui,22.76,113.71,76.33,15,9,15,27,96,0.7,76,63,30.42,159.62,60300000,,,,
1354,安徽,2013,10,Anhui,17.44,23.94,68.71,26,10,21,37,143,0.9,69,102,29.03,195.18,60300000,,,,
1355,安徽,2013,11,Anhui,10.89,32.29,70.5,28,11,27,40,155,1.1,43,113,28.39,160.96,60300000,,,,
1356,安徽,2013,12,Anhui,3.58,20.91,64.92,54,12,44,46,198,1.9,33,164,30.51,151.19,60300000,,,,
1357,安徽,2014,1,Anhui,4.91,21.8,66.71,37,13,41,44,172,1.6,49,139,19.75,155.9,60830000,,,,
1358,安徽,2014,2,Anhui,4.1,104.03,82.96,13,14,29,28,93,1.1,52,74,21.22,69.97,60830000,,,,
1359,安徽,2014,3,Anhui,11.63,78.6,71.75,23,15,23,30,107,1.1,52,84,34.84,168.16,60830000,,,,
1360,安徽,2014,4,Anhui,16.11,146.48,78.88,56,16,18,25,97,1,58,59,31.81,147.57,60830000,,,,
1361,安徽,2014,5,Anhui,21.78,101.81,70.12,68,17,22,27,149,1.1,69,79,26.91,201.14,60830000,,,,
1362,安徽,2014,6,Anhui,24.62,127.97,78,69,18,34,22,115,1.2,84,85,25.93,133.19,60830000,,,,
1363,安徽,2014,7,Anhui,26.79,169.09,83.29,47,19,20,20,85,1,66,59,21.5,172.2,60830000,,,,
1364,安徽,2014,8,Anhui,24.9,168.2,86.83,22,20,13,18,73,1,53,49,22.56,108.54,60830000,,,,
1365,安徽,2014,9,Anhui,22.51,136.21,87.29,26,21,17,24,78,1.1,58,49,28.15,86.11,60830000,,,,
1366,安徽,2014,10,Anhui,17.98,62.57,76.54,28,22,23,36,104,1.2,56,63,28.79,187.75,60830000,,,,
1367,安徽,2014,11,Anhui,11.14,97.05,80,60,23,24,39,90,1.5,38,69,32.96,110.52,60830000,,,,
1368,安徽,2014,12,Anhui,3.78,5.13,62.17,100,24,32,40,90,1.2,33,59,31.37,190.2,60830000,,,,
1369,安徽,2015,1,Anhui,4.41,30.93,71.42,157,25,30,38,108,1.4,55,78,25.93,121.09,61440000,,,,
1370,安徽,2015,2,Anhui,5.84,83.44,74.5,64,26,25,25,90,1.2,60,64,20.63,118.04,61440000,,,,
1371,安徽,2015,3,Anhui,10.48,83.76,77,75,27,21,25,70,1.1,61,47,29.62,142.66,61440000,,,,
1372,安徽,2015,4,Anhui,15.42,138.17,75.75,104,28,23,27,77,1,71,48,30.57,186.09,61440000,,,,
1373,安徽,2015,5,Anhui,21.35,131.19,78.42,180,29,23,28,90,0.8,87,59,28.39,158.69,61440000,,,,
1374,安徽,2015,6,Anhui,24.13,238.77,81.04,103,30,19,25,66,0.8,84,41,21.23,110.34,61440000,,,,
1375,安徽,2015,7,Anhui,25.77,168.69,83.08,57,31,17,22,55,0.7,72,35,21.42,151.26,61440000,,,,
1376,安徽,2015,8,Anhui,26.22,128.61,81.04,27,32,18,25,65,0.7,80,39,22.44,196.16,61440000,,,,
1377,安徽,2015,9,Anhui,22.4,52.49,78.62,34,33,18,27,69,0.8,83,42,31.59,164.18,61440000,,,,
1378,安徽,2015,10,Anhui,17.58,62.57,74.42,72,34,22,37,99,0.9,86,64,32.55,171.66,61440000,,,,
1379,安徽,2015,11,Anhui,10.24,124.37,86.79,100,35,22,35,75,1.1,58,53,27.73,63.86,61440000,,,,
1380,安徽,2015,12,Anhui,5.38,28.26,76.46,103,36,29,46,119,1.3,53,85,28.06,110.28,61440000,,,,
1381,安徽,2016,1,Anhui,2.53,57.98,78.08,106,37,26,44,107,1.2,52,81,22.62,NA,61960000,,,,
1382,安徽,2016,2,Anhui,5.91,27.89,65.38,34,38,25,37,91,1.1,68,65,21.67,155.56,61960000,,,,
1383,安徽,2016,3,Anhui,10.95,52.21,68.96,82,39,24,42,98,1,81,69,35.12,136.38,61960000,,,,
1384,安徽,2016,4,Anhui,17.15,134.19,80.62,94,40,19,36,79,0.9,98,48,26.54,137.03,61960000,,,,
1385,安徽,2016,5,Anhui,19.98,147.9,79.67,106,41,19,31,77,0.8,107,47,27.44,138.15,61960000,,,,
1386,安徽,2016,6,Anhui,24.08,204.41,84.71,85,42,19,29,52,0.7,99,33,24.14,126.47,61960000,,,,
1387,安徽,2016,7,Anhui,27.85,197.1,84.21,54,43,17,27,45,0.7,95,28,22.65,171.59,61960000,,,,
1388,安徽,2016,8,Anhui,28.14,69.37,77.62,29,44,19,27,51,0.8,116,29,22.06,214.2,61960000,,,,
1389,安徽,2016,9,Anhui,23.37,145.07,75.88,23,45,20,32,65,0.8,121,39,28.26,130,61960000,,,,
1390,安徽,2016,10,Anhui,17.46,7.44,87.69,49,46,17,34,59,0.8,64,38,33.77,38.35,61960000,,,,
1391,安徽,2016,11,Anhui,10.58,66.8,83.71,72,47,21,46,95,1,63,62,28.48,101.67,61960000,,,,
1392,安徽,2016,12,Anhui,6.48,63.68,79,80,48,24,56,126,1.3,59,92,28.42,121.88,61960000,,,,
1393,安徽,2017,1,Anhui,4.5,61.22,76.62,83,49,22,46,121,1.2,60,88,24,114.27,62550000,,,,
1394,安徽,2017,2,Anhui,5.79,35.67,71.32,39,50,22,43,113,1,84,82,24.22,118.55,62550000,,,,
1395,安徽,2017,3,Anhui,9.72,89.52,70.42,86,51,19,43,100,0.8,96,64,34.09,122.53,62550000,,,,
1396,安徽,2017,4,Anhui,17.13,104.85,70.31,110,52,17,37,96,0.9,120,53,29.22,199.98,62550000,,,,
1397,安徽,2017,5,Anhui,22.1,103.22,71.26,206,53,15,31,99,0.8,148,51,32.21,214.96,62550000,,,,
1398,安徽,2017,6,Anhui,24.38,159.59,78.28,202,54,14,26,71,0.7,145,42,23.27,144.58,62550000,,,,
1399,安徽,2017,7,Anhui,29.26,122.23,78.24,73,55,14,24,55,0.6,112,30,19.07,228.71,62550000,,,,
1400,安徽,2017,8,Anhui,27.05,247.44,84.48,41,56,14,24,52,0.7,109,28,24.5,160.13,62550000,,,,
1401,安徽,2017,9,Anhui,22.42,176.94,86.33,44,57,14,31,61,0.8,106,35,28.88,109.66,62550000,,,,
1402,安徽,2017,10,Anhui,15.91,118.12,82.54,63,58,17,40,77,0.8,94,46,30.95,115.91,62550000,,,,
1403,安徽,2017,11,Anhui,11.11,24.03,71.07,110,59,18,53,112,0.9,76,68,32.18,140.46,62550000,,,,
1404,安徽,2017,12,Anhui,4.62,16.64,67.96,170,60,20,58,130,1.1,58,92,29.27,144.51,62550000,,,,
1405,安徽,2018,1,Anhui,1.12,84.82,79.39,119,61,17,48,115,1.1,64,92,20.85,89.6,63240000,,,,
1406,安徽,2018,2,Anhui,4.11,45.58,70.41,41,62,16,39,101,0.9,78,68,21.79,130.86,63240000,,,,
1407,安徽,2018,3,Anhui,11.84,102.64,76.41,67,63,14,38,81,0.8,101,53,33.32,157.72,63240000,,,,
1408,安徽,2018,4,Anhui,17.23,NA,72.08,108,64,13,35,103,0.8,126,48,31.54,177.36,63240000,,,,
1409,安徽,2018,5,Anhui,21.71,214.29,80.96,188,65,11,28,75,0.7,123,41,30.18,132.44,63240000,,,,
1410,安徽,2018,6,Anhui,25.45,122.93,75.52,159,66,12,24,61,0.7,157,35,24.88,198.13,63240000,,,,
1411,安徽,2018,7,Anhui,28.46,182.66,81.46,99,67,10,21,46,0.6,113,24,21.05,214.69,63240000,,,,
1412,安徽,2018,8,Anhui,27.94,246.81,82.3,37,68,11,21,47,0.7,121,26,22.91,204.44,63240000,,,,
1413,安徽,2018,9,Anhui,23.06,79.26,79.34,68,69,12,29,62,0.7,124,32,33.08,157.93,63240000,,,,
1414,安徽,2018,10,Anhui,16.36,12.99,68.59,84,70,14,41,82,0.7,123,46,29.75,196.73,63240000,,,,
1415,安徽,2018,11,Anhui,11.26,76.84,82.26,168,71,11,44,93,1,77,65,32.96,116.56,63240000,,,,
1416,安徽,2018,12,Anhui,4.49,115.75,80.69,201,72,12,47,94,1,51,66,27.26,65.73,63240000,,,,
1417,安徽,2019,1,Anhui,2.8,55.3,82,138,73,8,53,98,1.08,44,87,21.43,96.3,63660000,,,,
1418,安徽,2019,2,Anhui,3.4,88,88,53,74,4,34,71,0.89,63,65,23.13,39.9,63660000,,,,
1419,安徽,2019,3,Anhui,11.5,12.9,71,100,75,7,49,88,0.74,95,55,33.86,176.3,63660000,,,,
1420,安徽,2019,4,Anhui,16.7,46.7,79,136,76,6,41,73,0.75,104,42,30.05,167.7,63660000,,,,
1421,安徽,2019,5,Anhui,21.5,47.9,69,239,77,5,39,69,0.65,138,30,31.93,214.7,63660000,,,,
1422,安徽,2019,6,Anhui,25.4,156.7,79,244,78,4,29,50,0.7,153,28,24.71,210.4,63660000,,,,
1423,安徽,2019,7,Anhui,28.3,20.8,80,111,79,4,26,51,0.62,131,26,20.54,236.2,63660000,,,,
1424,安徽,2019,8,Anhui,27.9,51.3,79,63,80,5,27,48,0.65,138,21,25.23,242.7,63660000,,,,
1425,安徽,2019,9,Anhui,23.2,11.9,77,84,81,6,39,66,0.73,137,30,31.22,196.2,63660000,,,,
1426,安徽,2019,10,Anhui,17.1,17.8,79,145,82,8,50,88,0.74,92,43,33.84,149.7,63660000,,,,
1427,安徽,2019,11,Anhui,11.7,48,73,348,83,8,54,84,0.68,72,41,33.85,171.5,63660000,,,,
1428,安徽,2019,12,Anhui,5.6,24.3,82,416,84,8,57,73,0.87,41,59,27,146.9,63660000,,,,
1429,安徽,2020,1,Anhui,3.4,102.4,90,160,85,6,42,59,0.87,45,65,14.01,52.7,61050000,,,,
1430,安徽,2020,2,Anhui,7.4,44.5,80,10,86,6,23,44,0.59,75,36,11.96,133.7,61050000,,,,
1431,安徽,2020,3,Anhui,11.7,112,76,18,87,7,37,60,0.61,84,35,36.36,157.6,61050000,,,,
1432,安徽,2020,4,Anhui,15.4,19.8,71,22,88,9,47,71,0.59,111,32,27.58,224.3,61050000,,,,
1433,安徽,2020,5,Anhui,22.9,45.2,75,26,89,6,34,64,0.56,137,31,29.09,217.3,61050000,,,,
1434,安徽,2020,6,Anhui,25.4,344.1,87,29,90,5,26,38,0.54,100,19,28.89,125.5,61050000,,,,
1435,安徽,2020,7,Anhui,25.1,529.9,93,40,91,4,25,36,0.66,93,24,30.83,83.3,61050000,,,,
1436,安徽,2020,8,Anhui,28.9,90.7,85,48,92,5,22,44,0.55,109,18,26.99,229.1,61050000,,,,
1437,安徽,2020,9,Anhui,23.1,64.7,84,33,93,6,41,62,0.66,131,28,25.3,172.9,61050000,,,,
1438,安徽,2020,10,Anhui,16.3,63,85,41,94,8,50,66,0.68,89,34,31.04,136.8,61050000,,,,
1439,安徽,2020,11,Anhui,11.5,61.9,82,61,95,9,53,69,0.75,59,38,30.61,151,61050000,,,,
1440,安徽,2020,12,Anhui,3.5,19.4,74,69,96,10,62,85,0.95,41,73,27.24,133.8,61050000,,,,
1441,江蘇,2013,1,Jiangsu,1.72,11.57,74.35,142,1,51,61,160,1.7,35,119,4.75,146.7,79390000,,,,
1442,江蘇,2013,2,Jiangsu,4.32,63.16,78.57,40,2,28,30,106,1.2,77,81,33.03,96.34,79390000,,,,
1443,江蘇,2013,3,Jiangsu,9.5,36.28,64.35,116,3,36,41,122,1.1,85,68,48.91,196.9,79390000,,,,
1444,江蘇,2013,4,Jiangsu,14.39,32.17,58.48,196,4,35,40,117,1,111,62,39.74,246.76,79390000,,,,
1445,江蘇,2013,5,Jiangsu,20.45,127.45,75.57,233,5,26,33,101,1,111,60,36.6,177.71,79390000,,,,
1446,江蘇,2013,6,Jiangsu,23.86,115.03,78.7,160,6,22,29,105,0.9,116,68,29.15,152.21,79390000,,,,
1447,江蘇,2013,7,Jiangsu,30.16,144.39,73.65,57,7,23,28,76,0.8,110,38,25.44,240.34,79390000,,,,
1448,江蘇,2013,8,Jiangsu,29.82,74.67,73.39,31,8,25,26,77,0.8,116,39,33.1,271.04,79390000,,,,
1449,江蘇,2013,9,Jiangsu,23.03,103.09,78.26,39,9,23,30,75,0.9,95,45,39.93,180.51,79390000,,,,
1450,江蘇,2013,10,Jiangsu,17.5,68.32,72.61,56,10,27,38,101,0.9,96,59,42.13,212.05,79390000,,,,
1451,江蘇,2013,11,Jiangsu,10.87,22.64,68.61,125,11,40,51,151,1.2,59,90,46.01,170.57,79390000,,,,
1452,江蘇,2013,12,Jiangsu,3.64,8.71,65.87,228,12,60,64,214,1.7,42,152,41.38,163.93,79390000,,,,
1453,江蘇,2014,1,Jiangsu,4.3,15.51,69.74,206,13,43,49,159,1.4,49,109,29.64,169.12,79600000,,,,
1454,江蘇,2014,2,Jiangsu,3.83,87.35,79.13,75,14,28,33,98,1.1,70,76,30.18,96.07,79600000,,,,
1455,江蘇,2014,3,Jiangsu,10.8,49.87,67.87,155,15,34,43,127,1.1,86,76,46.5,192.16,79600000,,,,
1456,江蘇,2014,4,Jiangsu,15.51,92.67,75.04,237,16,26,37,99,1,105,61,41.3,182.57,79600000,,,,
1457,江蘇,2014,5,Jiangsu,21.83,66.15,63.7,441,17,31,39,142,1,144,71,41.58,248.53,79600000,,,,
1458,江蘇,2014,6,Jiangsu,23.78,112.36,78.65,334,18,23,32,107,0.9,136,71,29.12,135.97,79600000,,,,
1459,江蘇,2014,7,Jiangsu,26.84,198.44,82.48,121,19,19,27,86,0.9,121,54,26.56,168.13,79600000,,,,
1460,江蘇,2014,8,Jiangsu,25.19,193.82,86.35,68,20,19,28,70,0.9,107,45,30.43,126.53,79600000,,,,
1461,江蘇,2014,9,Jiangsu,22.49,134.93,85.26,48,21,20,28,63,0.8,100,37,37.62,117.1,79600000,,,,
1462,江蘇,2014,10,Jiangsu,17.95,43.27,75.96,128,22,24,37,93,0.8,106,51,48.9,217.31,79600000,,,,
1463,江蘇,2014,11,Jiangsu,11.72,66.4,75.26,223,23,31,47,114,1.1,72,69,40.64,140.24,79600000,,,,
1464,江蘇,2014,12,Jiangsu,3.32,3.88,60.74,320,24,45,49,132,1.2,50,76,41.15,201.57,79600000,,,,
1465,江蘇,2015,1,Jiangsu,3.85,25.49,69.74,373,25,36,50,138,1.3,53,93,33.22,131.21,79760000,,,,
1466,江蘇,2015,2,Jiangsu,5.21,35.2,70.35,162,26,24,34,109,1.1,74,71,29.95,132.24,79760000,,,,
1467,江蘇,2015,3,Jiangsu,9.63,64.74,72.17,227,27,24,38,96,1,88,57,42.51,166.75,79760000,,,,
1468,江蘇,2015,4,Jiangsu,14.63,81.47,70.91,332,28,27,40,97,1,121,54,41.57,196.72,79760000,,,,
1469,江蘇,2015,5,Jiangsu,20.18,93.26,73.83,571,29,22,34,83,0.8,130,45,40.81,190.03,79760000,,,,
1470,江蘇,2015,6,Jiangsu,23.98,203.83,77,451,30,19,31,78,0.8,123,44,30.59,135.21,79760000,,,,
1471,江蘇,2015,7,Jiangsu,26.24,133.27,82.65,184,31,17,27,63,0.7,114,39,26.31,158.01,79760000,,,,
1472,江蘇,2015,8,Jiangsu,26.75,171.93,81.7,83,32,19,26,63,0.8,125,36,30.35,208.69,79760000,,,,
1473,江蘇,2015,9,Jiangsu,22.79,89.39,79.57,88,33,20,29,60,0.8,126,34,41.1,195.03,79760000,,,,
1474,江蘇,2015,10,Jiangsu,17.78,44.76,74.3,174,34,25,43,99,0.9,116,55,44.16,204.77,79760000,,,,
1475,江蘇,2015,11,Jiangsu,11.04,130.33,83.26,263,35,22,41,85,1.1,62,56,40.75,79.87,79760000,,,,
1476,江蘇,2015,12,Jiangsu,5.24,26.78,74.96,359,36,30,52,133,1.3,50,91,38.57,131.39,79760000,,,,
1477,江蘇,2016,1,Jiangsu,1.94,36.46,70.74,251,37,29,46,114,1.2,60,78,28.74,NA,79990000,,,,
1478,江蘇,2016,2,Jiangsu,5.09,19.37,64.39,103,38,24,37,106,1.1,82,68,31.37,NA,79990000,,,,
1479,江蘇,2016,3,Jiangsu,10.07,29.56,66.13,189,39,25,44,110,1.1,92,65,45.73,NA,79990000,,,,
1480,江蘇,2016,4,Jiangsu,16.51,107.26,75.3,277,40,21,40,92,1,119,49,39.39,NA,79990000,,,,
1481,江蘇,2016,5,Jiangsu,19.91,127.22,74.22,336,41,18,32,83,0.9,126,44,38.29,160,79990000,,,,
1482,江蘇,2016,6,Jiangsu,24.1,217.7,81.35,269,42,15,27,60,0.8,119,35,30.24,134.08,79990000,,,,
1483,江蘇,2016,7,Jiangsu,28.37,213.35,81.78,90,43,15,24,58,0.8,120,34,25.84,183.67,79990000,,,,
1484,江蘇,2016,8,Jiangsu,28.49,69.61,76.7,63,44,16,21,47,0.7,126,24,36.53,261.92,79990000,,,,
1485,江蘇,2016,9,Jiangsu,23.7,153.51,77.83,91,45,17,29,62,0.8,126,35,42.04,130.25,79990000,,,,
1486,江蘇,2016,10,Jiangsu,18,9.3,85.88,135,46,14,30,49,0.8,74,27,40.32,53.67,79990000,,,,
1487,江蘇,2016,11,Jiangsu,10.67,57.05,80.57,175,47,20,45,87,1,64,52,40.45,122.33,79990000,,,,
1488,江蘇,2016,12,Jiangsu,6.25,50.25,77.83,256,48,23,51,110,1.1,62,74,39.59,141.33,79990000,,,,
1489,江蘇,2017,1,Jiangsu,4.46,56.64,75.61,180,49,20,42,101,1.1,69,69,28.51,125.3,80290000,,,,
1490,江蘇,2017,2,Jiangsu,5.5,26.87,67.77,74,50,21,45,103,1.1,91,72,32.49,137.03,80290000,,,,
1491,江蘇,2017,3,Jiangsu,9.34,41.77,66.75,173,51,19,45,92,0.9,109,55,48.44,152.62,80290000,,,,
1492,江蘇,2017,4,Jiangsu,16.91,73.01,65.23,270,52,19,42,98,1,140,50,40.41,220.29,80290000,,,,
1493,江蘇,2017,5,Jiangsu,22.1,56.74,66.55,405,53,17,35,97,0.8,159,44,41.37,235.52,80290000,,,,
1494,江蘇,2017,6,Jiangsu,24.44,126.32,74.22,393,54,14,29,72,0.8,155,40,31.57,179.98,80290000,,,,
1495,江蘇,2017,7,Jiangsu,30.38,149.16,76.89,130,55,13,27,57,0.7,127,30,25.42,235.56,80290000,,,,
1496,江蘇,2017,8,Jiangsu,28.11,203.23,82.69,82,56,11,25,52,0.8,122,28,35.03,193.1,80290000,,,,
1497,江蘇,2017,9,Jiangsu,23.2,188.69,84.22,91,57,12,32,59,0.8,113,34,37.95,141.48,80290000,,,,
1498,江蘇,2017,10,Jiangsu,16.88,95.33,80.53,107,58,13,36,63,0.8,92,37,41.55,143.27,80290000,,,,
1499,江蘇,2017,11,Jiangsu,11.42,20.7,70.27,259,59,17,53,101,1,71,56,48.17,162.65,80290000,,,,
1500,江蘇,2017,12,Jiangsu,4.84,8.87,65.86,461,60,20,61,126,1.2,54,81,40.22,172.02,80290000,,,,
1501,江蘇,2018,1,Jiangsu,1.67,69.36,75.72,304,61,17,51,120,1.2,59,89,26.99,109.43,80510000,,,,
1502,江蘇,2018,2,Jiangsu,3.88,31.2,67.29,86,62,15,39,96,1,79,62,27.94,152.36,80510000,,,,
1503,江蘇,2018,3,Jiangsu,11.07,80.99,75.88,155,63,14,46,90,0.9,101,58,48.22,172.12,80510000,,,,
1504,江蘇,2018,4,Jiangsu,16.78,NA,67.94,330,64,14,43,113,0.8,137,55,44.69,195.73,80510000,,,,
1505,江蘇,2018,5,Jiangsu,21.16,160.85,78.74,575,65,11,33,80,0.8,134,45,42.1,154.46,80510000,,,,
1506,江蘇,2018,6,Jiangsu,25.37,72.83,73.7,536,66,11,27,64,0.7,165,38,30.86,218.18,80510000,,,,
1507,江蘇,2018,7,Jiangsu,28.74,214.63,83.38,167,67,9,22,48,0.6,121,26,25.48,232.96,80510000,,,,
1508,江蘇,2018,8,Jiangsu,28.72,204.17,84.12,108,68,8,19,42,0.6,119,23,33.99,235.66,80510000,,,,
1509,江蘇,2018,9,Jiangsu,24.07,88.82,79.23,102,69,11,31,55,0.7,128,30,39.53,177.89,80510000,,,,
1510,江蘇,2018,10,Jiangsu,16.95,13.12,68.28,233,70,12,43,74,0.7,122,43,49.18,216.49,80510000,,,,
1511,江蘇,2018,11,Jiangsu,11.88,80.55,84.12,572,71,11,49,92,1,81,65,45.76,118.12,80510000,,,,
1512,江蘇,2018,12,Jiangsu,5.23,93.17,77.77,823,72,12,48,90,0.9,52,56,38.38,90.96,80510000,,,,
1513,江蘇,2019,1,Jiangsu,4.1,51.5,75,516,73,11,55,108,1,46,74,27.24,92.5,80700000,,,,
1514,江蘇,2019,2,Jiangsu,4.4,90.4,84,170,74,8,36,82,0.88,68,60,30.46,40.2,80700000,,,,
1515,江蘇,2019,3,Jiangsu,11.8,37.6,66,348,75,14,51,97,0.93,93,54,46.32,168.5,80700000,,,,
1516,江蘇,2019,4,Jiangsu,16.8,51.5,73,432,76,12,42,74,0.74,109,41,39.41,160.5,80700000,,,,
1517,江蘇,2019,5,Jiangsu,21.8,41.1,60,725,77,13,38,69,0.71,143,31,42.19,186.3,80700000,,,,
1518,江蘇,2019,6,Jiangsu,25.3,109.2,75,596,78,10,29,52,0.75,161,29,30.38,164.5,80700000,,,,
1519,江蘇,2019,7,Jiangsu,28.3,63.9,81,205,79,8,30,46,0.72,139,25,25.76,159.6,80700000,,,,
1520,江蘇,2019,8,Jiangsu,28.6,123,77,118,80,8,25,38,0.65,137,19,34.73,211.8,80700000,,,,
1521,江蘇,2019,9,Jiangsu,24.3,51.4,75,164,81,8,36,47,0.71,136,24,42.37,175.4,80700000,,,,
1522,江蘇,2019,10,Jiangsu,18.9,1.4,70,295,82,9,47,82,0.79,103,37,46.72,133.9,80700000,,,,
1523,江蘇,2019,11,Jiangsu,13.4,41.7,67,862,83,9,54,85,0.82,82,37,48.75,161.9,80700000,,,,
1524,江蘇,2019,12,Jiangsu,7.3,59.1,78,1254,84,9,58,82,1.06,53,53,37.24,143.9,80700000,,,,
1525,江蘇,2020,1,Jiangsu,5.1,75.2,86,507,85,6,41,78,0.82,58,60,20.81,44.6,84770000,,,,
1526,江蘇,2020,2,Jiangsu,8.2,35.5,76,32,86,6,25,45,0.67,83,32,11.8,130.2,84770000,,,,
1527,江蘇,2020,3,Jiangsu,12.3,89.9,69,8,87,7,38,58,0.73,99,30,32.4,153.4,84770000,,,,
1528,江蘇,2020,4,Jiangsu,15.8,70.8,59,28,88,9,43,68,0.86,130,32,52.81,210.9,84770000,,,,
1529,江蘇,2020,5,Jiangsu,23,33.7,71,42,89,9,33,60,0.85,150,31,39.09,167.8,84770000,,,,
1530,江蘇,2020,6,Jiangsu,25.8,281.6,87,54,90,6,25,36,0.84,121,20,39.43,95.2,84770000,,,,
1531,江蘇,2020,7,Jiangsu,25.4,271.9,95,59,91,5,26,37,0.81,103,23,38.82,95.2,84770000,,,,
1532,江蘇,2020,8,Jiangsu,30.1,114.3,82,72,92,6,24,37,0.7,131,16,37.13,202.5,84770000,,,,
1533,江蘇,2020,9,Jiangsu,24.1,82.8,78,53,93,8,34,45,0.73,135,22,34.96,171.3,84770000,,,,
1534,江蘇,2020,10,Jiangsu,17.5,64.9,74,82,94,7,41,54,0.69,100,23,45.71,154.3,84770000,,,,
1535,江蘇,2020,11,Jiangsu,13.2,76.8,76,186,95,6,43,63,0.73,72,29,45.8,140.4,84770000,,,,
1536,江蘇,2020,12,Jiangsu,4.6,20.6,67,223,96,9,56,93,0.95,51,58,33.96,137.5,84770000,,,,
1537,河南,2013,1,Henan,0.21,8.67,65.58,104,1,96,69,294,4.8,23,205,3.75,85.99,94130000,,,,
1538,河南,2013,2,Henan,3.6,18.13,71.42,44,2,64,45,219,3.3,47,149,21.01,70.28,94130000,,,,
1539,河南,2013,3,Henan,11.01,12.29,52.89,73,3,51,47,159,2.4,57,82,27.28,153.25,94130000,,,,
1540,河南,2013,4,Henan,15.65,31.79,52.32,88,4,47,44,139,2.4,82,76,22.95,209.85,94130000,,,,
1541,河南,2013,5,Henan,22.01,125.43,64.21,73,5,44,53,150,1.9,100,87,22.77,166.93,94130000,,,,
1542,河南,2013,6,Henan,26.06,34.74,64.74,77,6,30,43,154,1.8,101,88,22.21,183.21,94130000,,,,
1543,河南,2013,7,Henan,28.68,133.66,75.58,39,7,19,36,130,1.8,63,74,18.5,165.41,94130000,,,,
1544,河南,2013,8,Henan,28.77,111.67,68.21,27,8,26,36,102,1.9,94,59,21.9,248.11,94130000,,,,
1545,河南,2013,9,Henan,22.18,40.54,71.11,28,9,36,47,132,2.6,82,86,25.21,144.6,94130000,,,,
1546,河南,2013,10,Henan,16.51,20.89,62.16,48,10,63,53,197,3.2,76,148,27.92,173.23,94130000,,,,
1547,河南,2013,11,Henan,9.02,36.12,65.74,79,11,82,58,134,2.7,33,80,27.05,156.37,94130000,,,,
1548,河南,2013,12,Henan,2.78,0.25,57.42,103,12,93,62,172,2.4,11,113,23.41,137.03,94130000,,,,
1549,河南,2014,1,Henan,3.69,2.96,53.32,57,13,90,62,204,2.6,38,147,18.41,126.55,94360000,,,,
1550,河南,2014,2,Henan,2.31,37.32,74.58,35,14,71,42,165,2.1,56,125,22.93,54.14,94360000,,,,
1551,河南,2014,3,Henan,12.08,9.02,57.89,62,15,58,46,160,1.6,84,90,28.49,178.17,94360000,,,,
1552,河南,2014,4,Henan,16.06,89.17,69.89,89,16,39,42,139,1.8,93,77,26.09,149.87,94360000,,,,
1553,河南,2014,5,Henan,22.04,53.81,56.79,132,17,39,40,138,1.4,117,62,26.54,214.48,94360000,,,,
1554,河南,2014,6,Henan,25.36,61.15,66.32,154,18,34,35,120,1.4,137,72,23.72,159.51,94360000,,,,
1555,河南,2014,7,Henan,27.44,71.42,70.16,113,19,26,31,101,1.1,133,55,20.63,228.2,94360000,,,,
1556,河南,2014,8,Henan,24.73,107.47,77.05,74,20,29,33,96,1.1,107,52,22.25,142.95,94360000,,,,
1557,河南,2014,9,Henan,20.65,200.12,84,88,21,26,36,87,1.3,78,51,25.3,101.29,94360000,,,,
1558,河南,2014,10,Henan,16.9,48.85,73.16,97,22,45,47,130,1.5,62,80,25.62,136.79,94360000,,,,
1559,河南,2014,11,Henan,9.48,41.86,71.11,161,23,59,57,165,1.8,43,110,27.52,116.72,94360000,,,,
1560,河南,2014,12,Henan,3.24,0.54,47.05,210,24,90,56,131,1.8,44,74,26.34,173.63,94360000,,,,
1561,河南,2015,1,Henan,3.13,12.76,59.26,265,25,70,61,183,2,45,122,22.96,116.79,94800000,,,,
1562,河南,2015,2,Henan,4.87,11.17,59.26,121,26,53,43,168,1.7,69,103,19.07,122.63,94800000,,,,
1563,河南,2015,3,Henan,10.34,34.64,62.58,127,27,39,42,152,1.3,81,82,26.85,145.96,94800000,,,,
1564,河南,2015,4,Henan,15.15,85.67,66.32,213,28,33,37,133,1.1,106,68,28.1,198.75,94800000,,,,
1565,河南,2015,5,Henan,21.07,92.5,67.84,289,29,32,33,136,1.1,133,76,25.01,197.97,94800000,,,,
1566,河南,2015,6,Henan,24.37,140.25,68.47,232,30,26,30,118,1.1,131,62,21.83,124.72,94800000,,,,
1567,河南,2015,7,Henan,26.43,90.01,74.68,146,31,18,27,98,1,120,58,20.06,191.43,94800000,,,,
1568,河南,2015,8,Henan,25.69,117.51,77.53,76,32,19,27,89,1,121,49,20.71,188.73,94800000,,,,
1569,河南,2015,9,Henan,21.61,43.3,74.95,85,33,24,35,99,1.2,107,55,27.65,137.41,94800000,,,,
1570,河南,2015,10,Henan,16.47,44.3,64.95,158,34,38,48,128,1.4,86,69,28.21,156.25,94800000,,,,
1571,河南,2015,11,Henan,7.23,71.42,84.47,177,35,34,45,116,1.7,43,77,24.45,46.83,94800000,,,,
1572,河南,2015,12,Henan,3.64,3.29,63.79,196,36,55,62,214,2.4,43,135,25.94,115.83,94800000,,,,
1573,河南,2016,1,Henan,0.32,6.84,61.53,178,37,58,59,208,2.4,44,136,19.88,NA,95320000,,,,
1574,河南,2016,2,Henan,5.03,16.57,46.89,55,38,53,42,151,1.9,76,84,19.37,172.27,95320000,,,,
1575,河南,2016,3,Henan,11.18,13.98,51.68,119,39,45,48,174,1.5,102,81,32.08,NA,95320000,,,,
1576,河南,2016,4,Henan,17.63,56.97,66.11,167,40,34,42,146,1.3,120,67,25.95,165.4,95320000,,,,
1577,河南,2016,5,Henan,20.4,77.38,61.58,192,41,25,32,97,1,137,45,24.28,175.47,95320000,,,,
1578,河南,2016,6,Henan,25.3,129.44,68.05,135,42,19,30,84,1.1,151,43,22.36,190.57,95320000,,,,
1579,河南,2016,7,Henan,27.5,179.07,78.16,117,43,12,23,70,1.1,123,40,22.48,176.2,95320000,,,,
1580,河南,2016,8,Henan,26.93,77.15,77.21,64,44,15,24,67,1.1,124,38,21.06,165.47,95320000,,,,
1581,河南,2016,9,Henan,23.2,56.24,65.89,69,45,25,39,100,1.3,139,52,26.92,121.47,95320000,,,,
1582,河南,2016,10,Henan,15.67,4.49,79.76,103,46,20,41,80,1.2,66,44,28.35,69.87,95320000,,,,
1583,河南,2016,11,Henan,8.6,35.5,76.95,152,47,28,51,161,1.6,49,96,26.42,101.67,95320000,,,,
1584,河南,2016,12,Henan,4.95,24.17,71.32,130,48,37,59,201,2.1,47,142,22.92,100.07,95320000,,,,
1585,河南,2017,1,Henan,2.82,24.96,67.08,97,49,35,54,198,2.4,51,134,22.18,102.36,95590000,,,,
1586,河南,2017,2,Henan,5.31,17.75,60.89,72,50,34,47,154,1.7,80,100,24.46,125.27,95590000,,,,
1587,河南,2017,3,Henan,9.74,19.66,57.47,108,51,29,46,126,1.2,95,73,28.15,142.28,95590000,,,,
1588,河南,2017,4,Henan,17.27,45.6,60.33,145,52,23,38,115,1.2,115,54,28.6,200.97,95590000,,,,
1589,河南,2017,5,Henan,23.09,67,56.62,297,53,20,33,135,1,162,52,29.16,250.88,95590000,,,,
1590,河南,2017,6,Henan,25.29,90.43,65.42,262,54,14,31,94,1,177,47,22.5,190.62,95590000,,,,
1591,河南,2017,7,Henan,28.71,136.51,73.65,170,55,9,22,70,1,141,37,21.22,216.69,95590000,,,,
1592,河南,2017,8,Henan,26.97,144.38,77.07,93,56,12,26,72,1.1,140,39,21.06,181.76,95590000,,,,
1593,河南,2017,9,Henan,22.24,154.69,78.96,78,57,16,36,85,1.1,125,43,25.58,132.8,95590000,,,,
1594,河南,2017,10,Henan,14.74,122.73,81.41,118,58,15,42,89,1.1,74,51,29.4,89.52,95590000,,,,
1595,河南,2017,11,Henan,9.85,6.29,56.37,220,59,22,55,136,1.2,66,75,30.82,156.75,95590000,,,,
1596,河南,2017,12,Henan,4.02,1.62,48.96,398,60,24,57,148,1.5,57,94,27.71,169.46,95590000,,,,
1597,河南,2018,1,Henan,-0.19,38.9,64.45,254,61,21,51,155,1.6,59,111,18.98,106.45,96050000,,,,
1598,河南,2018,2,Henan,4.22,11.82,50.81,88,62,20,39,144,1.3,84,86,19.47,153.75,96050000,,,,
1599,河南,2018,3,Henan,11.68,34.56,65.51,103,63,15,39,124,1.1,109,75,29.19,176.3,96050000,,,,
1600,河南,2018,4,Henan,17.29,NA,63.94,171,64,16,35,145,1,123,52,28.35,185.36,96050000,,,,
1601,河南,2018,5,Henan,21.9,139.73,68.31,208,65,14,30,105,0.9,147,46,27.24,166.59,96050000,,,,
1602,河南,2018,6,Henan,26.85,83.53,61.06,252,66,12,28,79,0.9,188,37,24.46,221.38,96050000,,,,
1603,河南,2018,7,Henan,28.53,138.58,77.37,126,67,9,22,62,0.8,136,33,20.28,198.53,96050000,,,,
1604,河南,2018,8,Henan,28.08,128.89,75.47,98,68,11,23,66,1,148,35,24.48,221.52,96050000,,,,
1605,河南,2018,9,Henan,21.87,65.78,69.66,99,69,13,36,75,1,124,34,27.01,150.41,96050000,,,,
1606,河南,2018,10,Henan,16.39,3.61,53.43,180,70,18,53,111,1,121,57,31.57,208.22,96050000,,,,
1607,河南,2018,11,Henan,9.58,38.65,72.41,361,71,16,53,155,1.3,68,97,30.35,117.76,96050000,,,,
1608,河南,2018,12,Henan,2.45,22.41,60.64,486,72,20,57,163,1.4,41,102,26.41,86.88,96050000,,,,
1609,河南,2019,1,Henan,1.4,13.4,53,305,73,18,68,165,1.38,38,122,18.66,71.4,96400000,,,,
1610,河南,2019,2,Henan,2.5,11.8,63,93,74,12,44,151,1.13,76,121,20.75,74.9,96400000,,,,
1611,河南,2019,3,Henan,12.8,2,43,192,75,11,49,113,0.69,101,54,31.58,213.7,96400000,,,,
1612,河南,2019,4,Henan,16.6,29.6,56,188,76,9,41,114,0.82,116,54,25.24,181.9,96400000,,,,
1613,河南,2019,5,Henan,23.8,0.6,40,275,77,9,38,116,0.64,149,40,29.08,212.4,96400000,,,,
1614,河南,2019,6,Henan,28.8,86.1,47,282,78,6,34,79,0.64,179,30,23.97,169.7,96400000,,,,
1615,河南,2019,7,Henan,29.8,99.9,58,158,79,4,36,69,0.73,174,30,20.46,168.7,96400000,,,,
1616,河南,2019,8,Henan,27.3,254.4,67,85,80,5,31,55,0.78,145,25,22.55,159.5,96400000,,,,
1617,河南,2019,9,Henan,23,41.3,64,98,81,8,39,69,0.88,153,32,29.1,167.3,96400000,,,,
1618,河南,2019,10,Henan,16.6,81.8,64,175,82,8,48,88,0.87,90,36,30.41,129.2,96400000,,,,
1619,河南,2019,11,Henan,11,4,56,259,83,11,56,120,0.99,63,71,28.65,112.2,96400000,,,,
1620,河南,2019,12,Henan,4.5,8.5,57,301,84,11,52,109,1.2,45,89,25.03,159.1,96400000,,,,
1621,河南,2020,1,Henan,2.7,47.7,72,119,85,11,50,129,1.3,59,120,15.7,62,99410000,,,,
1622,河南,2020,2,Henan,6.3,33.5,65,19,86,8,21,74,0.82,89,60,14.99,150.3,99410000,,,,
1623,河南,2020,3,Henan,12.8,5.5,51,15,87,10,37,97,0.68,103,48,27.37,170.1,99410000,,,,
1624,河南,2020,4,Henan,16.2,22.3,49,17,88,11,41,96,0.61,127,43,24.99,218.1,99410000,,,,
1625,河南,2020,5,Henan,24.7,54.5,47,12,89,9,33,89,0.62,159,29,25.2,245.9,99410000,,,,
1626,河南,2020,6,Henan,27.1,129.1,62,21,90,6,30,76,0.67,165,30,31.25,121.1,99410000,,,,
1627,河南,2020,7,Henan,26.6,127,79,30,91,4,28,59,0.71,153,29,28.86,97.2,99410000,,,,
1628,河南,2020,8,Henan,27.5,129,82,45,92,4,27,50,0.75,122,23,28.63,124,99410000,,,,
1629,河南,2020,9,Henan,24.6,51.7,58,45,93,8,39,70,0.72,145,29,25.3,165.8,99410000,,,,
1630,河南,2020,10,Henan,15.6,31.1,67,45,94,10,56,104,0.83,72,48,27.6,87.5,99410000,,,,
1631,河南,2020,11,Henan,10.9,39.6,62,75,95,10,48,105,0.92,56,70,31.19,102.2,99410000,,,,
1632,河南,2020,12,Henan,2.9,8.4,53,110,96,12,52,115,1.04,45,83,27.21,132.7,99410000,,,,
1633,陝西,2013,1,Shaanxi,-1.25,1.99,53.29,143,1,110,80,301,4,29,218,4.2,192.12,37640000,,,,
1634,陝西,2013,2,Shaanxi,2.65,8.97,62.23,42,2,71,60,259,3.6,55,203,29.73,127.94,37640000,,,,
1635,陝西,2013,3,Shaanxi,10.48,7.5,43.29,111,3,50,68,327,2.2,66,121,40.73,218.8,37640000,,,,
1636,陝西,2013,4,Shaanxi,13.57,36.66,50,141,4,29,58,181,2.2,81,80,33.74,236.79,37640000,,,,
1637,陝西,2013,5,Shaanxi,18.79,107.44,63.49,208,5,19,47,117,1.3,88,54,35.35,188.43,37640000,,,,
1638,陝西,2013,6,Shaanxi,23.16,68.95,63.69,171,6,17,37,88,1.1,105,42,26.71,217.67,37640000,,,,
1639,陝西,2013,7,Shaanxi,24.12,170.8,79.37,61,7,14,35,93,1.4,108,50,22.33,146.66,37640000,,,,
1640,陝西,2013,8,Shaanxi,24.35,78.56,73,31,8,21,38,110,1.1,121,58,28.29,242.51,37640000,,,,
1641,陝西,2013,9,Shaanxi,18.63,78.1,74.17,37,9,27,50,135,1.5,100,80,36.67,146.9,37640000,,,,
1642,陝西,2013,10,Shaanxi,13.58,29.03,68.2,67,10,34,65,188,2,66,114,37.19,199.22,37640000,,,,
1643,陝西,2013,11,Shaanxi,5.42,24.66,67.51,86,11,45,52,132,1.8,27,68,34.72,155.31,37640000,,,,
1644,陝西,2013,12,Shaanxi,-0.43,0.45,57,109,12,92,69,254,2.9,11,176,32.32,187,37640000,,,,
1645,陝西,2014,1,Shaanxi,0.28,1.05,44.4,61,13,98,59,203,2.5,39,127,24.85,188.08,37750000,,,,
1646,陝西,2014,2,Shaanxi,0.32,17.32,71.51,35,14,64,44,208,2.6,55,153,31.01,79.8,37750000,,,,
1647,陝西,2014,3,Shaanxi,8.78,24.05,53.89,63,15,39,47,164,2.2,79,74,37.93,187.55,37750000,,,,
1648,陝西,2014,4,Shaanxi,13.57,77.61,68.97,75,16,19,39,131,1.6,84,60,34.92,146.55,37750000,,,,
1649,陝西,2014,5,Shaanxi,17.5,56.01,57.31,136,17,18,37,139,1.3,100,66,37.52,223.22,37750000,,,,
1650,陝西,2014,6,Shaanxi,22.17,61.61,64.86,130,18,12,34,91,1.3,115,43,29.49,202.79,37750000,,,,
1651,陝西,2014,7,Shaanxi,24.77,81.53,65.86,67,19,11,31,76,0.9,120,35,23.86,264.2,37750000,,,,
1652,陝西,2014,8,Shaanxi,21.78,118.91,73.09,26,20,11,33,80,1,104,41,27.13,193.61,37750000,,,,
1653,陝西,2014,9,Shaanxi,17.99,195.43,83.49,42,21,10,33,69,1.2,70,37,39.4,105.4,37750000,,,,
1654,陝西,2014,10,Shaanxi,13.39,38.91,74.69,64,22,18,46,135,1.4,63,72,35.99,139.13,37750000,,,,
1655,陝西,2014,11,Shaanxi,6.06,23.05,70.86,88,23,33,45,133,1.6,37,78,34.84,128.63,37750000,,,,
1656,陝西,2014,12,Shaanxi,-0.93,1.1,49.54,103,24,52,44,123,2.1,34,62,35.15,181.86,37750000,,,,
1657,陝西,2015,1,Shaanxi,-0.1,7.82,58.83,111,25,50,48,147,2.6,43,94,27.8,149.69,37930000,,,,
1658,陝西,2015,2,Shaanxi,2.38,6.73,56.23,39,26,35,34,121,1.9,70,68,27.75,153.79,37930000,,,,
1659,陝西,2015,3,Shaanxi,8.1,27.96,59.09,115,27,25,36,110,1.6,80,57,44.36,166.91,37930000,,,,
1660,陝西,2015,4,Shaanxi,13.36,77.49,61.71,150,28,17,32,92,1.5,102,37,34.89,212.71,37930000,,,,
1661,陝西,2015,5,Shaanxi,18.13,67.63,61.23,284,29,16,31,90,1.3,114,41,38.65,229.94,37930000,,,,
1662,陝西,2015,6,Shaanxi,21.2,118.12,68.14,304,30,11,26,70,1,108,34,31.39,154.06,37930000,,,,
1663,陝西,2015,7,Shaanxi,24.15,42.79,64.37,193,31,11,26,71,0.9,128,36,25.25,263.5,37930000,,,,
1664,陝西,2015,8,Shaanxi,22.6,80.23,69.31,75,32,10,27,69,0.9,111,32,27.79,226.09,37930000,,,,
1665,陝西,2015,9,Shaanxi,18.25,109.63,77.34,146,33,11,29,70,1.1,96,40,41.4,132.08,37930000,,,,
1666,陝西,2015,10,Shaanxi,12.45,60.09,71.89,216,34,15,39,97,1.3,74,47,35.61,152.7,37930000,,,,
1667,陝西,2015,11,Shaanxi,6.73,45.85,83.14,303,35,21,40,89,1.7,36,50,36.1,74.97,37930000,,,,
1668,陝西,2015,12,Shaanxi,0.62,5.85,66.4,397,36,35,51,166,2,42,104,35.85,149.83,37930000,,,,
1669,陝西,2016,1,Shaanxi,-2.4,4.23,58.89,366,37,36,50,152,2.1,52,98,26.21,NA,38130000,,,,
1670,陝西,2016,2,Shaanxi,1.25,8.69,48.46,95,38,29,36,123,1.8,78,60,23.96,169,38130000,,,,
1671,陝西,2016,3,Shaanxi,8.31,15.73,52.37,175,39,25,45,149,1.4,97,68,42.29,NA,38130000,,,,
1672,陝西,2016,4,Shaanxi,15.01,35.04,58.51,281,40,15,38,101,1.1,113,44,36.8,172.18,38130000,,,,
1673,陝西,2016,5,Shaanxi,17.07,70.98,60.97,446,41,13,30,85,0.9,127,39,37.41,187.54,38130000,,,,
1674,陝西,2016,6,Shaanxi,22.63,83.62,63.51,485,42,11,26,63,0.8,145,29,30.65,219.69,38130000,,,,
1675,陝西,2016,7,Shaanxi,24.72,143.72,71.66,218,43,8,23,54,0.8,125,27,23.51,195.25,38130000,,,,
1676,陝西,2016,8,Shaanxi,24.93,71.64,71.94,94,44,10,23,61,0.9,123,33,28.25,199.08,38130000,,,,
1677,陝西,2016,9,Shaanxi,19.12,59.06,72.71,128,45,13,37,77,1,108,42,37.78,112.28,38130000,,,,
1678,陝西,2016,10,Shaanxi,12.68,2.91,79.33,176,46,13,36,74,1.1,64,41,36.14,86.39,38130000,,,,
1679,陝西,2016,11,Shaanxi,6.13,16.46,68.11,262,47,27,52,157,1.6,45,83,37.5,127.24,38130000,,,,
1680,陝西,2016,12,Shaanxi,2.25,5.47,64.91,334,48,34,59,160,2,41,109,33.04,136.89,38130000,,,,
1681,陝西,2017,1,Shaanxi,0.08,5.81,58.65,197,49,36,53,167,2,54,112,25.91,133.61,38350000,,,,
1682,陝西,2017,2,Shaanxi,2.6,14.17,57.43,102,50,31,51,135,1.7,78,88,29.62,136.25,38350000,,,,
1683,陝西,2017,3,Shaanxi,6.47,36.76,57.98,157,51,21,45,93,1.2,91,52,40.56,139.34,38350000,,,,
1684,陝西,2017,4,Shaanxi,13.97,43.54,58.23,331,52,14,41,96,1,107,41,40.74,193.19,38350000,,,,
1685,陝西,2017,5,Shaanxi,18.65,57,55.41,543,53,13,38,102,0.9,130,43,36.13,228.19,38350000,,,,
1686,陝西,2017,6,Shaanxi,22.21,104.06,63.43,474,54,12,32,67,0.9,149,32,29.76,209.06,38350000,,,,
1687,陝西,2017,7,Shaanxi,26.4,115.9,63.88,227,55,11,29,64,1,147,30,23.73,252.24,38350000,,,,
1688,陝西,2017,8,Shaanxi,23.17,139.21,73.69,82,56,10,29,59,1,125,28,27.34,167.15,38350000,,,,
1689,陝西,2017,9,Shaanxi,18.74,106.5,78.7,127,57,11,36,74,1.1,93,35,39.23,124.87,38350000,,,,
1690,陝西,2017,10,Shaanxi,11.41,132.37,84.7,158,58,11,36,69,1.1,52,39,34.92,58.64,38350000,,,,
1691,陝西,2017,11,Shaanxi,6.01,5.73,63.92,210,59,22,54,122,1.5,49,69,36.28,151.17,38350000,,,,
1692,陝西,2017,12,Shaanxi,0.18,0.69,52.17,232,60,33,61,153,1.7,46,88,32.76,184.06,38350000,,,,
1693,陝西,2018,1,Shaanxi,-2.96,18.27,63.55,152,61,31,54,139,1.7,58,94,26.83,126.1,38640000,,,,
1694,陝西,2018,2,Shaanxi,1.12,4.17,48.48,75,62,28,43,126,1.4,84,69,29.51,185.21,38640000,,,,
1695,陝西,2018,3,Shaanxi,10.64,22.21,58.6,119,63,19,46,129,1.2,101,64,40.37,200.94,38640000,,,,
1696,陝西,2018,4,Shaanxi,14.91,NA,57.33,203,64,14,39,129,0.9,112,44,38.67,188.25,38640000,,,,
1697,陝西,2018,5,Shaanxi,18.52,63.8,62.53,327,65,11,34,103,0.8,123,38,37.63,184.54,38640000,,,,
1698,陝西,2018,6,Shaanxi,22.69,93.17,62.98,346,66,11,31,67,0.8,145,30,31.08,202.55,38640000,,,,
1699,陝西,2018,7,Shaanxi,24.78,173.19,77.73,162,67,8,23,53,0.9,120,27,24.23,166.34,38640000,,,,
1700,陝西,2018,8,Shaanxi,24.96,96.43,73.44,70,68,9,25,60,0.9,144,30,28.45,220.38,38640000,,,,
1701,陝西,2018,9,Shaanxi,17.28,85.11,74.85,104,69,10,32,54,0.8,97,24,41.43,123.54,38640000,,,,
1702,陝西,2018,10,Shaanxi,11.58,11.73,62.68,246,70,12,47,84,0.9,89,42,42.39,184.36,38640000,,,,
1703,陝西,2018,11,Shaanxi,5.37,21.99,66.91,478,71,17,54,127,1.3,52,65,40.05,126.66,38640000,,,,
1704,陝西,2018,12,Shaanxi,-1.28,3.54,53.53,745,72,24,54,146,1.4,43,75,35.87,104.87,38640000,,,,
1705,陝西,2019,1,Shaanxi,1,6.6,53,463,73,17,70,181,1.64,37,139,24.35,80.5,38760000,,,,
1706,陝西,2019,2,Shaanxi,3.5,9.1,62,150,74,11,44,157,1.31,66,114,27.82,92,38760000,,,,
1707,陝西,2019,3,Shaanxi,12.5,1.3,39,331,75,8,58,113,0.76,84,45,42.92,226.1,38760000,,,,
1708,陝西,2019,4,Shaanxi,17.5,56.7,58,387,76,7,46,107,0.82,101,45,33.71,174.2,38760000,,,,
1709,陝西,2019,5,Shaanxi,21,21.2,53,498,77,6,43,115,0.58,117,42,37.37,161.3,38760000,,,,
1710,陝西,2019,6,Shaanxi,25.5,112.7,60,598,78,5,34,54,0.61,144,26,32.69,130.8,38760000,,,,
1711,陝西,2019,7,Shaanxi,27.5,55.6,62,286,79,5,32,49,0.56,152,22,23.92,204.6,38760000,,,,
1712,陝西,2019,8,Shaanxi,26.7,80.8,65,121,80,5,34,56,0.68,138,26,29.9,176.1,38760000,,,,
1713,陝西,2019,9,Shaanxi,20.9,163.7,75,213,81,6,41,54,0.7,109,28,39.49,163.3,38760000,,,,
1714,陝西,2019,10,Shaanxi,14.5,56.8,80,222,82,7,46,75,0.77,48,38,34.43,85.3,38760000,,,,
1715,陝西,2019,11,Shaanxi,8.8,9.7,70,298,83,10,58,125,0.96,32,79,34.65,102.2,38760000,,,,
1716,陝西,2019,12,Shaanxi,3.9,0.3,56,200,84,15,65,143,1.15,32,100,30.18,155.4,38760000,,,,
1717,陝西,2020,1,Shaanxi,2.4,3.1,68,104,85,13,49,144,1.49,46,130,19.86,83.7,39550000,,,,
1718,陝西,2020,2,Shaanxi,6.2,7.2,54,8,86,11,29,97,0.97,88,74,16.43,172.6,39550000,,,,
1719,陝西,2020,3,Shaanxi,12.6,16.5,49,16,87,9,46,111,0.61,86,47,41.9,164.9,39550000,,,,
1720,陝西,2020,4,Shaanxi,16.4,8.4,47,12,88,9,49,94,0.6,105,39,32.78,186.1,39550000,,,,
1721,陝西,2020,5,Shaanxi,23,81.7,47,31,89,7,38,85,0.52,129,28,43.63,221.3,39550000,,,,
1722,陝西,2020,6,Shaanxi,24.9,131.2,67,30,90,6,31,58,0.62,128,25,30.43,132.6,39550000,,,,
1723,陝西,2020,7,Shaanxi,25.7,102.9,76,27,91,5,28,54,0.63,134,26,36.31,143.3,39550000,,,,
1724,陝西,2020,8,Shaanxi,25.4,116.6,79,47,92,5,29,47,0.63,110,22,37.09,147.1,39550000,,,,
1725,陝西,2020,9,Shaanxi,21.8,40.7,70,35,93,7,43,70,0.69,110,33,31.09,161.1,39550000,,,,
1726,陝西,2020,10,Shaanxi,13.6,68.5,78,50,94,7,45,86,0.73,43,37,41.05,69.2,39550000,,,,
1727,陝西,2020,11,Shaanxi,9.4,42.9,68,112,95,9,56,125,0.92,50,71,42.09,110.1,39550000,,,,
1728,陝西,2020,12,Shaanxi,1,2.7,63,147,96,13,54,120,1.04,33,80,32.37,83.6,39550000,,,,
1729,青海,2013,1,Qinghai,-11.05,1.53,38.74,5,1,47,44,154,2.8,20,89,2.3,213.87,5780000,,,,
1730,青海,2013,2,Qinghai,-5.02,4.3,36.21,1,2,42,31,196,2.2,41,84,23.57,208.59,5780000,,,,
1731,青海,2013,3,Qinghai,-0.09,1.95,27.71,6,3,39,32,405,1.9,52,116,37.16,264.82,5780000,,,,
1732,青海,2013,4,Qinghai,3.81,13.23,36.71,12,4,31,31,237,1,107,73,29.63,255.06,5780000,,,,
1733,青海,2013,5,Qinghai,8.02,56.87,52.91,37,5,25,31,124,1.1,85,53,32.14,218.5,5780000,,,,
1734,青海,2013,6,Qinghai,13.2,52.15,52.18,41,6,38,29,109,1.4,92,48,21.42,260.26,5780000,,,,
1735,青海,2013,7,Qinghai,14.08,92.78,62.76,19,7,26,39,111,1.3,72,54,19.59,186.82,5780000,,,,
1736,青海,2013,8,Qinghai,14.77,43.17,54.09,18,8,52,33,112,1.3,97,56,25.9,287.06,5780000,,,,
1737,青海,2013,9,Qinghai,8.33,47.48,58.59,27,9,41,42,102,1.3,81,54,27.85,195.64,5780000,,,,
1738,青海,2013,10,Qinghai,2.74,14.85,51.06,34,10,47,49,109,1.5,62,50,23.85,237.71,5780000,,,,
1739,青海,2013,11,Qinghai,-5.72,3.46,48.38,25,11,56,60,130,2.3,38,66,24.14,227.23,5780000,,,,
1740,青海,2013,12,Qinghai,-10.71,1.22,44.91,20,12,96,66,136,3,27,82,15.45,225.87,5780000,,,,
1741,青海,2014,1,Qinghai,-9.82,1.1,35.71,1,13,87,52,163,2.5,35,89,8.93,224.25,5830000,,,,
1742,青海,2014,2,Qinghai,-6.31,5.7,40,2,14,44,30,148,1.6,58,81,37.66,187.36,5830000,,,,
1743,青海,2014,3,Qinghai,-0.98,7.65,37.91,7,15,33,37,157,1.3,50,63,31.43,234.91,5830000,,,,
1744,青海,2014,4,Qinghai,3.7,21.75,45.79,12,16,36,28,156,1.1,66,67,29.2,233.71,5830000,,,,
1745,青海,2014,5,Qinghai,7.61,27.16,41.79,26,17,41,28,153,1,78,62,29.18,248.59,5830000,,,,
1746,青海,2014,6,Qinghai,11.45,94.52,59.44,27,18,29,30,85,0.9,68,50,23.44,177,5830000,,,,
1747,青海,2014,7,Qinghai,14.3,65.53,57.12,16,19,32,32,86,1,75,48,17.78,244.26,5830000,,,,
1748,青海,2014,8,Qinghai,12.27,82.65,61.59,5,20,33,35,91,1,83,53,20.8,198.46,5830000,,,,
1749,青海,2014,9,Qinghai,9.3,66.6,62.76,17,21,30,36,90,0.9,74,50,36.5,181.04,5830000,,,,
1750,青海,2014,10,Qinghai,3.48,21,58.41,30,22,28,40,92,1.1,59,51,25.35,221.84,5830000,,,,
1751,青海,2014,11,Qinghai,-4.1,3.41,47.91,24,23,40,49,100,1.6,44,71,23,211.94,5830000,,,,
1752,青海,2014,12,Qinghai,-9.85,2.29,41.32,15,24,57,49,107,2.1,45,59,17.59,217.08,5830000,,,,
1753,青海,2015,1,Qinghai,-10.05,4.36,44.32,2,25,30,23,98,1.2,77,48,11.49,221.34,5880000,,,,
1754,青海,2015,2,Qinghai,-6,2.24,36.79,1,26,25,17,97,0.9,96,46,27.36,198.94,5880000,,,,
1755,青海,2015,3,Qinghai,-0.31,4.56,34.26,7,27,22,17,141,0.8,109,50,44.02,228.59,5880000,,,,
1756,青海,2015,4,Qinghai,3.7,22.67,44.79,32,28,19,18,105,0.6,121,46,32.79,239.07,5880000,,,,
1757,青海,2015,5,Qinghai,8.12,41.81,50.59,54,29,15,17,102,0.8,129,40,28.69,237.38,5880000,,,,
1758,青海,2015,6,Qinghai,11.43,78.5,59.65,90,30,16,20,72,0.7,127,38,26.35,200.23,5880000,,,,
1759,青海,2015,7,Qinghai,13,51.9,55.85,48,31,16,20,59,0.7,111,33,17.97,278.6,5880000,,,,
1760,青海,2015,8,Qinghai,12.7,49.24,55.21,17,32,16,20,66,0.7,111,36,18.56,245.09,5880000,,,,
1761,青海,2015,9,Qinghai,9.34,61.51,63.76,16,33,17,21,57,0.7,91,32,28.61,185.35,5880000,,,,
1762,青海,2015,10,Qinghai,3.49,10.84,47.56,45,34,19,24,79,0.8,83,38,32.4,250.51,5880000,,,,
1763,青海,2015,11,Qinghai,-1.85,3.99,46.21,64,35,27,26,89,1.1,68,46,26.03,217.72,5880000,,,,
1764,青海,2015,12,Qinghai,-9.9,1.21,43.53,68,36,31,25,86,1.2,69,47,24.51,214.17,5880000,,,,
1765,青海,2016,1,Qinghai,-10.96,2.07,40.85,38,37,28,20,88,1.1,70,41,17.47,NA,5930000,,,,
1766,青海,2016,2,Qinghai,-7.41,1.77,32.56,9,38,23,15,99,1,69,41,17.12,206.93,5930000,,,,
1767,青海,2016,3,Qinghai,-0.75,11.82,36.94,12,39,18,17,124,0.9,89,47,30.97,192.15,5930000,,,,
1768,青海,2016,4,Qinghai,4.28,22.75,46.5,27,40,16,17,87,0.7,99,33,30.58,197.63,5930000,,,,
1769,青海,2016,5,Qinghai,8.28,50.62,50.82,42,41,14,17,90,0.7,104,36,27.4,216.63,5930000,,,,
1770,青海,2016,6,Qinghai,12.5,48.46,52.03,54,42,15,19,59,0.8,117,28,27.1,235.54,5930000,,,,
1771,青海,2016,7,Qinghai,14.8,79.25,57.41,51,43,15,17,62,0.8,112,30,20.63,222.07,5930000,,,,
1772,青海,2016,8,Qinghai,15.94,83.09,60.88,16,44,14,18,57,0.9,106,30,19.25,232.13,5930000,,,,
1773,青海,2016,9,Qinghai,8.74,51.01,64.85,28,45,13,19,41,0.8,89,20,31.37,154.06,5930000,,,,
1774,青海,2016,10,Qinghai,3.55,0.96,55.78,39,46,16,23,68,0.9,84,30,26.02,196.55,5930000,,,,
1775,青海,2016,11,Qinghai,-3.03,1.67,42.12,39,47,27,29,103,1.2,74,41,24.47,205.58,5930000,,,,
1776,青海,2016,12,Qinghai,-7.12,1.57,41.06,27,48,39,29,79,1.2,73,38,20.35,206.79,5930000,,,,
1777,青海,2017,1,Qinghai,-9.09,2.71,45.47,10,49,35,26,119,1.2,81,44,18.24,192.61,5980000,,,,
1778,青海,2017,2,Qinghai,-4.81,5,40.46,7,50,30,22,102,1.1,92,39,25.26,168.07,5980000,,,,
1779,青海,2017,3,Qinghai,-2.66,12.11,46.79,12,51,24,20,76,1,110,33,30.28,195.4,5980000,,,,
1780,青海,2017,4,Qinghai,3.93,21.25,46.35,21,52,20,20,85,0.9,114,30,29.34,224.51,5980000,,,,
1781,青海,2017,5,Qinghai,7.32,47.9,49.72,37,53,15,18,58,0.7,127,24,30,247.62,5980000,,,,
1782,青海,2017,6,Qinghai,10.6,68.09,61.97,64,54,13,18,44,0.7,123,21,28.28,189.62,5980000,,,,
1783,青海,2017,7,Qinghai,14.87,54.49,57.12,56,55,13,17,48,0.8,126,24,21.35,256.16,5980000,,,,
1784,青海,2017,8,Qinghai,13.32,103.85,65.72,27,56,10,16,37,0.8,104,21,21.91,190.04,5980000,,,,
1785,青海,2017,9,Qinghai,9.52,66.22,68.3,39,57,13,20,38,0.8,94,22,28.71,176.85,5980000,,,,
1786,青海,2017,10,Qinghai,4.05,35,61.6,42,58,15,23,53,0.9,82,27,25,200.55,5980000,,,,
1787,青海,2017,11,Qinghai,-3.8,2.74,47.79,41,59,22,27,66,1.1,78,33,24.6,221.87,5980000,,,,
1788,青海,2017,12,Qinghai,-7.39,1.31,39.25,31,60,31,32,96,1.2,75,47,22.35,229.47,5980000,,,,
1789,青海,2018,1,Qinghai,-8.84,2.42,38.01,17,61,29,27,89,1.1,84,43,19.62,208.55,6030000,,,,
1790,青海,2018,2,Qinghai,-6.63,3.23,36.64,9,62,24,20,91,1.1,98,36,23.9,190.23,6030000,,,,
1791,青海,2018,3,Qinghai,-0.24,11.53,41.91,19,63,19,22,92,1,106,34,31.78,231.22,6030000,,,,
1792,青海,2018,4,Qinghai,3.99,NA,45.39,29,64,15,20,111,0.8,110,39,28.95,221.98,6030000,,,,
1793,青海,2018,5,Qinghai,8.52,46.5,53.47,60,65,12,18,79,0.7,118,32,30.83,225.78,6030000,,,,
1794,青海,2018,6,Qinghai,11.94,87.47,62.73,78,66,12,18,43,0.8,124,23,25.59,185.08,6030000,,,,
1795,青海,2018,7,Qinghai,14.41,101.6,64.83,56,67,12,17,40,0.8,119,22,21.11,218.16,6030000,,,,
1796,青海,2018,8,Qinghai,13.84,115.14,69.3,21,68,11,18,35,0.8,102,20,17.2,188.02,6030000,,,,
1797,青海,2018,9,Qinghai,9.3,72.79,68.31,12,69,12,19,42,0.8,103,21,28.23,157.8,6030000,,,,
1798,青海,2018,10,Qinghai,1.32,18.14,60,63,70,14,22,55,0.8,93,27,36.45,215.03,6030000,,,,
1799,青海,2018,11,Qinghai,-4.53,13.01,58.01,60,71,19,27,78,1,84,33,23.66,191.67,6030000,,,,
1800,青海,2018,12,Qinghai,-8.99,3.19,49.48,72,72,20,29,87,1.2,82,41,25.88,207.07,6030000,,,,
1801,青海,2019,1,Qinghai,-7.2,2.4,54,35,73,32,51,86,2.05,58,58,17.77,180.6,6080000,,,,
1802,青海,2019,2,Qinghai,-3.1,2.4,51,15,74,18,32,84,1.34,73,41,23.56,162.6,6080000,,,,
1803,青海,2019,3,Qinghai,2.7,4.1,39,33,75,16,38,88,1.16,98,36,30.41,220.2,6080000,,,,
1804,青海,2019,4,Qinghai,10.3,22,44,28,76,18,34,82,1.07,112,37,24.83,227.2,6080000,,,,
1805,青海,2019,5,Qinghai,11.4,52.4,58,51,77,11,24,97,0.81,114,42,30.69,197.1,6080000,,,,
1806,青海,2019,6,Qinghai,14.7,95.8,69,66,78,13,27,36,0.88,114,22,27,154.2,6080000,,,,
1807,青海,2019,7,Qinghai,16.5,69.8,65,57,79,14,30,42,0.94,116,25,20.1,206.1,6080000,,,,
1808,青海,2019,8,Qinghai,16.6,129.3,65,16,80,12,27,35,0.9,119,18,20.13,212.4,6080000,,,,
1809,青海,2019,9,Qinghai,12.3,125.3,72,43,81,11,34,40,0.95,97,21,35.26,180.4,6080000,,,,
1810,青海,2019,10,Qinghai,6.6,29.4,68,66,82,12,41,53,1.09,67,29,27.77,165.2,6080000,,,,
1811,青海,2019,11,Qinghai,0.9,2.5,53,94,83,21,51,78,1.4,61,47,27.21,198.9,6080000,,,,
1812,青海,2019,12,Qinghai,-5.3,1.1,51,68,84,26,53,65,1.94,54,51,21.29,227.4,6080000,,,,
1813,青海,2020,1,Qinghai,-5.3,4.8,59,26,85,22,46,73,2.04,79,61,16.93,198.5,5930000,,,,
1814,青海,2020,2,Qinghai,-2.4,1.6,36,6,86,18,31,70,1.28,94,38,15.8,245.6,5930000,,,,
1815,青海,2020,3,Qinghai,2.8,5.1,44,3,87,13,32,86,0.96,99,34,23.35,215.3,5930000,,,,
1816,青海,2020,4,Qinghai,6.6,3.9,44,4,88,11,33,83,0.95,106,33,28.94,210.5,5930000,,,,
1817,青海,2020,5,Qinghai,11.7,62.9,51,5,89,11,29,61,0.75,114,28,25.97,215.3,5930000,,,,
1818,青海,2020,6,Qinghai,14.8,64.1,61,7,90,12,31,45,0.74,117,23,34.67,170.4,5930000,,,,
1819,青海,2020,7,Qinghai,16.8,82,67,37,91,14,29,39,0.81,125,21,32.83,179.3,5930000,,,,
1820,青海,2020,8,Qinghai,16.1,123.6,70,15,92,14,29,40,0.85,108,21,18.12,184.6,5930000,,,,
1821,青海,2020,9,Qinghai,12.4,72.7,74,17,93,12,33,41,0.75,91,24,30.57,164.1,5930000,,,,
1822,青海,2020,10,Qinghai,6.2,2.4,56,30,94,13,40,65,0.98,81,33,28.01,187.6,5930000,,,,
1823,青海,2020,11,Qinghai,0.7,3.1,57,25,95,22,57,97,1.62,59,61,24.2,187.6,5930000,,,,
1824,青海,2020,12,Qinghai,-7.1,1.6,58,48,96,24,47,75,1.58,53,55,38.97,187.3,5930000,,,,
1825,山東,2013,1,Shandong,-2.5,10.22,73.91,372,1,171,84,268,2.5,32,183,3.66,139.32,97330000,,,,
1826,山東,2013,2,Shandong,0.33,14.64,72.87,80,2,107,52,182,1.6,66,123,26.79,124.51,97330000,,,,
1827,山東,2013,3,Shandong,6.36,10.2,54.22,210,3,64,40,169,1.1,83,71,39.28,229.46,97330000,,,,
1828,山東,2013,4,Shandong,11.35,16.81,53.7,238,4,50,36,160,0.9,108,64,31.83,249.5,97330000,,,,
1829,山東,2013,5,Shandong,18.99,111.37,67.17,344,5,45,36,131,1,118,69,34.29,231.88,97330000,,,,
1830,山東,2013,6,Shandong,23.04,36.28,72.87,264,6,35,29,124,1,123,69,25,210.81,97330000,,,,
1831,山東,2013,7,Shandong,26.3,244.78,84.43,88,7,35,31,118,0.9,119,66,22.08,139.34,97330000,,,,
1832,山東,2013,8,Shandong,27.36,85.46,75.87,62,8,41,32,101,0.9,147,50,31.08,260.21,97330000,,,,
1833,山東,2013,9,Shandong,21.6,53.51,71.96,93,9,43,41,156,1,122,59,36.48,194.32,97330000,,,,
1834,山東,2013,10,Shandong,15.25,6.61,63.61,171,10,52,49,167,1.2,101,74,37.77,231.43,97330000,,,,
1835,山東,2013,11,Shandong,7.45,38.73,60.91,351,11,67,53,148,1.3,47,77,38.48,188.95,97330000,,,,
1836,山東,2013,12,Shandong,0.82,2.08,58.43,588,12,130,72,223,1.8,11,138,33.74,182.36,97330000,,,,
1837,山東,2014,1,Shandong,1.03,1.57,61.74,382,13,103,62,211,1.9,42,137,23.47,160.34,97890000,,,,
1838,山東,2014,2,Shandong,0.92,16.42,66.04,152,14,73,44,136,1.5,70,94,27.82,133.14,97890000,,,,
1839,山東,2014,3,Shandong,9.39,2.72,55.57,372,15,70,53,169,1.4,92,91,40.65,214.2,97890000,,,,
1840,山東,2014,4,Shandong,14.52,43.47,63,492,16,56,46,147,1.2,110,77,33.41,207.03,97890000,,,,
1841,山東,2014,5,Shandong,20.64,57.18,53.61,752,17,48,39,144,1.1,138,64,34.08,295.66,97890000,,,,
1842,山東,2014,6,Shandong,22.92,67.01,71.96,577,18,38,34,110,1.1,142,65,26.8,181.17,97890000,,,,
1843,山東,2014,7,Shandong,25.88,123.14,74.52,296,19,35,32,108,1.1,149,60,24.39,203.96,97890000,,,,
1844,山東,2014,8,Shandong,24.77,66.95,76.61,156,20,42,36,107,1.2,143,60,27.87,207.14,97890000,,,,
1845,山東,2014,9,Shandong,20.68,93.15,77.48,209,21,41,38,103,1.3,110,58,36.02,147.81,97890000,,,,
1846,山東,2014,10,Shandong,15.69,25.8,68.3,348,22,47,46,130,1.3,99,72,36.96,199.53,97890000,,,,
1847,山東,2014,11,Shandong,8.38,32.14,65.04,629,23,63,58,163,1.7,58,99,36.16,141,97890000,,,,
1848,山東,2014,12,Shandong,0.32,5.63,51.87,771,24,88,58,164,1.7,43,93,32.32,189.16,97890000,,,,
1849,山東,2015,1,Shandong,0.59,8.32,59.35,666,25,67,47,140,1.6,47,90,27.32,161.2,98470000,,,,
1850,山東,2015,2,Shandong,1.95,13.17,58.43,307,26,55,38,132,1.5,64,78,25.31,167.67,98470000,,,,
1851,山東,2015,3,Shandong,7.75,4.69,53.22,305,27,44,38,137,1.2,85,67,33.93,232.63,98470000,,,,
1852,山東,2015,4,Shandong,13.08,56.88,61.22,494,28,32,32,111,1,115,58,37.12,221.84,98470000,,,,
1853,山東,2015,5,Shandong,19.06,41.65,62.39,802,29,30,30,99,0.9,132,49,33.99,247.03,98470000,,,,
1854,山東,2015,6,Shandong,23.43,61.97,65.22,663,30,26,24,92,0.9,149,48,28.27,216.8,98470000,,,,
1855,山東,2015,7,Shandong,25.71,113.71,74.3,399,31,21,23,79,0.9,132,43,24.97,199.2,98470000,,,,
1856,山東,2015,8,Shandong,25.34,145.74,78.74,180,32,22,27,78,1,134,43,26.61,206.05,98470000,,,,
1857,山東,2015,9,Shandong,21.26,40.94,73.17,244,33,26,33,80,0.9,126,42,36.56,193.28,98470000,,,,
1858,山東,2015,10,Shandong,15.71,18.01,63.52,390,34,31,41,124,1.1,106,70,36.14,197.31,98470000,,,,
1859,山東,2015,11,Shandong,6.63,91.84,79.7,654,35,34,38,111,1.4,56,76,36.41,71.17,98470000,,,,
1860,山東,2015,12,Shandong,1.97,4.19,67.39,947,36,59,53,181,1.9,42,120,34.22,134.81,98470000,,,,
1861,山東,2016,1,Shandong,-2.42,4.34,59.09,755,37,57,48,147,1.6,48,96,24.5,NA,99470000,,,,
1862,山東,2016,2,Shandong,1.67,26.06,54.13,240,38,43,35,113,1.4,73,69,25.62,188.76,99470000,,,,
1863,山東,2016,3,Shandong,8.37,5.33,50.17,526,39,35,37,135,1.1,101,65,39.89,229.31,99470000,,,,
1864,山東,2016,4,Shandong,15.33,24.04,57.78,601,40,28,33,149,1,127,63,32.49,211.59,99470000,,,,
1865,山東,2016,5,Shandong,19.08,49.39,59.52,978,41,25,31,100,0.9,141,47,36.33,218.14,99470000,,,,
1866,山東,2016,6,Shandong,23.52,107.36,67.7,969,42,18,23,74,0.8,150,38,28.32,220.59,99470000,,,,
1867,山東,2016,7,Shandong,26.32,160.87,80.13,428,43,14,19,68,0.8,128,37,22.74,182.72,99470000,,,,
1868,山東,2016,8,Shandong,26.13,121.24,78.17,207,44,16,23,59,0.8,114,29,28.59,193.24,99470000,,,,
1869,山東,2016,9,Shandong,22.17,33.41,70.26,352,45,22,31,87,0.9,141,46,38.28,163.34,99470000,,,,
1870,山東,2016,10,Shandong,15.57,2.21,73.85,514,46,19,34,78,0.9,85,43,33.93,116.79,99470000,,,,
1871,山東,2016,11,Shandong,7.36,14.29,68.04,649,47,28,43,117,1.2,60,68,34.63,142.03,99470000,,,,
1872,山東,2016,12,Shandong,2.46,24.26,69.35,890,48,37,49,145,1.6,52,96,32.82,119.72,99470000,,,,
1873,山東,2017,1,Shandong,0.17,22.66,66.57,584,49,42,48,158,1.8,55,103,25.36,139.49,100060000,,,,
1874,山東,2017,2,Shandong,2.68,8.19,55.66,327,50,41,42,129,1.3,81,80,29.64,171.67,100060000,,,,
1875,山東,2017,3,Shandong,7.36,12.62,51.86,566,51,33,43,113,1.1,101,62,37.53,199.13,100060000,,,,
1876,山東,2017,4,Shandong,15.24,33.72,56.18,768,52,25,38,118,1,122,55,35.13,239.47,100060000,,,,
1877,山東,2017,5,Shandong,21.23,29.77,56.41,1318,53,23,30,136,0.8,162,53,35.66,299.18,100060000,,,,
1878,山東,2017,6,Shandong,23.87,77.25,62.02,1141,54,18,28,93,0.9,173,43,27.86,240.53,100060000,,,,
1879,山東,2017,7,Shandong,27.31,203.5,80.07,559,55,13,23,78,0.9,137,39,23.62,164.34,100060000,,,,
1880,山東,2017,8,Shandong,25.96,162.77,80.01,244,56,12,24,62,0.8,134,30,26.67,185.24,100060000,,,,
1881,山東,2017,9,Shandong,22.54,25.53,70.85,304,57,15,32,81,0.9,146,38,35.51,215.83,100060000,,,,
1882,山東,2017,10,Shandong,14.5,43.51,69.71,440,58,17,42,90,1,92,49,36.13,144.22,100060000,,,,
1883,山東,2017,11,Shandong,7.52,1.87,52.52,802,59,23,48,115,1,69,56,37.31,195.4,100060000,,,,
1884,山東,2017,12,Shandong,1.21,2.56,53.59,1059,60,30,55,139,1.4,52,80,32.73,177.76,100060000,,,,
1885,山東,2018,1,Shandong,-1.93,6.99,57.26,771,61,29,50,138,1.4,56,85,25.47,130.51,100470000,,,,
1886,山東,2018,2,Shandong,0.56,4.13,51.21,301,62,25,35,114,1.1,84,63,25.4,173.76,100470000,,,,
1887,山東,2018,3,Shandong,8.64,27.94,60.16,401,63,19,36,108,1,114,59,37.74,210.06,100470000,,,,
1888,山東,2018,4,Shandong,14.63,NA,56.59,738,64,17,32,124,0.8,135,47,37.24,208.26,100470000,,,,
1889,山東,2018,5,Shandong,19.66,99.09,65.85,1072,65,14,30,94,0.8,153,40,34.18,222.02,100470000,,,,
1890,山東,2018,6,Shandong,24.44,121.93,65.75,1006,66,12,24,79,0.7,185,36,28.78,239.16,100470000,,,,
1891,山東,2018,7,Shandong,27.29,141.68,79.58,496,67,9,20,55,0.6,134,29,24.18,204.01,100470000,,,,
1892,山東,2018,8,Shandong,27.24,237.52,78.7,257,68,10,20,53,0.7,138,26,27.73,221,100470000,,,,
1893,山東,2018,9,Shandong,21.32,49.14,67.98,308,69,13,34,69,0.7,134,29,36.26,203.03,100470000,,,,
1894,山東,2018,10,Shandong,14.4,15.33,58.15,619,70,17,48,98,0.8,116,43,39.71,237.67,100470000,,,,
1895,山東,2018,11,Shandong,8.59,20.99,71.07,1256,71,16,52,146,1.1,77,77,37.62,134.38,100470000,,,,
1896,山東,2018,12,Shandong,0.46,20.84,60.86,1680,72,21,53,129,1.1,51,69,33.25,141.62,100470000,,,,
1897,山東,2019,1,Shandong,0.8,NA,42,1227,73,29,67,168,1.3,48,95,24.56,161.1,100700000,,,,
1898,山東,2019,2,Shandong,2.3,5.4,55,415,74,20,53,142,1.11,76,92,26.25,117.6,100700000,,,,
1899,山東,2019,3,Shandong,11.8,0.7,36,867,75,13,50,122,0.62,108,51,39.91,252.3,100700000,,,,
1900,山東,2019,4,Shandong,15.4,35.4,54,1012,76,15,45,119,0.78,121,54,32.77,186.4,100700000,,,,
1901,山東,2019,5,Shandong,23.2,21.5,38,1484,77,13,34,97,0.63,154,36,35.3,278.2,100700000,,,,
1902,山東,2019,6,Shandong,28.9,18.8,44,1432,78,12,28,84,0.63,206,36,29.57,265.1,100700000,,,,
1903,山東,2019,7,Shandong,28.7,140.7,62,830,79,9,29,67,0.71,180,36,24.9,197.4,100700000,,,,
1904,山東,2019,8,Shandong,25.6,366.9,70,391,80,8,33,53,0.73,125,26,27.63,164.4,100700000,,,,
1905,山東,2019,9,Shandong,23.2,33,60,550,81,11,45,86,0.82,149,39,36.8,205.1,100700000,,,,
1906,山東,2019,10,Shandong,16.1,31.7,57,833,82,11,48,108,0.81,97,49,36.8,191.6,100700000,,,,
1907,山東,2019,11,Shandong,9.9,29.8,55,1565,83,14,53,132,0.95,59,61,37.21,156.4,100700000,,,,
1908,山東,2019,12,Shandong,3.1,19.5,57,1759,84,19,54,127,1.27,42,84,31.02,210.2,100700000,,,,
1909,山東,2020,1,Shandong,1.1,29,67,794,85,24,51,143,1.55,59,107,18.96,211.3,101650000,,,,
1910,山東,2020,2,Shandong,5.6,36.9,58,77,86,12,24,75,0.85,84,53,14.65,196.5,101650000,,,,
1911,山東,2020,3,Shandong,11.2,7.7,44,47,87,11,33,97,0.74,103,45,30.44,294.7,101650000,,,,
1912,山東,2020,4,Shandong,14.8,36,42,41,88,12,35,93,0.73,125,40,31.54,312.5,101650000,,,,
1913,山東,2020,5,Shandong,22.2,42.9,50,48,89,11,26,85,0.69,156,32,32.25,329.9,101650000,,,,
1914,山東,2020,6,Shandong,26.3,82,55,41,90,10,27,87,0.74,183,36,32.09,313.4,101650000,,,,
1915,山東,2020,7,Shandong,25.2,75.7,71,62,91,9,23,61,0.76,152,35,34.81,316.1,101650000,,,,
1916,山東,2020,8,Shandong,26.4,248.5,79,58,92,9,24,52,0.74,132,30,32.3,260.7,101650000,,,,
1917,山東,2020,9,Shandong,22.4,35.5,62,100,93,11,37,70,0.74,147,33,38.38,226.9,101650000,,,,
1918,山東,2020,10,Shandong,14.9,10.5,53,161,94,13,51,102,0.91,88,47,36.21,166.7,101650000,,,,
1919,山東,2020,11,Shandong,9.4,46.4,57,247,95,14,50,109,1,64,59,35.95,160.6,101650000,,,,
1920,山東,2020,12,Shandong,0.7,10.7,52,321,96,20,49,129,1.18,50,84,33.32,180.9,101650000,,,,
1921,寧夏,2013,1,Ningxia,-6.12,1.75,44.5,46,1,228,63,190,2.6,32,110,2.75,219.63,6540000,,,,
1922,寧夏,2013,2,Ningxia,-1.69,5.35,38.08,14,2,99,44,131,1.6,69,52,25.12,196.37,6540000,,,,
1923,寧夏,2013,3,Ningxia,7.28,4.22,28.33,57,3,52,37,175,1,84,47,31.54,247.8,6540000,,,,
1924,寧夏,2013,4,Ningxia,11.11,11.04,29.25,64,4,30,36,139,0.8,99,41,26.05,293.79,6540000,,,,
1925,寧夏,2013,5,Ningxia,17.19,39.74,43.58,187,5,32,39,99,0.9,107,34,31.14,264.87,6540000,,,,
1926,寧夏,2013,6,Ningxia,20.57,59.34,54.75,187,6,21,24,75,0.6,87,30,21.75,240.91,6540000,,,,
1927,寧夏,2013,7,Ningxia,21.37,114.02,66.33,106,7,14,17,52,0.5,64,22,18.02,203.58,6540000,,,,
1928,寧夏,2013,8,Ningxia,21.95,27.65,59.33,36,8,13,21,52,0.6,64,23,18.81,268.83,6540000,,,,
1929,寧夏,2013,9,Ningxia,15.38,50.42,64.25,54,9,29,41,71,0.9,68,31,29.78,195.31,6540000,,,,
1930,寧夏,2013,10,Ningxia,9.73,16.39,57.08,98,10,60,55,109,1.1,86,49,26.94,224.31,6540000,,,,
1931,寧夏,2013,11,Ningxia,1.05,7.18,51.25,110,11,132,60,147,1.6,52,63,25.02,189.74,6540000,,,,
1932,寧夏,2013,12,Ningxia,-5.53,1.12,51.42,113,12,157,65,154,2,29,88,21.74,220.87,6540000,,,,
1933,寧夏,2014,1,Ningxia,-4.46,2.25,35.08,38,13,169,55,154,2.1,46,81,15.81,229.34,6620000,,,,
1934,寧夏,2014,2,Ningxia,-3.87,8.66,61.83,19,14,118,36,135,1.2,65,76,22.92,158.65,6620000,,,,
1935,寧夏,2014,3,Ningxia,5.2,6.79,37.42,36,15,94,36,143,1.1,92,52,29.36,262.39,6620000,,,,
1936,寧夏,2014,4,Ningxia,11.28,43.43,52.67,53,16,40,25,154,0.9,116,51,28.02,214.91,6620000,,,,
1937,寧夏,2014,5,Ningxia,16.04,9.42,35.42,128,17,32,27,136,0.8,123,41,31.31,298.98,6620000,,,,
1938,寧夏,2014,6,Ningxia,20.19,58.94,53.33,172,18,37,28,70,0.9,134,31,22.58,251.11,6620000,,,,
1939,寧夏,2014,7,Ningxia,22.04,53.16,60.08,64,19,29,27,87,0.7,117,34,16.69,283.84,6620000,,,,
1940,寧夏,2014,8,Ningxia,19.25,65.53,66.5,32,20,30,28,76,0.7,88,34,21.65,241.31,6620000,,,,
1941,寧夏,2014,9,Ningxia,15.9,83.21,69.5,42,21,31,35,80,0.8,86,32,28.61,181.05,6620000,,,,
1942,寧夏,2014,10,Ningxia,10.28,27.36,64.83,89,22,39,43,119,1,77,50,30.53,208.77,6620000,,,,
1943,寧夏,2014,11,Ningxia,1.36,8.04,63.67,140,23,110,49,133,1.3,53,68,25.02,173.13,6620000,,,,
1944,寧夏,2014,12,Ningxia,-6,0.44,43.5,95,24,142,41,135,1.3,49,59,22.05,223.21,6620000,,,,
1945,寧夏,2015,1,Ningxia,-4.7,3.14,49.08,56,25,98,38,138,1.3,43,74,15.9,196.52,6680000,,,,
1946,寧夏,2015,2,Ningxia,-1.76,1.66,45.58,9,26,60,25,132,1,56,58,18.5,206.87,6680000,,,,
1947,寧夏,2015,3,Ningxia,4.61,8.1,40.58,59,27,49,24,134,0.8,66,47,38.17,246.05,6680000,,,,
1948,寧夏,2015,4,Ningxia,10.63,37.18,47.5,51,28,21,21,121,0.8,75,42,22.73,240.56,6680000,,,,
1949,寧夏,2015,5,Ningxia,16.23,33.17,42,115,29,19,19,107,0.8,92,38,32.32,276.82,6680000,,,,
1950,寧夏,2015,6,Ningxia,19.88,19.95,49.92,154,30,17,18,91,0.7,103,33,23.91,252.25,6680000,,,,
1951,寧夏,2015,7,Ningxia,22.33,29.37,50.83,81,31,18,22,83,0.8,139,32,18.12,295.45,6680000,,,,
1952,寧夏,2015,8,Ningxia,20.58,37.58,53.92,32,32,18,22,77,0.8,124,30,20.65,283.44,6680000,,,,
1953,寧夏,2015,9,Ningxia,15.29,76.99,69.25,50,33,13,20,67,0.7,95,29,30.14,190.33,6680000,,,,
1954,寧夏,2015,10,Ningxia,8.98,19.77,58.25,78,34,27,32,102,0.8,84,44,26.54,231.94,6680000,,,,
1955,寧夏,2015,11,Ningxia,2.9,21.27,75.17,76,35,67,35,117,1.2,48,62,24.18,152.87,6680000,,,,
1956,寧夏,2015,12,Ningxia,-4.51,8.34,62.33,67,36,84,39,116,1.4,54,67,22.91,196.4,6680000,,,,
1957,寧夏,2016,1,Ningxia,-8.66,2.42,56.25,34,37,91,33,105,1.1,55,61,18.17,NA,6750000,,,,
1958,寧夏,2016,2,Ningxia,-4.26,6.33,45.75,15,38,75,27,141,0.9,70,56,22.6,206.2,6750000,,,,
1959,寧夏,2016,3,Ningxia,4.62,20.6,46.42,34,39,52,29,142,0.8,83,54,32.28,224.7,6750000,,,,
1960,寧夏,2016,4,Ningxia,12.39,12.84,40.83,56,40,23,26,99,0.6,97,36,28.75,246.87,6750000,,,,
1961,寧夏,2016,5,Ningxia,15.03,42.53,47.58,116,41,16,20,117,0.6,111,40,30.6,274.92,6750000,,,,
1962,寧夏,2016,6,Ningxia,20.83,28.1,49.08,152,42,20,21,76,0.6,133,31,24.36,286.4,6750000,,,,
1963,寧夏,2016,7,Ningxia,22.88,64.95,59.25,73,43,13,19,61,0.6,135,26,17.53,269.41,6750000,,,,
1964,寧夏,2016,8,Ningxia,22.2,69.22,65.92,25,44,14,17,57,0.7,116,27,19.78,227.51,6750000,,,,
1965,寧夏,2016,9,Ningxia,16.34,29.14,62.75,37,45,18,26,59,0.7,106,30,31.51,195.2,6750000,,,,
1966,寧夏,2016,10,Ningxia,9.68,1.14,65.22,92,46,26,30,91,0.9,80,42,31.81,180.38,6750000,,,,
1967,寧夏,2016,11,Ningxia,2.09,0.86,49.75,162,47,61,41,159,1.4,61,63,28.46,206.65,6750000,,,,
1968,寧夏,2016,12,Ningxia,-1.98,0.4,53.17,174,48,78,45,137,1.7,49,76,23.03,191.2,6750000,,,,
1969,寧夏,2017,1,Ningxia,-4.9,0.3,42.21,69,49,79,40,146,1.6,54,67,17.08,202,6820000,,,,
1970,寧夏,2017,2,Ningxia,-1.25,9.69,44.95,30,50,59,36,118,1.3,78,59,22.64,176.58,6820000,,,,
1971,寧夏,2017,3,Ningxia,3.21,12.12,48.66,58,51,36,31,89,1,97,41,31.57,188,6820000,,,,
1972,寧夏,2017,4,Ningxia,12.11,10.59,39.7,98,52,21,28,106,0.7,122,33,29.6,238.32,6820000,,,,
1973,寧夏,2017,5,Ningxia,17.49,22.87,36.77,212,53,21,27,156,0.7,130,53,31.54,292.02,6820000,,,,
1974,寧夏,2017,6,Ningxia,21.28,49.24,48.22,291,54,19,25,86,0.7,149,30,24.26,289.69,6820000,,,,
1975,寧夏,2017,7,Ningxia,24.53,58.37,52.79,111,55,15,22,83,0.7,143,30,16.3,292.42,6820000,,,,
1976,寧夏,2017,8,Ningxia,20.52,102.64,65,37,56,17,26,67,0.7,124,26,20.68,203.47,6820000,,,,
1977,寧夏,2017,9,Ningxia,17.64,16.29,60.71,56,57,21,33,91,0.7,105,32,29.36,209.71,6820000,,,,
1978,寧夏,2017,10,Ningxia,8.85,44.26,70.6,66,58,23,34,95,0.9,76,41,26.88,181.96,6820000,,,,
1979,寧夏,2017,11,Ningxia,2.16,0,46.71,99,59,44,39,120,1,69,47,27.81,224.35,6820000,,,,
1980,寧夏,2017,12,Ningxia,-4.74,0.47,46.28,87,60,45,40,127,1.3,65,55,23.16,216.14,6820000,,,,
1981,寧夏,2018,1,Ningxia,-7.29,5.22,51.27,41,61,39,31,102,1,69,49,16.63,166.37,6880000,,,,
1982,寧夏,2018,2,Ningxia,-4.04,2.11,36.37,11,62,40,27,112,1,90,43,22.08,219.9,6880000,,,,
1983,寧夏,2018,3,Ningxia,8.65,4.96,37.64,53,63,30,32,169,0.9,108,55,38.14,256.79,6880000,,,,
1984,寧夏,2018,4,Ningxia,12.96,NA,36.94,69,64,18,27,160,0.6,118,48,26.95,234.09,6880000,,,,
1985,寧夏,2018,5,Ningxia,17.85,34.98,41.81,159,65,14,23,151,0.6,134,44,32.76,281.51,6880000,,,,
1986,寧夏,2018,6,Ningxia,21.95,34.55,48.03,220,66,14,24,74,0.7,153,26,25.78,265.87,6880000,,,,
1987,寧夏,2018,7,Ningxia,22.84,114.48,68.05,125,67,9,17,82,0.7,130,29,18.04,226.84,6880000,,,,
1988,寧夏,2018,8,Ningxia,22.35,104.62,70.05,33,68,10,19,57,0.8,125,25,19.07,209.2,6880000,,,,
1989,寧夏,2018,9,Ningxia,14.68,39.59,63.28,61,69,13,27,65,0.7,104,26,33.94,181.86,6880000,,,,
1990,寧夏,2018,10,Ningxia,8.37,8.1,52.96,124,70,19,37,89,0.8,92,38,29.43,241.16,6880000,,,,
1991,寧夏,2018,11,Ningxia,1.61,8.8,55.22,153,71,27,43,156,1.1,67,56,27.12,191.25,6880000,,,,
1992,寧夏,2018,12,Ningxia,-7.2,1.12,46.57,170,72,32,37,141,1.1,60,50,24.77,185.3,6880000,,,,
1993,寧夏,2019,1,Ningxia,-6.8,0.4,42,73,73,36,53,109,1.92,48,56,16.68,171.2,6950000,,,,
1994,寧夏,2019,2,Ningxia,-1.9,NA,38,23,74,24,36,94,1.3,82,45,22.42,191.8,6950000,,,,
1995,寧夏,2019,3,Ningxia,6.2,0.2,32,75,75,16,38,84,0.94,94,35,36.37,261.9,6950000,,,,
1996,寧夏,2019,4,Ningxia,15.7,5.5,32,115,76,11,31,89,0.75,119,31,28.09,276.4,6950000,,,,
1997,寧夏,2019,5,Ningxia,17.3,15,41,196,77,9,27,102,0.56,122,32,30.08,234.2,6950000,,,,
1998,寧夏,2019,6,Ningxia,22.3,86.7,56,242,78,9,26,46,0.66,129,21,26.14,210.3,6950000,,,,
1999,寧夏,2019,7,Ningxia,24.5,4.8,52,150,79,9,28,49,0.59,136,20,18.75,269.2,6950000,,,,
2000,寧夏,2019,8,Ningxia,23.1,2.7,53,42,80,10,27,43,0.66,132,19,19.99,244.9,6950000,,,,
2001,寧夏,2019,9,Ningxia,18.3,14.5,63,79,81,9,37,45,0.63,118,21,32.17,226.8,6950000,,,,
2002,寧夏,2019,10,Ningxia,10.1,11.2,60,105,82,11,41,63,0.71,74,28,28.75,190.5,6950000,,,,
2003,寧夏,2019,11,Ningxia,3.6,4.4,52,209,83,17,45,82,0.95,57,35,30.5,168.1,6950000,,,,
2004,寧夏,2019,12,Ningxia,-2.5,0.1,50,184,84,19,50,83,1.23,54,47,22.62,215.4,6950000,,,,
2005,寧夏,2020,1,Ningxia,-4.2,0.3,61,65,85,20,51,125,1.69,59,90,15.18,150.4,7210000,,,,
2006,寧夏,2020,2,Ningxia,0.2,NA,35,9,86,22,30,92,1,92,42,14.4,220.3,7210000,,,,
2007,寧夏,2020,3,Ningxia,7.2,NA,30,7,87,14,29,86,0.67,99,28,26.13,237.5,7210000,,,,
2008,寧夏,2020,4,Ningxia,12.8,4,23,7,88,12,33,71,0.58,118,25,27.7,296.7,7210000,,,,
2009,寧夏,2020,5,Ningxia,18.8,8.9,35,12,89,10,27,94,0.47,121,27,28.96,274.9,7210000,,,,
2010,寧夏,2020,6,Ningxia,23.7,43,39,11,90,11,26,61,0.49,144,23,26.22,268.3,7210000,,,,
2011,寧夏,2020,7,Ningxia,25.1,13.7,48,14,91,8,24,51,0.49,137,17,25.27,229.3,7210000,,,,
2012,寧夏,2020,8,Ningxia,22.5,82.5,59,7,92,8,27,45,0.56,116,17,22.69,190.7,7210000,,,,
2013,寧夏,2020,9,Ningxia,17.3,26.7,63,13,93,8,35,56,0.65,104,23,33.25,205.7,7210000,,,,
2014,寧夏,2020,10,Ningxia,8.8,0.5,54,22,94,15,45,76,0.77,80,29,29.14,208.2,7210000,,,,
2015,寧夏,2020,11,Ningxia,2.7,6.6,63,29,95,17,50,99,1.21,61,54,28.48,164.8,7210000,,,,
2016,寧夏,2020,12,Ningxia,-7,0.3,59,45,96,17,50,109,1.48,44,64,31.12,164,7210000,,,,
2017,山西,2013,1,Shanxi,-5.62,3.39,51.89,188,1,142,41,233,2,26,154,4.05,181.64,36300000,,,,
2018,山西,2013,2,Shanxi,-1.14,5.33,51.78,49,2,78,30,174,1.6,52,130,26.59,143.67,36300000,,,,
2019,山西,2013,3,Shanxi,6.99,2.23,38,112,3,70,45,222,1.6,62,92,38.52,222.58,36300000,,,,
2020,山西,2013,4,Shanxi,11.18,21.69,38.63,161,4,52,34,172,2.1,81,64,34.17,247.24,36300000,,,,
2021,山西,2013,5,Shanxi,19.13,44.5,44.78,267,5,59,45,118,1.5,124,58,33.92,226.19,36300000,,,,
2022,山西,2013,6,Shanxi,22.4,80.96,58.44,200,6,49,46,121,1.3,166,65,25.62,207.76,36300000,,,,
2023,山西,2013,7,Shanxi,23.23,192.32,75.96,91,7,32,46,94,1.3,116,46,23.41,171.81,36300000,,,,
2024,山西,2013,8,Shanxi,23.01,80.28,70.33,45,8,40,44,98,1.6,115,48,25.36,234.68,36300000,,,,
2025,山西,2013,9,Shanxi,17.29,66.07,68.96,40,9,51,40,114,2,81,57,33.6,173.48,36300000,,,,
2026,山西,2013,10,Shanxi,10.83,21.19,61.48,93,10,77,51,177,1.8,64,89,39.34,207.49,36300000,,,,
2027,山西,2013,11,Shanxi,2.67,8.4,53.07,156,11,129,45,160,2,27,79,34.97,182.85,36300000,,,,
2028,山西,2013,12,Shanxi,-4.21,0.15,47.37,206,12,98,39,149,2.4,13,113,31.12,182.43,36300000,,,,
2029,山西,2014,1,Shanxi,-3.48,0.08,38.19,104,13,97,43,140,2.7,35,81,21.52,186.55,36480000,,,,
2030,山西,2014,2,Shanxi,-2.88,14.86,65.15,41,14,69,39,150,2.3,42,97,28.75,92.62,36480000,,,,
2031,山西,2014,3,Shanxi,6.69,10.19,43.22,130,15,59,37,136,2.2,65,59,41.89,222.8,36480000,,,,
2032,山西,2014,4,Shanxi,12.87,47.77,56.85,171,16,39,35,131,2.1,78,60,33.94,190.59,36480000,,,,
2033,山西,2014,5,Shanxi,17.84,48.26,43.3,398,17,37,34,135,1.4,85,52,38.81,260.93,36480000,,,,
2034,山西,2014,6,Shanxi,21.46,61.38,57.04,425,18,30,31,97,1.5,92,49,28,212.29,36480000,,,,
2035,山西,2014,7,Shanxi,23.25,97.37,66.96,185,19,33,34,91,1.2,107,49,21.68,230.42,36480000,,,,
2036,山西,2014,8,Shanxi,20.54,109.46,72.04,65,20,34,32,82,1.4,91,45,24.21,188.17,36480000,,,,
2037,山西,2014,9,Shanxi,16.59,134.34,78.33,75,21,33,30,81,1.5,67,45,35.75,133.84,36480000,,,,
2038,山西,2014,10,Shanxi,11.63,17.85,68.33,143,22,49,40,134,1.8,60,72,37.57,164.31,36480000,,,,
2039,山西,2014,11,Shanxi,2.99,6.77,60.15,239,23,107,39,134,2,44,78,34.91,152.79,36480000,,,,
2040,山西,2014,12,Shanxi,-5.06,0.58,40.67,279,24,124,36,121,2.4,39,66,31.39,191.88,36480000,,,,
2041,山西,2015,1,Shanxi,-3.64,5.45,49.15,201,25,140,43,139,2.9,44,88,25.2,161.74,36640000,,,,
2042,山西,2015,2,Shanxi,-1.56,9.65,48.81,88,26,92,33,105,2.2,62,58,26.78,169.74,36640000,,,,
2043,山西,2015,3,Shanxi,5.72,5.28,41.96,149,27,60,32,105,2,74,50,38.25,213.79,36640000,,,,
2044,山西,2015,4,Shanxi,11.89,34.99,48.41,240,28,39,28,92,1.6,82,39,35.55,234.77,36640000,,,,
2045,山西,2015,5,Shanxi,17.68,44.31,49.37,408,29,39,29,99,1.3,119,47,36.31,248.75,36640000,,,,
2046,山西,2015,6,Shanxi,21.06,63.02,57.33,479,30,31,26,85,1.4,124,45,29.34,184.87,36640000,,,,
2047,山西,2015,7,Shanxi,23.28,57.64,63.07,201,31,29,27,84,1.3,131,51,21.6,242.1,36640000,,,,
2048,山西,2015,8,Shanxi,21.86,62.44,64.81,80,32,27,25,71,1.3,97,38,25.93,236.43,36640000,,,,
2049,山西,2015,9,Shanxi,16.9,86.04,73.67,104,33,29,28,64,1.4,82,39,36.45,166.35,36640000,,,,
2050,山西,2015,10,Shanxi,10.48,33.85,63.48,181,34,41,39,84,1.6,68,46,36.63,201.49,36640000,,,,
2051,山西,2015,11,Shanxi,3.36,49.56,79.44,288,35,84,41,102,2.2,39,68,35.31,89.86,36640000,,,,
2052,山西,2015,12,Shanxi,-2.68,2.72,61.81,378,36,115,45,152,2.5,36,99,33.18,151.55,36640000,,,,
2053,山西,2016,1,Shanxi,-7.01,1.57,48,269,37,114,42,129,2.6,45,81,23.15,NA,36820000,,,,
2054,山西,2016,2,Shanxi,-2.73,8.49,42.81,75,38,84,30,97,2.3,68,55,25.34,191,36820000,,,,
2055,山西,2016,3,Shanxi,5.5,4.54,41.52,203,39,72,40,139,1.8,91,66,41.5,NA,36820000,,,,
2056,山西,2016,4,Shanxi,13.83,33.51,46.96,229,40,35,31,103,1.4,111,46,32.61,199.78,36820000,,,,
2057,山西,2016,5,Shanxi,16.9,44.76,49.52,433,41,35,29,94,1.2,121,43,37.14,225.38,36820000,,,,
2058,山西,2016,6,Shanxi,21.39,71.56,59.93,421,42,32,27,79,1.3,125,40,29.11,221.46,36820000,,,,
2059,山西,2016,7,Shanxi,23.33,183.19,73.7,219,43,20,22,71,1.3,110,40,21.87,183.49,36820000,,,,
2060,山西,2016,8,Shanxi,23.09,89.07,73.63,57,44,25,23,63,1.2,101,33,23.79,185.21,36820000,,,,
2061,山西,2016,9,Shanxi,17.71,33.51,68.78,107,45,34,34,74,1.4,90,37,39.68,155.67,36820000,,,,
2062,山西,2016,10,Shanxi,11.09,2.57,72.32,153,46,38,38,80,1.4,67,41,35.17,128.39,36820000,,,,
2063,山西,2016,11,Shanxi,3.12,10.36,62.19,298,47,126,55,181,2.2,52,101,37.98,151.97,36820000,,,,
2064,山西,2016,12,Shanxi,-1.53,8.66,61.07,355,48,171,59,188,2.7,44,126,30.28,145.44,36820000,,,,
2065,山西,2017,1,Shanxi,-3.69,3.01,51.55,199,49,157,54,184,2.5,56,124,24.77,160.23,37020000,,,,
2066,山西,2017,2,Shanxi,-0.79,10.15,48.23,112,50,118,48,141,2,81,89,29.3,155.14,37020000,,,,
2067,山西,2017,3,Shanxi,4.08,12.69,47.29,166,51,65,42,109,1.4,98,61,36,172.38,37020000,,,,
2068,山西,2017,4,Shanxi,12.23,31.29,45.43,237,52,36,40,110,1.2,118,47,37.45,220.87,37020000,,,,
2069,山西,2017,5,Shanxi,19.16,36.08,40.19,594,53,22,34,121,1.1,160,45,39.04,282.12,37020000,,,,
2070,山西,2017,6,Shanxi,21.42,63.9,55.93,552,54,24,34,86,1.2,178,43,27.65,229.85,37020000,,,,
2071,山西,2017,7,Shanxi,24.83,129.66,67.32,217,55,22,29,85,1.3,167,45,20.41,218.74,37020000,,,,
2072,山西,2017,8,Shanxi,21.89,126.64,73.29,53,56,23,31,79,1.3,142,43,22.74,197.9,37020000,,,,
2073,山西,2017,9,Shanxi,17.92,22.99,67.77,74,57,34,43,109,1.5,124,52,38.16,197.59,37020000,,,,
2074,山西,2017,10,Shanxi,9.52,106.47,78.81,125,58,29,42,97,1.5,67,55,37.17,116.47,37020000,,,,
2075,山西,2017,11,Shanxi,2.24,0.33,50.19,216,59,58,50,134,1.7,60,67,35.45,198.47,37020000,,,,
2076,山西,2017,12,Shanxi,-3.97,1.44,45.43,221,60,86,51,139,2,51,79,31.72,196.36,37020000,,,,
2077,山西,2018,1,Shanxi,-6.79,8.7,54.73,174,61,77,49,142,1.9,53,86,24.93,146.63,37180000,,,,
2078,山西,2018,2,Shanxi,-3.02,2.02,36.55,48,62,66,37,132,1.6,85,74,23.75,198.87,37180000,,,,
2079,山西,2018,3,Shanxi,8.29,9.49,46.68,87,63,37,43,148,1.4,110,75,40.46,215.72,37180000,,,,
2080,山西,2018,4,Shanxi,13.41,NA,47.15,153,64,23,36,147,1.1,127,51,38.54,208.08,37180000,,,,
2081,山西,2018,5,Shanxi,18.42,53.95,51.14,395,65,21,36,120,1,152,46,40.41,233.54,37180000,,,,
2082,山西,2018,6,Shanxi,22.49,48.92,50.89,471,66,20,36,89,1,178,39,29.96,232.93,37180000,,,,
2083,山西,2018,7,Shanxi,24.12,157.47,75.52,206,67,12,23,67,1,151,41,21.18,189.9,37180000,,,,
2084,山西,2018,8,Shanxi,23.76,97.2,73.58,57,68,13,25,68,1.1,148,39,24.13,213.59,37180000,,,,
2085,山西,2018,9,Shanxi,15.45,69.98,69.74,88,69,14,33,66,1,102,30,38.87,168.41,37180000,,,,
2086,山西,2018,10,Shanxi,9.07,6.47,53.19,152,70,21,48,101,1.1,99,45,38.47,231.37,37180000,,,,
2087,山西,2018,11,Shanxi,2.69,10.87,58.11,341,71,39,56,152,1.6,60,77,38.39,162.68,37180000,,,,
2088,山西,2018,12,Shanxi,-5.75,1.41,41.83,389,72,55,52,148,1.6,46,69,32.01,153.32,37180000,,,,
2089,山西,2019,1,Shanxi,-4.7,NA,43,254,73,58,75,191,1.94,34,111,22.43,154.3,37290000,,,,
2090,山西,2019,2,Shanxi,-1.5,1.1,45,55,74,40,49,137,1.37,70,92,24.19,145.5,37290000,,,,
2091,山西,2019,3,Shanxi,7.1,NA,30,175,75,22,48,113,0.93,99,50,44.58,270.1,37290000,,,,
2092,山西,2019,4,Shanxi,13.1,48.9,51,209,76,17,50,132,0.92,108,57,32.94,230.2,37290000,,,,
2093,山西,2019,5,Shanxi,19.5,2.6,35,408,77,15,47,123,0.71,139,45,40.04,275.1,37290000,,,,
2094,山西,2019,6,Shanxi,24.3,26.2,50,562,78,13,38,74,0.79,182,39,31.21,218.1,37290000,,,,
2095,山西,2019,7,Shanxi,25.4,43.2,61,235,79,9,34,63,0.81,176,35,20.93,238.6,37290000,,,,
2096,山西,2019,8,Shanxi,23.1,61.2,66,72,80,9,34,51,0.76,132,26,25.77,234.6,37290000,,,,
2097,山西,2019,9,Shanxi,18.7,89.3,67,132,81,12,48,67,0.83,121,31,40.29,222.3,37290000,,,,
2098,山西,2019,10,Shanxi,11.6,33.7,73,216,82,15,51,104,0.97,70,51,37.24,170.6,37290000,,,,
2099,山西,2019,11,Shanxi,4.8,4.1,56,432,83,25,57,128,1.04,42,68,38.47,128.8,37290000,,,,
2100,山西,2019,12,Shanxi,-1.7,2.3,53,496,84,30,56,110,1.12,38,67,30.32,196.1,37290000,,,,
2101,山西,2020,1,Shanxi,-3.4,16.1,71,170,85,33,57,151,1.53,53,117,17.3,120.9,34900000,,,,
2102,山西,2020,2,Shanxi,0.6,5.5,56,17,86,26,39,109,1.1,73,78,16.03,180.4,34900000,,,,
2103,山西,2020,3,Shanxi,8.3,9.5,37,14,87,18,43,92,0.69,94,45,31.68,252.2,34900000,,,,
2104,山西,2020,4,Shanxi,12.1,17.4,40,9,88,13,49,103,0.67,119,45,29.45,280.5,34900000,,,,
2105,山西,2020,5,Shanxi,20,64.3,44,13,89,13,41,99,0.66,136,39,35.95,339.4,34900000,,,,
2106,山西,2020,6,Shanxi,23.6,14.8,54,13,90,15,43,101,0.82,181,45,31.86,318.7,34900000,,,,
2107,山西,2020,7,Shanxi,23.2,97.5,75,15,91,7,34,63,0.84,168,37,33.53,308.5,34900000,,,,
2108,山西,2020,8,Shanxi,22.4,243.6,82,16,92,8,34,54,0.81,132,28,33.53,276.8,34900000,,,,
2109,山西,2020,9,Shanxi,18,38.2,70,23,93,10,42,68,0.8,120,33,36.5,297,34900000,,,,
2110,山西,2020,10,Shanxi,10.2,9.3,62,37,94,18,55,116,1.05,75,59,38.11,271.3,34900000,,,,
2111,山西,2020,11,Shanxi,4.3,29.5,60,77,95,20,57,119,1.14,52,71,39.87,221.5,34900000,,,,
2112,山西,2020,12,Shanxi,-5.1,1.3,52,120,96,27,51,100,1.15,45,56,33.83,236,34900000,,,,
2113,甘肅,2013,1,Gansu,-6.73,1.46,49.24,43,1,70,52,140,2,16,97,3.24,212.31,25820000,,,,
2114,甘肅,2013,2,Gansu,-2.05,4.03,43.07,11,2,49,33,129,0.8,54,70,28,194.06,25820000,,,,
2115,甘肅,2013,3,Gansu,6.97,0.87,29.17,49,3,35,41,300,0.7,84,109,41.26,260.98,25820000,,,,
2116,甘肅,2013,4,Gansu,10.69,16.35,33.62,81,4,22,29,166,0.3,81,77,31.34,265.68,25820000,,,,
2117,甘肅,2013,5,Gansu,15.95,43.03,43.52,141,5,19,25,151,0.4,59,65,34.49,243.15,25820000,,,,
2118,甘肅,2013,6,Gansu,19.42,52.9,54.76,234,6,20,30,142,0.6,90,56,31.04,234.78,25820000,,,,
2119,甘肅,2013,7,Gansu,20.44,91.87,63.83,160,7,29,55,129,1.1,119,57,21.89,179.86,25820000,,,,
2120,甘肅,2013,8,Gansu,20.66,45.06,59.31,52,8,23,28,111,0.9,89,50,21.24,260.09,25820000,,,,
2121,甘肅,2013,9,Gansu,14.74,45.03,58.97,54,9,19,19,99,0.5,51,44,31.63,190.2,25820000,,,,
2122,甘肅,2013,10,Gansu,9.19,11.23,52.38,86,10,27,39,135,1,44,63,33.44,221.65,25820000,,,,
2123,甘肅,2013,11,Gansu,0.28,5.03,52.24,138,11,40,40,202,1.3,48,99,31.09,191.07,25820000,,,,
2124,甘肅,2013,12,Gansu,-5.71,0.69,52.76,113,12,49,35,144,1.7,19,82,25.28,209.04,25820000,,,,
2125,甘肅,2014,1,Gansu,-5.12,0.17,36.59,54,13,73,40,123,1.7,64,60,20.27,224.33,25910000,,,,
2126,甘肅,2014,2,Gansu,-3.85,7.24,51.59,19,14,55,30,135,1.4,75,53,24.2,151.2,25910000,,,,
2127,甘肅,2014,3,Gansu,4.38,4.36,38.66,41,15,46,36,168,1.4,96,50,37.46,249.14,25910000,,,,
2128,甘肅,2014,4,Gansu,10.31,39.79,48.69,66,16,31,35,216,1.1,113,63,31.9,208.3,25910000,,,,
2129,甘肅,2014,5,Gansu,14.62,18.87,38.52,106,17,29,32,152,1,134,49,33.61,264.85,25910000,,,,
2130,甘肅,2014,6,Gansu,18.95,48.22,53.21,157,18,29,23,95,1.2,113,37,30.13,213.99,25910000,,,,
2131,甘肅,2014,7,Gansu,21.19,49.62,56.24,94,19,22,29,78,1,108,29,21.23,263.76,25910000,,,,
2132,甘肅,2014,8,Gansu,18.66,57.16,61.45,33,20,25,28,74,1.1,105,30,23.24,224.74,25910000,,,,
2133,甘肅,2014,9,Gansu,14.97,68.53,63.38,53,21,25,27,108,1.2,87,38,35.49,170.1,25910000,,,,
2134,甘肅,2014,10,Gansu,9.2,23.89,60.97,91,22,28,30,94,1.1,77,36,33.14,196.83,25910000,,,,
2135,甘肅,2014,11,Gansu,0.61,4.11,60.45,127,23,43,39,105,1.6,62,47,29.77,171.02,25910000,,,,
2136,甘肅,2014,12,Gansu,-6.69,1.71,51.48,81,24,65,40,134,1.5,62,59,22.81,208.88,25910000,,,,
2137,甘肅,2015,1,Gansu,-5.03,2.98,49.76,31,25,79,46,147,1.9,59,78,20.81,199.56,26000000,,,,
2138,甘肅,2015,2,Gansu,-2.27,2.44,47.62,20,26,56,32,132,1.5,77,63,29.96,192.62,26000000,,,,
2139,甘肅,2015,3,Gansu,4.24,7.29,41.03,48,27,38,31,157,1.3,94,57,35.74,224.36,26000000,,,,
2140,甘肅,2015,4,Gansu,10.36,25.62,46.24,57,28,19,27,129,1,115,44,31.01,232.08,26000000,,,,
2141,甘肅,2015,5,Gansu,15.45,32.96,45.83,123,29,15,26,102,0.8,117,38,36.83,254.72,26000000,,,,
2142,甘肅,2015,6,Gansu,18.61,43.27,54.24,183,30,14,26,78,0.7,113,32,29.16,203.2,26000000,,,,
2143,甘肅,2015,7,Gansu,20.87,37.32,53.48,101,31,13,23,60,0.8,117,26,21.86,281.59,26000000,,,,
2144,甘肅,2015,8,Gansu,19.93,32.72,50.38,51,32,14,24,66,0.8,111,25,26.85,273.89,26000000,,,,
2145,甘肅,2015,9,Gansu,14.29,47.14,65.38,94,33,13,25,54,0.8,92,23,34.78,168.64,26000000,,,,
2146,甘肅,2015,10,Gansu,8.65,16.41,52.79,118,34,19,31,69,0.9,82,28,31.05,216.92,26000000,,,,
2147,甘肅,2015,11,Gansu,2.69,9.97,64.66,184,35,38,37,78,1.3,57,38,32.37,167.06,26000000,,,,
2148,甘肅,2015,12,Gansu,-4.85,3.77,58.55,185,36,55,41,89,1.6,56,49,27.82,200.32,26000000,,,,
2149,甘肅,2016,1,Gansu,-8.08,3.67,56.52,112,37,52,36,92,1.5,62,49,21.45,NA,26100000,,,,
2150,甘肅,2016,2,Gansu,-3.79,3.32,43.72,34,38,43,28,118,1.1,74,43,22.65,209.28,26100000,,,,
2151,甘肅,2016,3,Gansu,4.69,13.12,46.14,53,39,28,31,125,1,94,42,33.33,212.22,26100000,,,,
2152,甘肅,2016,4,Gansu,11.51,18.67,43.62,58,40,16,26,70,0.8,108,25,32.35,196.24,26100000,,,,
2153,甘肅,2016,5,Gansu,14.16,44.72,48.76,179,41,14,21,89,0.8,115,33,39.64,232.56,26100000,,,,
2154,甘肅,2016,6,Gansu,19.86,43.2,49.07,270,42,12,22,74,0.7,122,31,30.02,240.68,26100000,,,,
2155,甘肅,2016,7,Gansu,22.08,60.59,56.52,166,43,11,21,62,0.8,120,28,20.5,249.99,26100000,,,,
2156,甘肅,2016,8,Gansu,21.57,62.64,64.34,39,44,11,19,61,0.8,108,31,21.31,208.64,26100000,,,,
2157,甘肅,2016,9,Gansu,15.9,34.29,59.55,82,45,13,28,56,0.8,105,26,38.75,170.32,26100000,,,,
2158,甘肅,2016,10,Gansu,8.34,0.93,62.12,130,46,17,30,75,1,82,32,31.4,155.8,26100000,,,,
2159,甘肅,2016,11,Gansu,1.11,0.88,49.9,158,47,40,43,155,1.3,73,60,30.6,195.92,26100000,,,,
2160,甘肅,2016,12,Gansu,-2.74,0.73,53.72,148,48,44,49,123,1.5,65,63,26.52,190.72,26100000,,,,
2161,甘肅,2017,1,Gansu,-4.71,1.19,47.07,67,49,45,38,151,1.3,73,65,20.92,189.45,26260000,,,,
2162,甘肅,2017,2,Gansu,-1.06,6.78,47.81,30,50,37,32,120,1.1,88,52,25.81,168.3,26260000,,,,
2163,甘肅,2017,3,Gansu,2.45,19.48,53,50,51,25,30,93,0.8,101,38,35.3,180.02,26260000,,,,
2164,甘肅,2017,4,Gansu,9.95,23.86,50.78,82,52,14,25,86,0.6,111,30,34.39,214.18,26260000,,,,
2165,甘肅,2017,5,Gansu,14.87,42.32,46.35,176,53,12,24,114,0.5,126,37,36.06,264.35,26260000,,,,
2166,甘肅,2017,6,Gansu,18.47,59.6,55.76,260,54,11,22,76,0.6,131,26,30.9,244.2,26260000,,,,
2167,甘肅,2017,7,Gansu,22.33,55.16,55.58,174,55,11,20,58,0.5,128,20,21.6,280.24,26260000,,,,
2168,甘肅,2017,8,Gansu,18.86,107.59,68.03,52,56,12,20,47,0.5,111,18,23.41,186.25,26260000,,,,
2169,甘肅,2017,9,Gansu,15.42,36.26,65.6,104,57,13,26,63,0.6,98,23,35.69,179.86,26260000,,,,
2170,甘肅,2017,10,Gansu,7.78,44.12,71.08,108,58,14,27,67,0.7,75,27,30.56,156.38,26260000,,,,
2171,甘肅,2017,11,Gansu,1.52,1.15,53.84,209,59,27,39,101,1,72,43,34.03,206.1,26260000,,,,
2172,甘肅,2017,12,Gansu,-4.52,0.25,48.2,152,60,35,43,153,1.4,66,59,23.77,213.6,26260000,,,,
2173,甘肅,2018,1,Gansu,-7.58,6.64,56.49,58,61,30,34,115,1.2,70,52,19.84,172.46,26370000,,,,
2174,甘肅,2018,2,Gansu,-4.28,3.78,47.31,23,62,25,28,111,1,91,44,26.29,207.56,26370000,,,,
2175,甘肅,2018,3,Gansu,6.93,7.63,43.73,56,63,17,30,166,0.8,105,49,38.94,239.08,26370000,,,,
2176,甘肅,2018,4,Gansu,10.55,NA,45.58,102,64,12,26,132,0.6,116,39,35.49,222.8,26370000,,,,
2177,甘肅,2018,5,Gansu,15.32,46.56,49.44,260,65,11,21,113,0.5,127,36,37.21,253.46,26370000,,,,
2178,甘肅,2018,6,Gansu,19.35,64.28,55.35,336,66,12,21,64,0.5,134,26,29.19,225.03,26370000,,,,
2179,甘肅,2018,7,Gansu,20.96,117.41,68.34,192,67,10,19,56,0.5,120,24,21.01,210.11,26370000,,,,
2180,甘肅,2018,8,Gansu,20.33,106.04,71.36,51,68,11,18,54,0.6,114,25,21.35,206.08,26370000,,,,
2181,甘肅,2018,9,Gansu,13.66,58.2,68.88,73,69,12,22,58,0.6,101,23,35.97,166.45,26370000,,,,
2182,甘肅,2018,10,Gansu,7.21,9.58,59.5,126,70,16,31,98,0.7,95,38,33.51,218.8,26370000,,,,
2183,甘肅,2018,11,Gansu,0.54,14.9,60.61,169,71,24,36,146,1,73,54,31.13,180.47,26370000,,,,
2184,甘肅,2018,12,Gansu,-7.01,2.93,58.97,164,72,28,35,143,1.1,64,61,28.07,170.64,26370000,,,,
2185,甘肅,2019,1,Gansu,-8.2,2.2,62,94,73,58,75,191,1.94,34,111,21.71,187.5,26470000,,,,
2186,甘肅,2019,2,Gansu,-3.2,1.9,55,35,74,40,49,137,1.37,70,92,25.78,141.1,26470000,,,,
2187,甘肅,2019,3,Gansu,4.4,1.3,39,82,75,22,48,113,0.93,99,50,37.13,222.5,26470000,,,,
2188,甘肅,2019,4,Gansu,12.7,21.7,42,87,76,17,50,132,0.92,108,57,29.89,239.8,26470000,,,,
2189,甘肅,2019,5,Gansu,14.2,56.7,57,164,77,15,47,123,0.71,139,45,37.46,208.2,26470000,,,,
2190,甘肅,2019,6,Gansu,18.9,47,65,288,78,13,38,74,0.79,182,39,31.21,152.6,26470000,,,,
2191,甘肅,2019,7,Gansu,20.6,51.1,65,147,79,9,34,63,0.81,176,35,20.41,232.6,26470000,,,,
2192,甘肅,2019,8,Gansu,19.8,33,65,53,80,9,34,51,0.76,132,26,25.76,202.4,26470000,,,,
2193,甘肅,2019,9,Gansu,15.2,29.4,73,121,81,12,48,67,0.83,121,31,37.35,199.9,26470000,,,,
2194,甘肅,2019,10,Gansu,7.5,30.8,78,135,82,15,51,104,0.97,70,51,29.82,158.5,26470000,,,,
2195,甘肅,2019,11,Gansu,0.4,0.9,68,195,83,25,57,128,1.04,42,68,33.5,189.7,26470000,,,,
2196,甘肅,2019,12,Gansu,-6.8,0.5,59,207,84,30,56,110,1.12,38,67,27.1,218.5,26470000,,,,
2197,甘肅,2020,1,Gansu,-6.2,1.8,66,74,85,33,57,151,1.53,53,117,18.1,162.8,25010000,,,,
2198,甘肅,2020,2,Gansu,-3.2,0.1,40,15,86,26,39,109,1.1,73,78,18.69,225.3,25010000,,,,
2199,甘肅,2020,3,Gansu,4.5,3,41,10,87,18,43,92,0.69,94,45,27.3,223.3,25010000,,,,
2200,甘肅,2020,4,Gansu,9.9,0.3,31,7,88,13,49,103,0.67,119,45,26.98,230.3,25010000,,,,
2201,甘肅,2020,5,Gansu,15.7,35.5,46,8,89,13,41,99,0.66,136,39,33.34,240.4,25010000,,,,
2202,甘肅,2020,6,Gansu,20.4,25.6,48,16,90,15,43,101,0.82,181,45,36.63,204.5,25010000,,,,
2203,甘肅,2020,7,Gansu,21.6,49.2,63,24,91,7,34,63,0.84,168,37,30.15,218.6,25010000,,,,
2204,甘肅,2020,8,Gansu,19.8,72.4,68,18,92,8,34,54,0.81,132,28,28.37,191.8,25010000,,,,
2205,甘肅,2020,9,Gansu,14.8,34.1,77,25,93,10,42,68,0.8,120,33,32.4,172.7,25010000,,,,
2206,甘肅,2020,10,Gansu,7.9,1.6,55,29,94,18,55,116,1.05,75,59,33.26,171.6,25010000,,,,
2207,甘肅,2020,11,Gansu,0.5,0.1,60,74,95,20,57,119,1.14,52,71,38.65,174,25010000,,,,
2208,甘肅,2020,12,Gansu,-8.1,NA,56,63,96,27,51,100,1.15,45,56,20.12,189.7,25010000,,,,
2209,天津,2013,1,Tianjin,-4.23,3.08,66.75,70,1,147,77,242,3.8,22,162,5.76,123.2,14720000,,,,
2210,天津,2013,2,Tianjin,-1.28,5.95,62.25,19,2,83,45,159,2.3,53,112,37.83,146.4,14720000,,,,
2211,天津,2013,3,Tianjin,5.2,10.2,51.5,47,3,48,50,153,2,61,90,56.09,220.05,14720000,,,,
2212,天津,2013,4,Tianjin,10.9,5.6,48.25,79,4,26,42,125,1.7,89,68,49,254.45,14720000,,,,
2213,天津,2013,5,Tianjin,19.78,10.33,57.5,126,5,27,45,144,1.6,109,84,47.7,250.35,14720000,,,,
2214,天津,2013,6,Tianjin,23.28,67.18,73.75,99,6,19,45,144,1.5,137,100,34.52,171.3,14720000,,,,
2215,天津,2013,7,Tianjin,26.65,155.63,77.25,32,7,12,38,124,1.5,112,74,30.56,193.85,14720000,,,,
2216,天津,2013,8,Tianjin,27.4,85.43,73.75,22,8,18,32,131,1.6,131,77,40.32,222.3,14720000,,,,
2217,天津,2013,9,Tianjin,21.33,59.4,72.75,21,9,35,45,124,2,98,77,45.46,168.75,14720000,,,,
2218,天津,2013,10,Tianjin,14.48,15.25,64.25,38,10,43,59,140,1.7,70,85,51.73,210.9,14720000,,,,
2219,天津,2013,11,Tianjin,7.13,2.38,50.25,66,11,80,64,161,1.9,32,104,52.15,190.65,14720000,,,,
2220,天津,2013,12,Tianjin,0.18,2.28,53.25,127,12,132,80,206,2.7,25,120,47.06,195.45,14720000,,,,
2221,天津,2014,1,Tianjin,-0.43,0,60.75,70,13,119,72,184,2.5,26,113,31.9,164.4,15170000,,,,
2222,天津,2014,2,Tianjin,-0.1,3.45,63,39,14,101,61,138,2,45,95,42.92,123.55,15170000,,,,
2223,天津,2014,3,Tianjin,8.75,3.08,56,104,15,70,71,174,1.9,64,108,57.1,231,15170000,,,,
2224,天津,2014,4,Tianjin,15.38,9.55,55,177,16,35,57,156,1.4,97,83,50.78,242.65,15170000,,,,
2225,天津,2014,5,Tianjin,20.93,37.15,51.25,359,17,28,49,132,1.4,116,68,48.84,298.6,15170000,,,,
2226,天津,2014,6,Tianjin,24.23,60.2,67.75,227,18,21,42,93,1.4,145,57,33.03,240.95,15170000,,,,
2227,天津,2014,7,Tianjin,27.43,58.58,69.5,73,19,22,39,114,1.5,158,73,27.75,190.95,15170000,,,,
2228,天津,2014,8,Tianjin,25.88,126.18,72,27,20,20,41,99,1.4,124,56,37.24,217.5,15170000,,,,
2229,天津,2014,9,Tianjin,21.28,35.15,70.75,56,21,22,41,86,1.2,83,55,56,156.3,15170000,,,,
2230,天津,2014,10,Tianjin,14.98,26.43,66.75,106,22,19,53,149,1.1,52,100,51.68,146.6,15170000,,,,
2231,天津,2014,11,Tianjin,7.4,2.2,58,212,23,53,69,153,1.9,44,108,50.88,154.8,15170000,,,,
2232,天津,2014,12,Tianjin,-0.48,1.23,43.25,268,24,77,65,151,2,36,105,45.3,214.25,15170000,,,,
2233,天津,2015,1,Tianjin,-0.63,1.48,53.25,213,25,77,70,156,2.3,35,99,32.97,176.45,15470000,,,,
2234,天津,2015,2,Tianjin,1.13,11.15,52,55,26,61,52,144,1.7,52,80,32.68,170.1,15470000,,,,
2235,天津,2015,3,Tianjin,7.65,1.13,45.25,124,27,37,52,159,1.4,62,71,56.62,252.2,15470000,,,,
2236,天津,2015,4,Tianjin,13.95,46.3,56.75,167,28,16,33,112,1,79,71,46.12,237.95,15470000,,,,
2237,天津,2015,5,Tianjin,20.4,42.33,53.25,266,29,14,27,85,1,129,49,48.59,278.1,15470000,,,,
2238,天津,2015,6,Tianjin,24.2,32.3,63.25,220,30,15,33,84,1.3,143,57,35.54,216.55,15470000,,,,
2239,天津,2015,7,Tianjin,26.28,103.5,71.5,79,31,7,18,88,0.7,116,47,31.28,209.6,15470000,,,,
2240,天津,2015,8,Tianjin,26.55,64.38,72.25,47,32,11,25,93,1,110,49,37.45,225.5,15470000,,,,
2241,天津,2015,9,Tianjin,21.45,131.53,71.5,37,33,12,25,74,0.9,80,44,44.93,189.9,15470000,,,,
2242,天津,2015,10,Tianjin,15.13,17.03,59.75,86,34,17,41,100,1.1,70,53,56.12,212.9,15470000,,,,
2243,天津,2015,11,Tianjin,4.15,44.25,75.5,157,35,36,57,133,2,36,88,49.86,51.15,15470000,,,,
2244,天津,2015,12,Tianjin,0.55,0.38,68.75,226,36,45,66,189,2.1,21,125,45.77,120.95,15470000,,,,
2245,天津,2016,1,Tianjin,-4.1,1.48,50,157,37,36,58,123,1.6,34,73,33.72,NA,15620000,,,,
2246,天津,2016,2,Tianjin,0.75,11.93,45.75,62,38,26,41,85,1.3,52,50,36.16,200,15620000,,,,
2247,天津,2016,3,Tianjin,8.38,0,45.25,99,39,29,53,148,1.5,61,80,51.22,212.5,15620000,,,,
2248,天津,2016,4,Tianjin,15.23,5.75,49.5,142,40,18,43,128,1,97,63,49.96,217.3,15620000,,,,
2249,天津,2016,5,Tianjin,20.83,45.93,49,304,41,16,42,93,0.9,132,50,50.76,NA,15620000,,,,
2250,天津,2016,6,Tianjin,24.3,103.43,65.75,232,42,12,35,77,1,151,53,34.94,216.5,15620000,,,,
2251,天津,2016,7,Tianjin,26.7,199.85,81.25,75,43,7,28,70,0.9,127,52,27.01,181.05,15620000,,,,
2252,天津,2016,8,Tianjin,26.6,132.93,77.5,25,44,8,31,65,0.9,104,40,36.95,191.5,15620000,,,,
2253,天津,2016,9,Tianjin,22.55,41.48,68.5,57,45,14,42,83,1.2,124,52,55.92,178,15620000,,,,
2254,天津,2016,10,Tianjin,13.73,1.15,72.11,88,46,17,50,89,1.4,64,63,49.91,114,15620000,,,,
2255,天津,2016,11,Tianjin,5.6,11.45,67.75,212,47,27,65,149,2,37,104,54.97,98,15620000,,,,
2256,天津,2016,12,Tianjin,0.75,3.3,67.75,281,48,34,83,177,2.7,32,134,42.24,95.5,15620000,,,,
2257,天津,2017,1,Tianjin,-1.36,2,58.8,153,49,31,67,141,2.4,44,108,32.54,130.45,15570000,,,,
2258,天津,2017,2,Tianjin,2.2,5.5,45.7,74,50,28,64,123,1.6,71,84,39.65,160.55,15570000,,,,
2259,天津,2017,3,Tianjin,8.5,10.65,44.85,146,51,24,64,112,1.3,98,70,53.9,161.3,15570000,,,,
2260,天津,2017,4,Tianjin,16.86,2.5,42.25,235,52,19,57,131,1.2,114,64,50.56,242.65,15570000,,,,
2261,天津,2017,5,Tianjin,22.79,19.55,46.39,483,53,12,40,166,0.9,156,60,50.75,322.95,15570000,,,,
2262,天津,2017,6,Tianjin,25.55,61.05,52.05,397,54,10,36,84,1,171,46,35.36,268.45,15570000,,,,
2263,天津,2017,7,Tianjin,28.1,125.55,71.5,132,55,6,30,79,1.1,154,51,28.9,191.85,15570000,,,,
2264,天津,2017,8,Tianjin,26.6,195.5,72.85,62,56,8,31,58,1.1,141,37,38.82,217.95,15570000,,,,
2265,天津,2017,9,Tianjin,24,0.95,61.43,91,57,13,40,92,1.2,152,54,49.57,236.55,15570000,,,,
2266,天津,2017,10,Tianjin,13.8,86.9,68.15,125,58,12,54,78,1.3,63,61,48.68,129.55,15570000,,,,
2267,天津,2017,11,Tianjin,5.25,0,45.1,252,59,14,58,88,1.1,45,53,53.68,205.8,15570000,,,,
2268,天津,2017,12,Tianjin,0,0,43.55,405,60,18,61,101,1.5,40,68,46.02,190.2,15570000,,,,
2269,天津,2018,1,Tianjin,-3.5,6.8,43.9,238,61,19,56,84,1.4,47,51,30.34,170.25,15600000,,,,
2270,天津,2018,2,Tianjin,-0.95,0,43.8,64,62,17,42,92,1.2,77,61,33,185,15600000,,,,
2271,天津,2018,3,Tianjin,7.65,1.45,51.75,132,63,15,59,116,1.2,94,78,58.07,200.55,15600000,,,,
2272,天津,2018,4,Tianjin,15.68,NA,50.33,278,64,10,44,124,0.9,129,53,52.21,214.85,15600000,,,,
2273,天津,2018,5,Tianjin,22.21,18,51.55,488,65,9,41,104,0.9,151,47,48.5,242.35,15600000,,,,
2274,天津,2018,6,Tianjin,26.65,62.9,58.3,400,66,8,32,80,0.9,198,44,35.7,252.6,15600000,,,,
2275,天津,2018,7,Tianjin,28.35,207.7,78.3,117,67,5,26,61,0.9,154,42,26.14,181.75,15600000,,,,
2276,天津,2018,8,Tianjin,27.8,164.15,74.8,39,68,7,31,57,1.1,157,33,36.35,215.05,15600000,,,,
2277,天津,2018,9,Tianjin,21.85,16.7,57.25,74,69,9,40,60,0.8,117,32,54.1,227.8,15600000,,,,
2278,天津,2018,10,Tianjin,14.3,14.9,49.25,130,70,13,59,77,1,90,46,53.61,237.1,15600000,,,,
2279,天津,2018,11,Tianjin,7.15,12.4,65.35,435,71,17,70,116,1.4,50,84,60.14,166.9,15600000,,,,
2280,天津,2018,12,Tianjin,-1.45,2.85,42.15,755,72,17,61,100,1.2,41,54,44.85,175.75,15600000,,,,
2281,天津,2019,1,Tianjin,-1.5,NA,38,361,73,19,62,112,1.43,42,81,27.97,172.2,15620000,,,,
2282,天津,2019,2,Tianjin,-0.3,2.9,47,96,74,14,45,105,1.22,69,78,35.85,126,15620000,,,,
2283,天津,2019,3,Tianjin,9.9,4.6,37,301,75,11,45,84,0.87,94,54,58.71,269.3,15620000,,,,
2284,天津,2019,4,Tianjin,14.5,28.3,48,312,76,11,38,95,0.79,112,49,42.04,236.5,15620000,,,,
2285,天津,2019,5,Tianjin,23.2,21.4,41,443,77,11,33,88,0.65,156,41,48.49,314.8,15620000,,,,
2286,天津,2019,6,Tianjin,26.6,11.9,55,376,78,9,29,65,0.86,184,42,35.76,260.1,15620000,,,,
2287,天津,2019,7,Tianjin,28,196.1,71,112,79,6,23,54,0.89,181,41,27.36,229.4,15620000,,,,
2288,天津,2019,8,Tianjin,25.7,177.5,71,52,80,6,29,44,0.81,129,26,40.86,213.8,15620000,,,,
2289,天津,2019,9,Tianjin,23.2,18.7,67,106,81,11,41,71,0.92,153,41,52.39,243.1,15620000,,,,
2290,天津,2019,10,Tianjin,14.4,9.9,60,137,82,10,48,82,0.88,78,50,49.3,201.2,15620000,,,,
2291,天津,2019,11,Tianjin,7,11.2,57,382,83,13,56,90,1.04,41,51,57.31,154.4,15620000,,,,
2292,天津,2019,12,Tianjin,-0.5,7.5,58,485,84,10,57,77,1.16,35,61,40.1,175.9,15620000,,,,
2293,天津,2020,1,Tianjin,-1.1,3.4,62,141,85,12,60,105,1.45,50,101,22.19,167.7,13870000,,,,
2294,天津,2020,2,Tianjin,1.9,13.5,65,14,86,9,33,62,0.93,68,61,21.22,160.9,13870000,,,,
2295,天津,2020,3,Tianjin,9.3,13.6,45,8,87,8,37,67,0.7,89,43,34.96,265.2,13870000,,,,
2296,天津,2020,4,Tianjin,15.3,11.8,37,3,88,9,34,79,0.68,123,40,38.49,305.4,13870000,,,,
2297,天津,2020,5,Tianjin,20.7,73.3,60,8,89,7,32,63,0.73,129,35,51.33,243.6,13870000,,,,
2298,天津,2020,6,Tianjin,26.4,46.1,57,6,90,8,29,76,0.83,171,38,48.59,211.4,13870000,,,,
2299,天津,2020,7,Tianjin,27,108.9,70,3,91,5,23,53,0.85,163,41,5.75,186.4,13870000,,,,
2300,天津,2020,8,Tianjin,26.3,209.3,80,-,92,5,26,45,0.94,136,34,0.56,168.9,13870000,,,,
2301,天津,2020,9,Tianjin,21.4,191.5,71,9,93,7,35,44,0.86,113,29,211.93,225.7,13870000,,,,
2302,天津,2020,10,Tianjin,13.4,4.7,59,16,94,10,52,80,0.85,78,54,27.87,239.7,13870000,,,,
2303,天津,2020,11,Tianjin,6.9,28.4,57,37,95,10,53,76,0.89,47,47,65.98,186.2,13870000,,,,
2304,天津,2020,12,Tianjin,-2.4,NA,48,29,96,12,56,78,0.98,38,53,19.03,205,13870000,,,,
2305,河北,2013,1,Hebei,-7.57,3.24,69.05,133,1,171,78,315,3.8,26,225,4.09,146.72,73330000,,,,
2306,河北,2013,2,Hebei,-3.73,4.05,60.75,43,2,107,49,215,2.3,55,141,23.03,160.35,73330000,,,,
2307,河北,2013,3,Hebei,4.28,7.53,49.35,75,3,82,48,201,1.8,69,98,32.79,225.65,73330000,,,,
2308,河北,2013,4,Hebei,9.9,12.44,45.35,129,4,56,41,152,1.4,89,66,32.18,257.28,73330000,,,,
2309,河北,2013,5,Hebei,19.74,16.38,50.1,245,5,59,42,174,1.3,122,81,31.13,258.72,73330000,,,,
2310,河北,2013,6,Hebei,22.57,100.15,68.6,211,6,39,38,163,1.2,136,97,23,179.72,73330000,,,,
2311,河北,2013,7,Hebei,25.14,176.13,75,95,7,29,32,124,1.2,125,68,21.61,204.38,73330000,,,,
2312,河北,2013,8,Hebei,24.99,116.03,73.05,78,8,36,34,134,1.2,135,69,26.86,221.23,73330000,,,,
2313,河北,2013,9,Hebei,18.65,63.45,71.7,86,9,42,48,162,1.5,102,87,28.84,184.3,73330000,,,,
2314,河北,2013,10,Hebei,11.33,24.73,65.35,130,10,49,62,211,1.7,75,112,31.51,203.47,73330000,,,,
2315,河北,2013,11,Hebei,3.6,2.72,51.15,229,11,73,62,198,1.8,39,99,32.21,202.88,73330000,,,,
2316,河北,2013,12,Hebei,-3.3,0.45,50.65,316,12,116,75,249,2.7,32,157,26.97,199.07,73330000,,,,
2317,河北,2014,1,Hebei,-3.48,0.42,51.8,156,13,120,69,246,2.6,33,156,20.05,174.75,73840000,,,,
2318,河北,2014,2,Hebei,-2.63,6.36,59.1,80,14,95,58,226,2.2,53,154,24.99,126.78,73840000,,,,
2319,河北,2014,3,Hebei,7.18,4.37,45,131,15,69,57,195,1.7,79,103,32.54,235.93,73840000,,,,
2320,河北,2014,4,Hebei,14.46,20.25,49.8,209,16,44,45,169,1.1,112,80,31.75,235.09,73840000,,,,
2321,河北,2014,5,Hebei,19.67,46.14,46.35,396,17,40,40,150,1,139,59,31.81,277.86,73840000,,,,
2322,河北,2014,6,Hebei,22.89,83.49,63.35,421,18,30,34,108,1,147,61,25.73,231.51,73840000,,,,
2323,河北,2014,7,Hebei,25.74,69.71,67.45,250,19,26,33,120,1,140,72,21.88,199.85,73840000,,,,
2324,河北,2014,8,Hebei,23.66,80.54,69.6,136,20,25,34,104,1,130,58,24.59,227.73,73840000,,,,
2325,河北,2014,9,Hebei,18.44,68.87,72.25,190,21,25,37,106,1.1,91,60,31.64,170.34,73840000,,,,
2326,河北,2014,10,Hebei,12.4,24.1,66.3,310,22,38,57,189,1.5,70,111,32.04,162.87,73840000,,,,
2327,河北,2014,11,Hebei,3.91,3.7,55.9,515,23,56,63,183,1.9,44,107,29.83,166.07,73840000,,,,
2328,河北,2014,12,Hebei,-3.97,2.21,44.8,430,24,88,58,168,2.4,37,99,24.89,204.92,73840000,,,,
2329,河北,2015,1,Hebei,-3.56,2.1,50.7,287,25,92,63,189,2.6,38,116,22.68,185,74250000,,,,
2330,河北,2015,2,Hebei,-1.34,8.86,48.2,134,26,68,46,165,1.9,60,96,22.62,183.68,74250000,,,,
2331,河北,2015,3,Hebei,6.17,3.37,37.15,146,27,50,48,176,1.4,88,79,30.38,262.24,74250000,,,,
2332,河北,2015,4,Hebei,12.92,39.52,49.85,261,28,32,40,135,1.1,115,65,33.84,239.63,74250000,,,,
2333,河北,2015,5,Hebei,18.89,48.92,49.3,555,29,27,36,114,0.9,134,55,32.37,275.3,74250000,,,,
2334,河北,2015,6,Hebei,22.64,66.68,60,600,30,23,32,104,0.9,137,56,26.49,206.03,74250000,,,,
2335,河北,2015,7,Hebei,24.86,119.54,68.55,398,31,20,30,103,0.9,131,60,22,206.19,74250000,,,,
2336,河北,2015,8,Hebei,23.98,84.99,72.35,169,32,19,35,96,1,122,53,22.75,235.83,74250000,,,,
2337,河北,2015,9,Hebei,18.71,82.99,73.05,227,33,22,41,86,1,102,44,32.11,190.89,74250000,,,,
2338,河北,2015,10,Hebei,12.25,16.71,58.65,358,34,28,51,118,1.2,75,58,30.94,216.83,74250000,,,,
2339,河北,2015,11,Hebei,1.43,45.44,76.1,498,35,42,57,137,1.8,40,92,29.92,72.57,74250000,,,,
2340,河北,2015,12,Hebei,-2.65,0.87,66.95,559,36,65,71,212,3,29,142,27.21,151.85,74250000,,,,
2341,河北,2016,1,Hebei,-7.77,2.29,51.7,316,37,62,61,141,2.2,43,92,19.72,NA,74700000,,,,
2342,河北,2016,2,Hebei,-2.22,10.45,46.65,95,38,48,45,97,1.6,70,61,21.65,208.59,74700000,,,,
2343,河北,2016,3,Hebei,6.49,1.18,40.95,174,39,44,56,148,1.4,90,72,34.7,216.38,74700000,,,,
2344,河北,2016,4,Hebei,14.23,12.4,44.2,278,40,28,44,131,1,120,55,31.76,NA,74700000,,,,
2345,河北,2016,5,Hebei,18.83,38.41,49.25,554,41,25,40,97,0.9,146,45,33.13,254.28,74700000,,,,
2346,河北,2016,6,Hebei,23.22,90.49,59.15,626,42,22,36,86,1,157,47,25.6,221.06,74700000,,,,
2347,河北,2016,7,Hebei,25.24,201.59,75.7,301,43,17,32,90,1,137,56,20.84,170.71,74700000,,,,
2348,河北,2016,8,Hebei,24.61,121.25,75.05,163,44,15,33,65,1,109,35,24.77,216.28,74700000,,,,
2349,河北,2016,9,Hebei,19.61,40.98,70.1,201,45,20,44,95,1,121,51,30.86,180.81,74700000,,,,
2350,河北,2016,10,Hebei,11.74,1.63,71.45,300,46,23,55,120,1.3,67,67,31.16,129.98,74700000,,,,
2351,河北,2016,11,Hebei,2.29,9.37,66.55,429,47,39,64,175,1.9,38,101,30.05,133.81,74700000,,,,
2352,河北,2016,12,Hebei,-2.34,3.45,65.25,432,48,53,76,222,2.9,32,151,26.03,134.9,74700000,,,,
2353,河北,2017,1,Hebei,-4.81,4.06,60.43,238,49,55,65,200,2.7,43,131,21.24,146.4,75200000,,,,
2354,河北,2017,2,Hebei,-0.89,5.77,48.7,117,50,50,58,148,1.8,74,95,24.95,176.68,75200000,,,,
2355,河北,2017,3,Hebei,5.57,7.71,46.61,199,51,33,51,113,1.2,98,62,33.65,184.73,75200000,,,,
2356,河北,2017,4,Hebei,14.54,5.42,40.79,338,52,28,45,123,1,111,54,33.08,251.26,75200000,,,,
2357,河北,2017,5,Hebei,20.73,33.13,45.48,708,53,24,38,156,1,161,53,32.83,311.58,75200000,,,,
2358,河北,2017,6,Hebei,23.37,69.97,54.73,702,54,20,38,96,0.9,183,47,25.24,253.93,75200000,,,,
2359,河北,2017,7,Hebei,26.11,126.71,73.97,384,55,14,30,86,0.9,158,49,22.04,184.46,75200000,,,,
2360,河北,2017,8,Hebei,24,155.03,76.16,202,56,15,33,73,0.9,136,40,23.64,209.67,75200000,,,,
2361,河北,2017,9,Hebei,20.43,18.8,65.06,193,57,21,45,108,1,143,52,29.46,238.4,75200000,,,,
2362,河北,2017,10,Hebei,10.89,72.36,72.48,319,58,14,48,104,1.1,65,61,33.14,145.85,75200000,,,,
2363,河北,2017,11,Hebei,1.95,0.48,48.98,553,59,23,53,117,1.2,52,62,31.53,214.93,75200000,,,,
2364,河北,2017,12,Hebei,-3.57,0.16,47.54,624,60,33,57,127,1.6,45,77,27.42,201.06,75200000,,,,
2365,河北,2018,1,Hebei,-6.99,1.79,47.21,397,61,32,53,123,1.6,51,75,21.43,184.87,75560000,,,,
2366,河北,2018,2,Hebei,-3.75,0.47,40.86,139,62,31,41,127,1.4,82,76,21.52,200.49,75560000,,,,
2367,河北,2018,3,Hebei,6.47,3.13,46.2,169,63,22,48,152,1.3,106,80,32.14,216.48,75560000,,,,
2368,河北,2018,4,Hebei,13.61,NA,50.87,298,64,19,38,131,1,133,52,33.49,216,75560000,,,,
2369,河北,2018,5,Hebei,19.91,29.76,53.5,606,65,18,35,111,0.9,153,44,33.73,240.71,75560000,,,,
2370,河北,2018,6,Hebei,24.71,58.91,55.99,800,66,16,32,86,0.9,194,39,27.35,250.15,75560000,,,,
2371,河北,2018,7,Hebei,26.39,191.1,78.89,405,67,11,25,67,0.8,148,38,20.43,184.56,75560000,,,,
2372,河北,2018,8,Hebei,25.54,164.53,77.16,160,68,12,29,59,0.8,144,31,22.23,217.12,75560000,,,,
2373,河北,2018,9,Hebei,18.27,26.23,64.99,177,69,15,40,69,0.8,114,34,32.17,211.89,75560000,,,,
2374,河北,2018,10,Hebei,10.53,10.21,55.32,413,70,19,55,100,1,92,50,36.36,238.18,75560000,,,,
2375,河北,2018,11,Hebei,3.49,4.68,61.78,853,71,22,62,157,1.5,52,86,32.19,168.85,75560000,,,,
2376,河北,2018,12,Hebei,-5.34,2.52,45.82,890,72,26,57,132,1.5,44,70,26.81,186.23,75560000,,,,
2377,河北,2019,1,Hebei,-0.7,NA,40,530,73,39,82,232,2.34,30,145,20.73,125.4,75920000,,,,
2378,河北,2019,2,Hebei,0.7,6.9,53,179,74,21,49,187,1.51,64,121,23.01,105.3,75920000,,,,
2379,河北,2019,3,Hebei,11.4,NA,32,344,75,17,43,130,0.81,98,62,34.36,251.5,75920000,,,,
2380,河北,2019,4,Hebei,15,65.6,54,410,76,15,38,92,0.74,115,52,29.55,209.9,75920000,,,,
2381,河北,2019,5,Hebei,23.3,0.4,42,716,77,19,39,88,0.7,156,34,33.07,269.6,75920000,,,,
2382,河北,2019,6,Hebei,27.7,38.5,50,830,78,14,31,86,0.83,202,39,26.7,208.1,75920000,,,,
2383,河北,2019,7,Hebei,28.3,193,66,450,79,11,27,71,0.76,189,37,21.58,200.2,75920000,,,,
2384,河北,2019,8,Hebei,26.4,54,68,225,80,10,29,56,0.58,136,27,24.54,178,75920000,,,,
2385,河北,2019,9,Hebei,23.4,70.3,61,289,81,12,47,80,0.75,150,35,31.82,229.9,75920000,,,,
2386,河北,2019,10,Hebei,15.2,37.6,68,459,82,11,48,87,0.75,76,51,32.68,164.1,75920000,,,,
2387,河北,2019,11,Hebei,7.4,2.5,58,784,83,13,60,132,1.01,36,72,31.5,115,75920000,,,,
2388,河北,2019,12,Hebei,0.6,1.8,58,725,84,15,61,135,1.5,27,83,25.12,168.4,75920000,,,,
2389,河北,2020,1,Hebei,-1,9.1,72,264,85,19,65,210,2.3,46,150,16.61,104.6,74640000,,,,
2390,河北,2020,2,Hebei,3.9,4.5,58,37,86,11,29,112,1.14,72,79,15.14,165.3,74640000,,,,
2391,河北,2020,3,Hebei,10.8,11.2,45,25,87,12,40,87,0.8,88,49,28.25,237.7,74640000,,,,
2392,河北,2020,4,Hebei,15.8,14.6,41,30,88,12,38,67,0.56,117,33,29.51,277.8,74640000,,,,
2393,河北,2020,5,Hebei,22,54.7,56,33,89,11,34,68,0.57,132,36,28.8,233.2,74640000,,,,
2394,河北,2020,6,Hebei,27.2,124.6,50,29,90,12,30,81,0.63,183,38,24.46,168.8,74640000,,,,
2395,河北,2020,7,Hebei,26,128.9,73,17,91,9,25,71,0.66,152,46,27.82,122.2,74640000,,,,
2396,河北,2020,8,Hebei,26.1,230.5,77,43,92,9,24,54,0.71,140,32,34.81,168.6,74640000,,,,
2397,河北,2020,9,Hebei,22.6,49.1,63,37,93,9,35,62,0.64,128,31,26.2,219,74640000,,,,
2398,河北,2020,10,Hebei,14.5,NA,57,49,94,14,56,109,0.9,70,57,31.82,213.4,74640000,,,,
2399,河北,2020,11,Hebei,8.1,30.6,59,68,95,13,58,127,1.02,39,72,30.67,204.4,74640000,,,,
2400,河北,2020,12,Hebei,-,0.3,49,95,96,17,58,115,1.19,33,68,31.72,223.7,74640000,,,,
2401,北京,2013,1,Beijing,-6.83,4.07,62.33,203,1,72,97,205,3.9,16,187,6.3,143.4,21150000,,,,
2402,北京,2013,2,Beijing,-2.93,3.6,50.67,62,2,47,59,117,1.9,51,102,46.31,159.45,21150000,,,,
2403,北京,2013,3,Beijing,4.57,14.03,48,159,3,39,68,131,1.5,63,104,59.03,201.15,21150000,,,,
2404,北京,2013,4,Beijing,10.93,9.07,41.67,163,4,20,45,97,0.9,96,60,50.1,247.9,21150000,,,,
2405,北京,2013,5,Beijing,20.67,9.17,48,307,5,26,49,132,1,147,81,56.49,239.95,21150000,,,,
2406,北京,2013,6,Beijing,22.6,145.23,74,244,6,13,47,133,1.4,137,102,39.85,127.9,21150000,,,,
2407,北京,2013,7,Beijing,26.07,178.77,74.33,106,7,7,37,87,1,146,67,37.12,199.65,21150000,,,,
2408,北京,2013,8,Beijing,25.53,123.93,73,67,8,5,38,86,0.9,153,61,43.8,212.35,21150000,,,,
2409,北京,2013,9,Beijing,19.07,60.47,73,69,9,10,51,102,1.2,100,76,52.11,163.95,21150000,,,,
2410,北京,2013,10,Beijing,11.73,17.17,64.67,122,10,15,63,114,1.2,55,92,56.91,189.95,21150000,,,,
2411,北京,2013,11,Beijing,4.17,0.07,46,197,11,21,56,99,1.4,41,76,56.13,195,21150000,,,,
2412,北京,2013,12,Beijing,-2.13,0,42,349,12,39,59,98,1.9,36,78,53.87,194.3,21150000,,,,
2413,北京,2014,1,Beijing,-2.63,0,43.67,237,13,53,68,130,2,33,97,35.09,173.55,21520000,,,,
2414,北京,2014,2,Beijing,-2.13,3.77,54.67,75,14,58,71,169,2.2,42,149,39.65,97.55,21520000,,,,
2415,北京,2014,3,Beijing,8,3.4,37,197,15,34,65,139,1.4,81,93,66.11,221.1,21520000,,,,
2416,北京,2014,4,Beijing,15.73,17.87,44,381,16,17,59,148,0.9,127,89,57.13,208.95,21520000,,,,
2417,北京,2014,5,Beijing,20.43,35.5,41.67,780,17,15,50,126,0.9,146,62,55.48,251.6,21520000,,,,
2418,北京,2014,6,Beijing,23.53,104.37,61,622,18,6,41,83,0.8,171,53,39.03,226.4,21520000,,,,
2419,北京,2014,7,Beijing,26.6,91.67,63.33,216,19,6,40,123,0.9,170,90,32.11,163.7,21520000,,,,
2420,北京,2014,8,Beijing,24.67,84.13,63.33,97,20,5,44,97,0.9,169,64,42.2,218.4,21520000,,,,
2421,北京,2014,9,Beijing,19.13,93.13,69.33,158,21,7,52,98,1,105,67,58.03,146.15,21520000,,,,
2422,北京,2014,10,Beijing,12.23,20.73,66,274,22,9,74,159,1.4,54,120,54.42,117.4,21520000,,,,
2423,北京,2014,11,Beijing,4.23,0.07,51,388,23,16,67,133,1.6,37,88,51.42,154.6,21520000,,,,
2424,北京,2014,12,Beijing,-3.13,0.13,37.33,493,24,28,55,97,1.5,43,57,52.06,202.7,21520000,,,,
2425,北京,2015,1,Beijing,-2.83,0.9,43,466,25,35,68,129,2,39,98,37.1,179.55,21710000,,,,
2426,北京,2015,2,Beijing,-0.63,6.5,41,105,26,26,53,131,1.5,59,94,33.76,171.95,21710000,,,,
2427,北京,2015,3,Beijing,6.97,3.03,32.67,225,27,21,56,150,1.2,85,88,61.72,235.15,21710000,,,,
2428,北京,2015,4,Beijing,14.17,36.13,44.33,307,28,9,45,121,0.8,124,72,51.47,219.55,21710000,,,,
2429,北京,2015,5,Beijing,19.97,38.33,44.33,558,29,8,39,100,0.7,153,56,54.73,260,21710000,,,,
2430,北京,2015,6,Beijing,23.23,65.4,58.33,530,30,6,36,82,1.2,156,61,42.75,190.85,21710000,,,,
2431,北京,2015,7,Beijing,25.33,143.97,65.33,261,31,4,36,79,0.8,176,61,33.86,201.2,21710000,,,,
2432,北京,2015,8,Beijing,24.77,82.07,67.33,92,32,3,31,68,0.8,158,44,38.07,238.05,21710000,,,,
2433,北京,2015,9,Beijing,19.03,116.13,72.33,142,33,4,43,67,0.8,109,49,56.94,187.4,21710000,,,,
2434,北京,2015,10,Beijing,12.63,13.6,59.67,234,34,5,54,89,1,74,74,54.25,209.45,21710000,,,,
2435,北京,2015,11,Beijing,2.1,40.33,76.33,415,35,11,61,150,2,24,118,54.96,58.35,21710000,,,,
2436,北京,2015,12,Beijing,-1.8,2.27,63.33,526,36,19,76,162,2.9,26,151,46.61,138.45,21710000,,,,
2437,北京,2016,1,Beijing,-6.63,0.9,41.33,260,37,20,52,82,1.6,42,67,31.44,NA,21730000,,,,
2438,北京,2016,2,Beijing,-0.93,11.4,37.67,72,38,15,35,53,0.9,67,43,37.46,NA,21730000,,,,
2439,北京,2016,3,Beijing,7.2,0,34.33,169,39,18,57,131,1.2,79,92,61.18,NA,21730000,,,,
2440,北京,2016,4,Beijing,15.23,9.33,37.33,231,40,10,44,118,0.8,116,68,50.91,NA,21730000,,,,
2441,北京,2016,5,Beijing,19.73,37.13,46.33,419,41,8,37,92,0.7,160,53,54.29,NA,21730000,,,,
2442,北京,2016,6,Beijing,24.13,93.03,57.67,386,42,5,35,80,0.8,182,59,40.77,198,21730000,,,,
2443,北京,2016,7,Beijing,26.13,272,72,163,43,3,33,82,0.9,158,69,33.18,136.5,21730000,,,,
2444,北京,2016,8,Beijing,25.83,82.73,69.67,74,44,2,35,63,0.8,135,46,40.86,211,21730000,,,,
2445,北京,2016,9,Beijing,20.03,78.3,69.67,109,45,3,44,81,0.8,107,56,54.2,146.5,21730000,,,,
2446,北京,2016,10,Beijing,11.84,2.48,73.44,158,46,4,55,111,1.2,47,84,52.08,94,21730000,,,,
2447,北京,2016,11,Beijing,2.6,10.8,62,260,47,11,67,138,1.8,27,99,53.26,130,21730000,,,,
2448,北京,2016,12,Beijing,-1.67,0,54.67,320,48,17,79,158,2.5,28,132,46.78,NA,21730000,,,,
2449,北京,2017,1,Beijing,-2.71,0.8,50.77,192,49,18,64,146,2.2,41,114,33.69,153.95,21710000,,,,
2450,北京,2017,2,Beijing,1,4.45,38.35,63,50,18,53,85,1.3,65,70,38.92,174.2,21710000,,,,
2451,北京,2017,3,Beijing,7.8,11.1,40.95,159,51,11,49,92,0.9,85,63,61.85,174.9,21710000,,,,
2452,北京,2017,4,Beijing,16.62,0,36.73,259,52,7,48,108,0.7,100,53,54.15,248.8,21710000,,,,
2453,北京,2017,5,Beijing,22.61,26.3,42.08,598,53,7,36,137,0.6,159,59,55.37,298.85,21710000,,,,
2454,北京,2017,6,Beijing,25.1,97.1,51.85,536,54,6,38,83,0.7,181,42,41.54,235,21710000,,,,
2455,北京,2017,7,Beijing,27.45,179.7,73.45,284,55,3,34,77,0.8,170,52,32.91,163.95,21710000,,,,
2456,北京,2017,8,Beijing,25.44,262.3,74.9,86,56,3,35,60,0.8,128,38,37.2,207.1,21710000,,,,
2457,北京,2017,9,Beijing,21.7,4,65.75,176,57,4,49,98,0.9,120,57,56.89,202.7,21710000,,,,
2458,北京,2017,10,Beijing,12.1,62.9,73.9,198,58,3,45,67,0.9,46,57,48.8,138.85,21710000,,,,
2459,北京,2017,11,Beijing,2.85,0,46.3,438,59,5,49,73,0.9,45,45,58.7,212.85,21710000,,,,
2460,北京,2017,12,Beijing,-2.05,0.9,42.25,646,60,8,49,66,1,42,44,47.12,204.05,21710000,,,,
2461,北京,2018,1,Beijing,-4.75,0,35.55,328,61,8,42,64,0.8,52,34,29.68,201.5,21540000,,,,
2462,北京,2018,2,Beijing,-2.4,0,35.2,66,62,10,34,74,0.9,76,50,32.62,204.7,21540000,,,,
2463,北京,2018,3,Beijing,7.6,3.8,42.75,157,63,10,58,138,1.1,88,90,63.46,211.75,21540000,,,,
2464,北京,2018,4,Beijing,15.12,NA,50.49,298,64,7,41,128,0.7,126,64,53.3,211.35,21540000,,,,
2465,北京,2018,5,Beijing,21.59,11.95,51.72,523,65,5,39,118,0.7,146,57,52.26,223.55,21540000,,,,
2466,北京,2018,6,Beijing,26.35,28.45,53.85,540,66,4,36,75,0.8,183,48,42.95,223.55,21540000,,,,
2467,北京,2018,7,Beijing,27.55,357.5,79.1,236,67,3,27,61,0.9,147,49,28.69,155.3,21540000,,,,
2468,北京,2018,8,Beijing,27.25,111.05,74.35,49,68,4,28,54,0.8,145,34,33.39,194.75,21540000,,,,
2469,北京,2018,9,Beijing,20.15,27,61.95,124,69,4,36,51,0.6,103,31,62.77,212.45,21540000,,,,
2470,北京,2018,10,Beijing,11.75,5.25,56.25,214,70,5,49,65,0.7,76,43,52.97,233.7,21540000,,,,
2471,北京,2018,11,Beijing,4.6,2.3,57.45,479,71,8,65,104,1.2,40,73,56.56,166.45,21540000,,,,
2472,北京,2018,12,Beijing,-4,0.85,38.05,616,72,8,50,81,0.9,44,40,44.86,184.8,21540000,,,,
2473,北京,2019,1,Beijing,-1.7,NA,30,308,73,9,50,80,1,44,51,30.63,200.3,21540000,,,,
2474,北京,2019,2,Beijing,-0.7,2,39,80,74,6,35,72,0.81,65,53,34.91,150.5,21540000,,,,
2475,北京,2019,3,Beijing,9.7,2.5,31,164,75,5,39,80,0.64,86,52,58.2,271.3,21540000,,,,
2476,北京,2019,4,Beijing,14.7,39.4,43,224,76,4,34,91,0.55,103,48,48.79,246.4,21540000,,,,
2477,北京,2019,5,Beijing,22.3,58.5,38,362,77,4,34,78,0.5,143,37,52.22,270.5,21540000,,,,
2478,北京,2019,6,Beijing,26.3,9.4,51,415,78,4,27,60,0.71,179,39,43.6,217.8,21540000,,,,
2479,北京,2019,7,Beijing,28,86.8,62,207,79,3,27,50,0.66,159,37,31.86,194.9,21540000,,,,
2480,北京,2019,8,Beijing,25.9,63.9,60,74,80,3,26,37,0.57,118,23,38.67,205.9,21540000,,,,
2481,北京,2019,9,Beijing,23.1,90.9,58,150,81,3,33,58,0.67,151,36,55.44,239.8,21540000,,,,
2482,北京,2019,10,Beijing,13.3,22.9,59,177,82,3,41,66,0.68,42,40,48.81,196.4,21540000,,,,
2483,北京,2019,11,Beijing,5.8,21.3,52,375,83,5,48,78,0.8,32,44,55.16,151.5,21540000,,,,
2484,北京,2019,12,Beijing,-1.2,5.7,49,429,84,4,46,60,0.85,37,44,43.86,197,21540000,,,,
2485,北京,2020,1,Beijing,-1.5,4.7,51,164,85,6,40,65,0.96,53,59,22.62,183.4,21890000,,,,
2486,北京,2020,2,Beijing,1,37.7,58,7,86,4,27,57,0.88,66,62,14,153.2,21890000,,,,
2487,北京,2020,3,Beijing,9.1,11.9,40,5,87,4,25,53,0.48,84,35,51,253.1,21890000,,,,
2488,北京,2020,4,Beijing,15.7,12.7,32,9,88,4,22,67,0.4,119,31,50.29,281.7,21890000,,,,
2489,北京,2020,5,Beijing,21.1,49.3,53,9,89,4,23,62,0.6,124,36,44.52,185.3,21890000,,,,
2490,北京,2020,6,Beijing,26.9,35,50,9,90,3,23,67,0.57,174,32,42.35,199.4,21890000,,,,
2491,北京,2020,7,Beijing,26.7,108.5,66,5,91,3,21,47,0.67,150,41,36.79,150.8,21890000,,,,
2492,北京,2020,8,Beijing,26.7,167.4,72,5,92,3,22,41,0.65,131,28,52.87,164.7,21890000,,,,
2493,北京,2020,9,Beijing,21.8,71.1,63,15,93,3,26,35,0.54,96,24,56.68,225.4,21890000,,,,
2494,北京,2020,10,Beijing,13.5,1.8,50,15,94,3,41,70,0.56,60,42,43.3,243.9,21890000,,,,
2495,北京,2020,11,Beijing,6.5,27.9,50,21,95,3,42,62,0.65,41,37,52.29,186.9,21890000,,,,
2496,北京,2020,12,Beijing,-2.2,NA,40,36,96,5,38,56,0.62,40,28,50.5,213.6,21890000,,,,
2497,新疆,2013,1,Xinjiang,-10.87,4.31,66.23,84,1,77,95,277,4.4,10,202,3.63,177.82,22640000,,,,
2498,新疆,2013,2,Xinjiang,-6.48,4.28,56.7,29,2,52,75,240,4.9,35,175,19.58,187.05,22640000,,,,
2499,新疆,2013,3,Xinjiang,6.94,3.64,45.11,48,3,26,57,150,4.1,51,80,28.09,245.56,22640000,,,,
2500,新疆,2013,4,Xinjiang,13.15,15.57,37.89,87,4,18,49,112,0.8,68,41,27.23,271.12,22640000,,,,
2501,新疆,2013,5,Xinjiang,17,22.44,40.45,146,5,18,45,94,0.7,82,47,26.69,297.9,22640000,,,,
2502,新疆,2013,6,Xinjiang,21.26,32.38,44.62,187,6,11,44,98,0.7,100,47,23.11,284.91,22640000,,,,
2503,新疆,2013,7,Xinjiang,22.95,30.11,46.65,110,7,9,50,117,0.8,122,50,18.15,315.24,22640000,,,,
2504,新疆,2013,8,Xinjiang,22.52,23.88,47.03,64,8,11,53,137,0.9,105,45,22.66,281.64,22640000,,,,
2505,新疆,2013,9,Xinjiang,16.92,10.54,44.61,131,9,18,59,147,0.9,75,51,28.06,281.74,22640000,,,,
2506,新疆,2013,10,Xinjiang,10.56,5.76,48.82,163,10,30,67,141,1.4,44,70,25.67,258.88,22640000,,,,
2507,新疆,2013,11,Xinjiang,-0.4,6.29,61.76,349,11,27,64,190,2.2,20,128,28.12,188.6,22640000,,,,
2508,新疆,2013,12,Xinjiang,-6.79,3.88,68.94,349,12,31,63,126,2.2,9,94,21.19,159.49,22640000,,,,
2509,新疆,2014,1,Xinjiang,-9.72,6.69,61.44,144,13,30,48,145,1.8,44,87,14.4,181.47,22980000,,,,
2510,新疆,2014,2,Xinjiang,-8.79,5.24,55.92,31,14,23,43,130,1.4,66,64,17.75,179.58,22980000,,,,
2511,新疆,2014,3,Xinjiang,2.77,4.68,46.52,86,15,22,47,207,1.2,85,78,30.9,251.64,22980000,,,,
2512,新疆,2014,4,Xinjiang,11.41,11.9,35.06,95,16,11,30,307,0.7,86,72,24.43,249.26,22980000,,,,
2513,新疆,2014,5,Xinjiang,17.47,11.06,31.17,229,17,13,29,202,0.7,96,51,30.26,307.04,22980000,,,,
2514,新疆,2014,6,Xinjiang,21.34,23.87,41.36,265,18,14,28,93,0.7,112,31,20.58,294.04,22980000,,,,
2515,新疆,2014,7,Xinjiang,23.66,19.97,42.15,103,19,14,29,95,0.9,113,31,17.3,306.72,22980000,,,,
2516,新疆,2014,8,Xinjiang,22.29,11.43,42.44,80,20,10,33,101,1.1,104,34,23.82,302.99,22980000,,,,
2517,新疆,2014,9,Xinjiang,16.46,14.63,47.06,125,21,12,38,138,1.2,79,46,27.81,263.61,22980000,,,,
2518,新疆,2014,10,Xinjiang,9.11,11.41,53.82,251,22,13,47,141,1.5,57,50,28.66,238.19,22980000,,,,
2519,新疆,2014,11,Xinjiang,-0.7,9.42,61.92,405,23,12,37,98,1.4,42,41,24.93,180.66,22980000,,,,
2520,新疆,2014,12,Xinjiang,-10.02,4.1,64.26,298,24,25,50,152,2.2,37,90,19.84,166.87,22980000,,,,
2521,新疆,2015,1,Xinjiang,-8.37,5.16,64.42,139,25,34,42,134,2.1,51,75,17.24,166.42,23600000,,,,
2522,新疆,2015,2,Xinjiang,-4.53,5.16,58.53,65,26,41,34,162,1.8,64,69,21.26,180.62,23600000,,,,
2523,新疆,2015,3,Xinjiang,3.55,6.94,45.23,117,27,21,25,202,1.3,78,61,27.87,235.57,23600000,,,,
2524,新疆,2015,4,Xinjiang,12.51,12.07,39.14,146,28,15,22,203,0.9,86,60,25.83,264.57,23600000,,,,
2525,新疆,2015,5,Xinjiang,18.69,21.94,39.77,324,29,13,18,129,0.8,89,42,29.86,297.21,23600000,,,,
2526,新疆,2015,6,Xinjiang,21.26,33.68,45.18,445,30,10,17,101,0.7,101,31,22.54,283.18,23600000,,,,
2527,新疆,2015,7,Xinjiang,25.65,16.7,40.29,204,31,11,21,121,0.8,109,39,17.28,322.17,23600000,,,,
2528,新疆,2015,8,Xinjiang,22.56,29.23,43.88,112,32,11,21,126,0.9,97,39,21.6,281.09,23600000,,,,
2529,新疆,2015,9,Xinjiang,14.71,21.43,52.09,171,33,9,21,82,0.9,83,27,28.62,252.01,23600000,,,,
2530,新疆,2015,10,Xinjiang,8.95,8.42,51.27,348,34,12,30,130,1.1,68,47,28.03,238.69,23600000,,,,
2531,新疆,2015,11,Xinjiang,1.14,15.68,66.91,492,35,19,35,109,1.6,49,58,25.48,158.24,23600000,,,,
2532,新疆,2015,12,Xinjiang,-6.96,9.89,70.35,548,36,23,41,127,2.1,42,88,22.83,141.92,23600000,,,,
2533,新疆,2016,1,Xinjiang,-9.94,6.04,68.64,259,37,26,43,162,2.3,47,99,15.85,NA,23980000,,,,
2534,新疆,2016,2,Xinjiang,-6.96,3.03,59.53,72,38,27,40,239,2.1,66,112,18.13,NA,23980000,,,,
2535,新疆,2016,3,Xinjiang,5.56,6.09,47.77,112,39,16,29,288,1.3,77,105,27.27,NA,23980000,,,,
2536,新疆,2016,4,Xinjiang,14.02,17.47,40.65,120,40,9,21,137,0.8,99,46,25.18,NA,23980000,,,,
2537,新疆,2016,5,Xinjiang,16.71,26.05,41.7,256,41,8,19,199,0.7,100,64,29,246.17,23980000,,,,
2538,新疆,2016,6,Xinjiang,23.52,33.21,42.42,285,42,9,19,91,0.8,110,31,22.37,296.83,23980000,,,,
2539,新疆,2016,7,Xinjiang,24.26,34.66,47.98,164,43,8,19,83,0.8,108,29,18.11,274.76,23980000,,,,
2540,新疆,2016,8,Xinjiang,21.86,34.74,53.73,78,44,8,23,71,0.9,99,26,21.93,228.82,23980000,,,,
2541,新疆,2016,9,Xinjiang,18.91,11.92,49,193,45,9,28,83,1,98,26,31.88,232.55,23980000,,,,
2542,新疆,2016,10,Xinjiang,7.05,0.58,56.26,360,46,12,30,131,1.2,67,45,27.25,199.93,23980000,,,,
2543,新疆,2016,11,Xinjiang,-1.96,17.06,60.14,555,47,21,39,136,1.7,54,62,26.26,161.44,23980000,,,,
2544,新疆,2016,12,Xinjiang,-5.21,9.28,72.33,541,48,23,45,147,2.2,44,91,21.36,124.84,23980000,,,,
2545,新疆,2017,1,Xinjiang,-10.45,3.47,69.14,217,49,28,52,161,2.4,54,112,15.93,153.01,24450000,,,,
2546,新疆,2017,2,Xinjiang,-3.64,5.87,61.75,81,50,23,45,204,1.9,70,94,20.25,146.39,24450000,,,,
2547,新疆,2017,3,Xinjiang,2.96,3.91,49.2,145,51,15,31,168,1.2,84,69,28.99,200.14,24450000,,,,
2548,新疆,2017,4,Xinjiang,13.11,12.21,43.04,194,52,11,24,130,0.8,100,43,25.35,238.86,24450000,,,,
2549,新疆,2017,5,Xinjiang,19.83,10.86,32.77,306,53,11,24,116,0.8,117,41,28.35,328.57,24450000,,,,
2550,新疆,2017,6,Xinjiang,23.67,23.94,40.28,443,54,9,21,86,0.8,119,29,22.8,286.65,24450000,,,,
2551,新疆,2017,7,Xinjiang,25.6,19.36,43.59,152,55,9,20,85,0.8,128,27,15.58,300.19,24450000,,,,
2552,新疆,2017,8,Xinjiang,22.28,19.68,46.56,84,56,9,22,83,0.8,118,26,23.68,280.66,24450000,,,,
2553,新疆,2017,9,Xinjiang,17.72,23.7,43.53,200,57,9,28,111,0.9,106,34,31.13,275.29,24450000,,,,
2554,新疆,2017,10,Xinjiang,8.71,5.66,48.01,356,58,12,35,146,1.2,82,50,27.44,237.14,24450000,,,,
2555,新疆,2017,11,Xinjiang,1.01,3.76,55.63,563,59,15,40,122,1.6,61,57,26.34,203.69,24450000,,,,
2556,新疆,2017,12,Xinjiang,-6.66,3.68,63.56,522,60,17,40,127,1.9,49,76,21.44,158.24,24450000,,,,
2557,新疆,2018,1,Xinjiang,-12.86,2.6,60.51,225,61,20,43,178,2.1,55,94,16.22,185.16,24870000,,,,
2558,新疆,2018,2,Xinjiang,-6.26,1.08,55.79,75,62,17,37,150,1.8,80,78,19.43,197.53,24870000,,,,
2559,新疆,2018,3,Xinjiang,8.14,9.65,45.01,129,63,11,26,259,1.1,89,64,29.38,214.63,24870000,,,,
2560,新疆,2018,4,Xinjiang,13.2,NA,34.56,196,64,9,20,268,0.7,105,74,26.79,234.25,24870000,,,,
2561,新疆,2018,5,Xinjiang,17.31,20.26,35.1,350,65,8,19,168,0.6,114,48,28.68,282.88,24870000,,,,
2562,新疆,2018,6,Xinjiang,23.55,16.75,38.67,503,66,8,18,97,0.6,120,30,24.17,279.17,24870000,,,,
2563,新疆,2018,7,Xinjiang,24.7,21.44,41.95,262,67,8,19,96,0.6,119,29,17.37,293.54,24870000,,,,
2564,新疆,2018,8,Xinjiang,23.59,23.53,46.05,112,68,9,21,117,0.6,110,27,21.01,287.11,24870000,,,,
2565,新疆,2018,9,Xinjiang,16.35,10.21,43.12,219,69,9,25,104,0.7,94,32,31.18,272.84,24870000,,,,
2566,新疆,2018,10,Xinjiang,8.86,6.31,44.69,464,70,10,33,107,0.9,75,35,28.82,252.95,24870000,,,,
2567,新疆,2018,11,Xinjiang,-1.49,8.84,59.72,654,71,12,35,145,1.3,55,58,24.23,164.59,24870000,,,,
2568,新疆,2018,12,Xinjiang,-10.85,4.49,59.54,431,72,15,42,206,1.8,49,85,20.56,168.95,24870000,,,,
2569,新疆,2019,1,Xinjiang,-11.3,2.5,78,233,73,10,64,167,2.15,35,127,17.41,138.9,25230000,,,,
2570,新疆,2019,2,Xinjiang,-11,11.5,78,71,74,10,57,135,1.71,61,108,19.18,145.2,25230000,,,,
2571,新疆,2019,3,Xinjiang,1.1,NA,69,146,75,9,51,107,1.52,77,72,30.55,226.1,25230000,,,,
2572,新疆,2019,4,Xinjiang,13.4,23.5,46,188,76,7,31,68,0.63,100,19,25.02,269,25230000,,,,
2573,新疆,2019,5,Xinjiang,14.9,61,46,261,77,7,29,73,0.53,107,21,26.71,235.2,25230000,,,,
2574,新疆,2019,6,Xinjiang,21.9,15.6,43,294,78,7,26,42,0.53,114,13,23.2,277.9,25230000,,,,
2575,新疆,2019,7,Xinjiang,25.7,6.7,36,163,79,8,27,60,0.55,129,17,18.33,314.4,25230000,,,,
2576,新疆,2019,8,Xinjiang,24.9,5.4,38,83,80,8,32,61,0.57,120,18,22.44,273.4,25230000,,,,
2577,新疆,2019,9,Xinjiang,19.1,31.7,45,177,81,9,35,72,0.63,98,20,31.09,250.4,25230000,,,,
2578,新疆,2019,10,Xinjiang,9.9,13.9,46,317,82,10,46,78,0.81,60,28,27.87,247.6,25230000,,,,
2579,新疆,2019,11,Xinjiang,-1.9,36.7,68,487,83,10,47,83,1.13,36,51,25.96,156,25230000,,,,
2580,新疆,2019,12,Xinjiang,-7.6,18.4,75,388,84,8,58,116,1.89,28,106,20.77,131.4,25230000,,,,
2581,新疆,2020,1,Xinjiang,-9.3,9.7,73,136,85,9,66,121,1.9,45,131,14.15,140,25900000,,,,
2582,新疆,2020,2,Xinjiang,-4.8,6.3,69,20,86,9,38,82,1.39,85,80,13.73,181.5,25900000,,,,
2583,新疆,2020,3,Xinjiang,2.9,18.6,53,18,87,9,31,66,0.9,83,32,26.32,248.9,25900000,,,,
2584,新疆,2020,4,Xinjiang,16.4,1.3,29,22,88,8,28,116,0.62,106,25,24.35,265.2,25900000,,,,
2585,新疆,2020,5,Xinjiang,19.9,19.6,32,20,89,8,26,71,0.51,108,18,24.23,267.2,25900000,,,,
2586,新疆,2020,6,Xinjiang,21.7,38.2,35,27,90,8,26,67,0.6,110,17,26.36,275.5,25900000,,,,
2587,新疆,2020,7,Xinjiang,23.8,17.8,42,21,91,8,20,40,0.53,117,14,18.94,271,25900000,,,,
2588,新疆,2020,8,Xinjiang,23.3,29.9,41,7,92,8,11,30,0.53,115,19,19.12,282.8,25900000,,,,
2589,新疆,2020,9,Xinjiang,16.1,5.1,43,12,93,9,31,58,0.58,85,20,30.28,237.1,25900000,,,,
2590,新疆,2020,10,Xinjiang,8,23.1,48,20,94,10,44,86,0.82,64,34,27.51,256.7,25900000,,,,
2591,新疆,2020,11,Xinjiang,-1.3,15.9,65,31,95,11,45,80,1.09,35,43,26.88,143.2,25900000,,,,
2592,新疆,2020,12,Xinjiang,-12.3,8.8,76,29,96,7,68,145,2.04,29,143,21.22,150.3,25900000,,,,
2593,遼寧,2013,1,Liaoning,-11,3.92,64.6,218,1,177,48,204,2.2,30,153,6.63,172.38,43900000,,,,
2594,遼寧,2013,2,Liaoning,-6.81,15.2,59,68,2,95,31,103,1.2,64,70,40.69,187.18,43900000,,,,
2595,遼寧,2013,3,Liaoning,0.13,16.98,56.68,131,3,60,31,110,1.1,68,63,55.56,231.93,43900000,,,,
2596,遼寧,2013,4,Liaoning,6.72,40.48,55.6,170,4,24,26,97,0.9,87,49,50.1,251.19,43900000,,,,
2597,遼寧,2013,5,Liaoning,17.82,25.25,58.08,256,5,24,32,112,0.9,115,58,50.81,275.15,43900000,,,,
2598,遼寧,2013,6,Liaoning,21.37,80.17,70.76,238,6,18,35,75,0.8,105,44,43.88,205.95,43900000,,,,
2599,遼寧,2013,7,Liaoning,24.35,202.69,80.48,171,7,16,31,67,0.7,97,36,39.23,203.36,43900000,,,,
2600,遼寧,2013,8,Liaoning,24.43,116.62,78.52,88,8,20,28,79,0.8,92,44,40.79,204.11,43900000,,,,
2601,遼寧,2013,9,Liaoning,18.21,58.1,72.24,113,9,27,35,70,0.7,96,39,51.4,232.19,43900000,,,,
2602,遼寧,2013,10,Liaoning,10.57,66.74,69,136,10,30,43,104,1.2,72,63,50.83,205.67,43900000,,,,
2603,遼寧,2013,11,Liaoning,2.68,27.42,59.92,247,11,77,44,104,1.2,40,63,56.06,175.27,43900000,,,,
2604,遼寧,2013,12,Liaoning,-5.87,3.32,60.2,345,12,112,49,123,1.7,17,82,48.48,189.96,43900000,,,,
2605,遼寧,2014,1,Liaoning,-6.82,3.74,56.96,228,13,89,42,112,1.9,42,71,36.07,186.64,43910000,,,,
2606,遼寧,2014,2,Liaoning,-4.88,4.23,50.48,92,14,89,40,124,1.9,61,82,40.8,168.23,43910000,,,,
2607,遼寧,2014,3,Liaoning,3.9,7.08,51.4,185,15,57,41,110,1.6,81,65,58.44,247.59,43910000,,,,
2608,遼寧,2014,4,Liaoning,12.52,4.82,45.32,249,16,30,40,116,1.3,103,58,51.86,259.91,43910000,,,,
2609,遼寧,2014,5,Liaoning,16.81,74.53,59.32,461,17,22,35,86,1.1,120,44,54.69,252.15,43910000,,,,
2610,遼寧,2014,6,Liaoning,21.77,116.16,71.56,467,18,17,30,71,1.1,120,44,44.73,207.43,43910000,,,,
2611,遼寧,2014,7,Liaoning,24.28,83.65,74,308,19,16,25,76,1.2,129,49,37.91,208.08,43910000,,,,
2612,遼寧,2014,8,Liaoning,23.72,58.69,72,141,20,19,28,72,1.2,129,42,41.28,253.52,43910000,,,,
2613,遼寧,2014,9,Liaoning,17.6,48.76,66.56,247,21,23,36,68,1.2,104,33,58.78,252.46,43910000,,,,
2614,遼寧,2014,10,Liaoning,11.42,24.89,59.56,452,22,31,42,119,1.3,90,70,56.96,203.2,43910000,,,,
2615,遼寧,2014,11,Liaoning,3.17,10.59,56.6,904,23,70,49,123,1.8,54,74,55.38,181.05,43910000,,,,
2616,遼寧,2014,12,Liaoning,-7.72,5.17,55.36,973,24,86,44,99,1.7,39,60,46,190.84,43910000,,,,
2617,遼寧,2015,1,Liaoning,-7.4,7.28,59.36,622,25,92,44,109,1.8,38,72,36.41,180.92,43820000,,,,
2618,遼寧,2015,2,Liaoning,-4.07,19.93,56.92,225,26,75,38,134,1.6,49,73,39.29,186.83,43820000,,,,
2619,遼寧,2015,3,Liaoning,2.7,6.22,49.44,386,27,48,35,115,1.4,67,59,56.77,242.58,43820000,,,,
2620,遼寧,2015,4,Liaoning,11.13,47.42,50.56,462,28,25,32,105,1.3,91,52,51.31,246.65,43820000,,,,
2621,遼寧,2015,5,Liaoning,17.28,60.21,51.88,873,29,20,27,83,0.9,124,38,56.94,286.19,43820000,,,,
2622,遼寧,2015,6,Liaoning,20.96,106.24,71.52,976,30,14,23,58,0.8,131,34,45.25,214.15,43820000,,,,
2623,遼寧,2015,7,Liaoning,24.11,94.45,71.88,509,31,12,21,56,0.8,117,33,35.01,231.71,43820000,,,,
2624,遼寧,2015,8,Liaoning,23.84,132.63,77.64,188,32,13,21,57,1,117,33,38.7,229.93,43820000,,,,
2625,遼寧,2015,9,Liaoning,19,21.81,67.04,244,33,18,30,59,1,105,31,54.09,250.75,43820000,,,,
2626,遼寧,2015,10,Liaoning,10.67,47.41,59.92,331,34,21,35,80,1.1,85,47,54.47,214.23,43820000,,,,
2627,遼寧,2015,11,Liaoning,-0.43,33.82,66.68,680,35,57,42,129,1.6,55,99,58.28,109.42,43820000,,,,
2628,遼寧,2015,12,Liaoning,-4.42,11.04,66.76,892,36,78,44,118,1.8,43,85,49.27,144.45,43820000,,,,
2629,遼寧,2016,1,Liaoning,-11.15,0.92,52.64,608,37,74,38,95,1.5,53,61,36.63,NA,43780000,,,,
2630,遼寧,2016,2,Liaoning,-5.01,15.78,53.88,188,38,58,30,77,1.2,70,46,37,196.73,43780000,,,,
2631,遼寧,2016,3,Liaoning,3.85,6.99,50.52,281,39,44,34,114,1.2,95,57,57.18,243.52,43780000,,,,
2632,遼寧,2016,4,Liaoning,11.27,30.39,49.52,370,40,21,28,103,1.1,115,41,52.14,NA,43780000,,,,
2633,遼寧,2016,5,Liaoning,17.32,133.32,55.28,564,41,19,28,74,1.1,145,35,54.18,247.48,43780000,,,,
2634,遼寧,2016,6,Liaoning,21.68,90.21,68.16,606,42,15,23,55,1.2,144,34,46.36,215.09,43780000,,,,
2635,遼寧,2016,7,Liaoning,24.56,220.8,78.2,320,43,10,20,54,1,120,34,34.51,185.61,43780000,,,,
2636,遼寧,2016,8,Liaoning,24.2,140.44,76.04,103,44,13,22,49,0.9,110,27,38.81,223.17,43780000,,,,
2637,遼寧,2016,9,Liaoning,18.79,57.76,77.08,171,45,16,25,53,1,103,32,57.88,159.74,43780000,,,,
2638,遼寧,2016,10,Liaoning,9.94,1.15,65.28,224,46,23,33,69,1,73,43,54.53,167.78,43780000,,,,
2639,遼寧,2016,11,Liaoning,0.29,14.38,63.16,511,47,49,39,96,1.2,54,64,60.69,142.04,43780000,,,,
2640,遼寧,2016,12,Liaoning,-4.85,7.98,65.36,596,48,60,43,109,1.4,47,75,45.34,127.39,43780000,,,,
2641,遼寧,2017,1,Liaoning,-7.44,10.41,59.38,284,49,65,44,114,1.5,58,77,35.49,165.35,43690000,,,,
2642,遼寧,2017,2,Liaoning,-3.93,13.24,55.54,147,50,47,36,89,1.2,79,60,47.29,171.04,43690000,,,,
2643,遼寧,2017,3,Liaoning,3.05,0.55,49.03,346,51,38,39,98,1,100,62,60.69,210.08,43690000,,,,
2644,遼寧,2017,4,Liaoning,12.1,22.7,47.1,385,52,20,29,92,0.9,115,42,50.25,259.3,43690000,,,,
2645,遼寧,2017,5,Liaoning,17.52,40.43,56.08,658,53,13,22,90,0.8,137,34,58.04,289.37,43690000,,,,
2646,遼寧,2017,6,Liaoning,21.8,38.49,61.38,828,54,15,26,61,0.8,147,33,48.23,252.25,43690000,,,,
2647,遼寧,2017,7,Liaoning,25.55,131.3,77.19,449,55,10,22,53,0.8,146,30,35.54,197.73,43690000,,,,
2648,遼寧,2017,8,Liaoning,23.56,209.57,80.25,157,56,12,21,42,0.8,106,22,39.41,197.85,43690000,,,,
2649,遼寧,2017,9,Liaoning,18.91,38.81,72.1,230,57,17,28,58,0.9,113,30,57.65,224.5,43690000,,,,
2650,遼寧,2017,10,Liaoning,10.27,45.33,61.79,342,58,20,36,73,1,79,44,56.6,194.95,43690000,,,,
2651,遼寧,2017,11,Liaoning,1.02,14,50.52,719,59,31,33,71,0.9,61,38,59.95,195.43,43690000,,,,
2652,遼寧,2017,12,Liaoning,-6.78,0.74,51.45,960,60,48,41,89,1.3,48,56,50.2,184.08,43690000,,,,
2653,遼寧,2018,1,Liaoning,-10.47,4.32,50.32,638,61,44,39,79,1.2,56,49,37.72,194.88,43590000,,,,
2654,遼寧,2018,2,Liaoning,-7.49,4.73,48.21,214,62,40,34,87,1.2,76,57,38.21,199.6,43590000,,,,
2655,遼寧,2018,3,Liaoning,2.63,13.77,55.04,282,63,30,34,89,1.1,103,57,56.56,212.28,43590000,,,,
2656,遼寧,2018,4,Liaoning,11.03,NA,51.21,401,64,18,26,93,0.8,123,39,56.34,209.13,43590000,,,,
2657,遼寧,2018,5,Liaoning,17.36,53.24,58.59,797,65,16,25,75,0.8,136,33,58.84,238.95,43590000,,,,
2658,遼寧,2018,6,Liaoning,21.65,63.81,71.26,855,66,14,22,52,0.8,151,29,45.38,220.02,43590000,,,,
2659,遼寧,2018,7,Liaoning,25.49,88.7,80.79,353,67,9,17,40,0.7,106,23,32.55,173.71,43590000,,,,
2660,遼寧,2018,8,Liaoning,24.89,230.46,77.72,99,68,13,22,43,0.8,108,21,37.08,207.53,43590000,,,,
2661,遼寧,2018,9,Liaoning,17.74,64.2,70.15,138,69,15,27,47,0.8,99,23,59.41,235.36,43590000,,,,
2662,遼寧,2018,10,Liaoning,9.93,36.52,60.81,245,70,17,34,65,0.9,82,35,58.94,238.5,43590000,,,,
2663,遼寧,2018,11,Liaoning,2.57,11.59,59.9,472,71,30,42,90,1.2,57,54,58.76,177.11,43590000,,,,
2664,遼寧,2018,12,Liaoning,-6.65,12.53,51.59,631,72,32,37,77,1.2,54,44,51.36,187.54,43590000,,,,
2665,遼寧,2019,1,Liaoning,-7.7,0.2,49,450,73,32,49,116,1.36,44,70,39.2,212.7,43520000,,,,
2666,遼寧,2019,2,Liaoning,-5.9,3.6,45,182,74,31,42,102,1.16,65,71,42.66,194.4,43520000,,,,
2667,遼寧,2019,3,Liaoning,4.2,12,44,343,75,25,42,110,0.96,90,61,61.04,232,43520000,,,,
2668,遼寧,2019,4,Liaoning,10.8,4.1,40,418,76,20,34,106,0.74,105,40,51.28,242,43520000,,,,
2669,遼寧,2019,5,Liaoning,19.4,89.4,44,538,77,20,26,82,0.69,130,32,53.71,267.1,43520000,,,,
2670,遼寧,2019,6,Liaoning,21.7,108.9,67,587,78,14,29,44,0.77,130,23,49.63,201.2,43520000,,,,
2671,遼寧,2019,7,Liaoning,25.9,107.5,73,380,79,10,23,47,0.89,147,27,37.34,179.1,43520000,,,,
2672,遼寧,2019,8,Liaoning,23.2,446.9,83,119,80,11,24,34,0.77,93,19,39.56,134.6,43520000,,,,
2673,遼寧,2019,9,Liaoning,19.1,30,73,217,81,18,36,57,0.93,104,26,61.71,233.4,43520000,,,,
2674,遼寧,2019,10,Liaoning,10.4,9.4,62,300,82,20,42,89,0.99,78,46,55.62,211,43520000,,,,
2675,遼寧,2019,11,Liaoning,0.2,41.6,57,559,83,24,41,67,0.83,42,37,57.77,182.6,43520000,,,,
2676,遼寧,2019,12,Liaoning,-7.4,21.1,66,617,84,29,47,87,1.13,37,62,51.43,136.5,43520000,,,,
2677,遼寧,2020,1,Liaoning,-9.9,2,70,305,85,32,57,138,1.54,51,108,24.5,203.6,42550000,,,,
2678,遼寧,2020,2,Liaoning,-4.5,24.3,65,9,86,18,30,75,0.97,71,51,14.81,231.9,42550000,,,,
2679,遼寧,2020,3,Liaoning,3.9,10,51,15,87,16,32,73,0.69,86,39,60.37,275.8,42550000,,,,
2680,遼寧,2020,4,Liaoning,10.1,16.4,41,7,88,17,39,120,0.82,117,60,37.69,318.4,42550000,,,,
2681,遼寧,2020,5,Liaoning,17,127.2,65,8,89,14,26,62,0.66,112,23,57.29,281.4,42550000,,,,
2682,遼寧,2020,6,Liaoning,23.4,46,61,13,90,16,30,55,0.73,139,23,58.64,244.2,42550000,,,,
2683,遼寧,2020,7,Liaoning,25.2,55.7,68,17,91,14,28,54,0.89,152,28,46.73,236.4,42550000,,,,
2684,遼寧,2020,8,Liaoning,24.5,333.5,81,9,92,10,24,38,0.82,107,20,48.15,142,42550000,,,,
2685,遼寧,2020,9,Liaoning,18,82.8,78,28,93,12,30,44,0.77,77,22,68.46,156,42550000,,,,
2686,遼寧,2020,10,Liaoning,9.2,13,65,38,94,21,42,83,1.03,71,40,53.77,233.8,42550000,,,,
2687,遼寧,2020,11,Liaoning,2.1,41.5,59,71,95,24,40,79,0.93,48,43,61.57,178.2,42550000,,,,
2688,遼寧,2020,12,Liaoning,-8.4,NA,55,85,96,25,43,75,1.01,42,46,45,203.9,42550000,,,,
2689,吉林,2013,1,Jilin,-17.57,4.9,68.41,104,1,95,73,269,2.1,49,223,4.72,146.49,27510000,,,,
2690,吉林,2013,2,Jilin,-13.78,19.2,62.52,23,2,61,39,100,1.3,80,73,36.64,180.01,27510000,,,,
2691,吉林,2013,3,Jilin,-4.12,18.06,58.9,71,3,43,39,88,1,85,46,54.12,221.8,27510000,,,,
2692,吉林,2013,4,Jilin,3.82,39.07,59.17,90,4,18,37,140,1.1,86,49,43.42,190.47,27510000,,,,
2693,吉林,2013,5,Jilin,15.88,55.05,57.97,157,5,14,36,130,0.9,115,50,49.79,242.12,27510000,,,,
2694,吉林,2013,6,Jilin,19.97,103.14,68.43,204,6,8,39,89,0.7,114,40,39.78,216.64,27510000,,,,
2695,吉林,2013,7,Jilin,22.27,194.47,80.23,95,7,4,30,67,0.6,87,28,30.67,187.38,27510000,,,,
2696,吉林,2013,8,Jilin,21.31,168.14,79.8,54,8,6,25,89,0.7,94,39,39.24,192.97,27510000,,,,
2697,吉林,2013,9,Jilin,14.7,39.49,69.73,86,9,11,35,86,0.7,83,33,49.11,228.98,27510000,,,,
2698,吉林,2013,10,Jilin,6.87,45.94,67.17,131,10,26,55,174,1.2,70,115,47.69,183.77,27510000,,,,
2699,吉林,2013,11,Jilin,-1.67,37.7,67.1,241,11,61,45,127,1.1,43,74,50.24,135.93,27510000,,,,
2700,吉林,2013,12,Jilin,-11.92,7.01,70.17,302,12,102,58,146,1.4,29,106,39.13,144.85,27510000,,,,
2701,吉林,2014,1,Jilin,-13.82,4.88,60.52,118,13,66,45,134,1.5,49,94,29.5,178.72,27520000,,,,
2702,吉林,2014,2,Jilin,-11.08,2.8,57.86,71,14,67,47,139,1.8,70,93,41.81,179.89,27520000,,,,
2703,吉林,2014,3,Jilin,0.19,16.69,53.21,142,15,43,42,111,1.2,86,63,52.45,225.9,27520000,,,,
2704,吉林,2014,4,Jilin,9.92,8.79,41.76,234,16,23,43,122,0.9,104,53,49.09,250.98,27520000,,,,
2705,吉林,2014,5,Jilin,13.69,95.68,64.7,454,17,12,37,73,0.8,100,32,51.11,186.44,27520000,,,,
2706,吉林,2014,6,Jilin,20.28,122.39,70.23,573,18,10,42,76,0.8,110,35,40.75,207.94,27520000,,,,
2707,吉林,2014,7,Jilin,22.04,111.15,75.53,269,19,7,30,84,0.9,117,49,31,221.8,27520000,,,,
2708,吉林,2014,8,Jilin,21,76.03,75,128,20,10,37,77,0.8,126,35,37.62,243.47,27520000,,,,
2709,吉林,2014,9,Jilin,14.24,47.15,68.93,191,21,11,37,67,0.7,89,26,51.67,239.35,27520000,,,,
2710,吉林,2014,10,Jilin,7.22,24.14,56.6,380,22,23,55,189,1.2,96,129,52.15,186.47,27520000,,,,
2711,吉林,2014,11,Jilin,-0.9,8.34,57.21,640,23,46,46,135,1.1,56,83,47.41,175.5,27520000,,,,
2712,吉林,2014,12,Jilin,-13.83,10.31,66.62,563,24,62,39,103,1,49,72,38,136.45,27520000,,,,
2713,吉林,2015,1,Jilin,-13.32,6.19,65.86,223,25,65,44,115,1.4,50,81,28.03,153.1,27530000,,,,
2714,吉林,2015,2,Jilin,-8.93,16.47,63.14,68,26,44,35,110,1.3,69,70,35.69,170.13,27530000,,,,
2715,吉林,2015,3,Jilin,-0.74,14.89,53.62,151,27,28,30,92,1.1,94,49,55.51,222.97,27530000,,,,
2716,吉林,2015,4,Jilin,8.98,31.71,46.45,196,28,15,27,93,0.8,111,46,46.28,234.24,27530000,,,,
2717,吉林,2015,5,Jilin,14.64,70.93,54.23,336,29,9,22,79,0.6,115,32,51.27,232.32,27530000,,,,
2718,吉林,2015,6,Jilin,19.39,104.94,70.17,418,30,9,26,55,0.6,117,31,43.05,219.72,27530000,,,,
2719,吉林,2015,7,Jilin,22.22,102,73.37,256,31,8,22,57,0.7,112,31,34.58,241.68,27530000,,,,
2720,吉林,2015,8,Jilin,20.88,142.35,81.77,121,32,8,19,45,0.7,90,27,36.83,178.33,27530000,,,,
2721,吉林,2015,9,Jilin,15.14,29.76,73,131,33,12,27,56,0.8,84,28,47.26,220.97,27530000,,,,
2722,吉林,2015,10,Jilin,6.44,33.81,58.97,178,34,17,32,91,0.9,75,61,49.01,206.11,27530000,,,,
2723,吉林,2015,11,Jilin,-3.96,27.79,69.38,276,35,36,38,128,1.1,56,100,49.18,104.36,27530000,,,,
2724,吉林,2015,12,Jilin,-10.97,16.96,73.76,291,36,62,44,119,1.3,44,92,41.69,128.02,27530000,,,,
2725,吉林,2016,1,Jilin,-16.88,3.07,62.79,143,37,54,36,90,1.1,56,65,30.97,NA,27330000,,,,
2726,吉林,2016,2,Jilin,-9.93,13.05,58.83,53,38,39,27,73,1.1,72,49,39.2,183.72,27330000,,,,
2727,吉林,2016,3,Jilin,0.52,14.12,53.59,126,39,26,28,95,1,93,51,55.19,195.01,27330000,,,,
2728,吉林,2016,4,Jilin,8.28,41.35,48.48,129,40,12,23,83,0.8,105,33,46.09,193.73,27330000,,,,
2729,吉林,2016,5,Jilin,15.2,126.28,57.83,296,41,9,22,65,0.8,132,30,57.24,208.26,27330000,,,,
2730,吉林,2016,6,Jilin,19.04,136.75,70.97,388,42,8,24,46,0.7,127,27,42.9,197.22,27330000,,,,
2731,吉林,2016,7,Jilin,22.6,133.78,77.87,189,43,7,21,50,0.8,112,28,32,180.6,27330000,,,,
2732,吉林,2016,8,Jilin,21.66,127.98,77.07,69,44,8,22,47,0.8,99,23,35.51,NA,27330000,,,,
2733,吉林,2016,9,Jilin,15.59,103.32,80.97,84,45,8,24,50,0.9,81,27,51.84,NA,27330000,,,,
2734,吉林,2016,10,Jilin,5.67,1.41,68.06,143,46,13,31,68,1,67,42,51.39,NA,27330000,,,,
2735,吉林,2016,11,Jilin,-5.82,22.89,71.1,209,47,31,32,82,1.2,59,60,51.23,NA,27330000,,,,
2736,吉林,2016,12,Jilin,-10.49,18,72.41,285,48,48,39,96,1.5,50,71,43.86,NA,27330000,,,,
2737,吉林,2017,1,Jilin,-13.69,7.93,66.25,116,49,52,38,102,1.4,58,77,31.46,154.82,27170000,,,,
2738,吉林,2017,2,Jilin,-9.23,15.24,62.52,66,50,39,32,73,1.2,78,51,44.47,146.01,27170000,,,,
2739,吉林,2017,3,Jilin,-0.62,4.59,56.47,136,51,29,33,83,1.1,97,54,56.2,193.04,27170000,,,,
2740,吉林,2017,4,Jilin,9.16,27.99,46.53,192,52,15,27,84,1,107,42,49.06,232.26,27170000,,,,
2741,吉林,2017,5,Jilin,15.52,80.96,54.97,305,53,10,22,93,0.8,122,29,54.21,256.81,27170000,,,,
2742,吉林,2017,6,Jilin,19.16,49.06,66.62,473,54,10,27,47,0.8,119,23,45.94,215.94,27170000,,,,
2743,吉林,2017,7,Jilin,23.8,187.13,75.38,185,55,8,20,44,0.8,126,24,28.98,234.21,27170000,,,,
2744,吉林,2017,8,Jilin,21.27,156.53,78.87,60,56,7,17,33,0.8,84,16,37.9,194,27170000,,,,
2745,吉林,2017,9,Jilin,15.14,37.54,69.56,125,57,10,23,43,0.8,87,20,60.69,223.29,27170000,,,,
2746,吉林,2017,10,Jilin,6.55,15.69,57.82,259,58,16,35,82,1,79,50,55.11,195.46,27170000,,,,
2747,吉林,2017,11,Jilin,-4.24,19.5,59.67,478,59,19,27,75,0.9,59,47,54.15,150.84,27170000,,,,
2748,吉林,2017,12,Jilin,-13.46,6.71,63.58,626,60,32,35,77,1.2,51,54,45.81,148.41,27170000,,,,
2749,吉林,2018,1,Jilin,-16.72,6.29,61.96,307,61,31,35,71,1.1,60,49,31.45,179.49,27040000,,,,
2750,吉林,2018,2,Jilin,-13.34,9.35,56.45,87,62,28,28,72,1,77,47,35.02,178.17,27040000,,,,
2751,吉林,2018,3,Jilin,-0.94,24.11,55.3,128,63,20,28,85,1,111,52,54.91,223.46,27040000,,,,
2752,吉林,2018,4,Jilin,9.64,26.68,44.22,202,64,11,22,87,0.7,123,39,55.58,194.07,27040000,,,,
2753,吉林,2018,5,Jilin,15.54,77.6,56.16,490,65,8,21,64,0.6,123,26,55.98,216.14,27040000,,,,
2754,吉林,2018,6,Jilin,20.37,118.73,69.49,456,66,7,20,44,0.7,131,23,42.7,195.33,27040000,,,,
2755,吉林,2018,7,Jilin,24.6,116.09,79.24,249,67,6,17,38,0.7,97,19,32.33,184.51,27040000,,,,
2756,吉林,2018,8,Jilin,21.6,217.97,81.91,52,68,6,17,30,0.7,81,14,31.25,161.7,27040000,,,,
2757,吉林,2018,9,Jilin,14.6,70.21,76.09,81,69,7,21,36,0.7,75,16,60.25,192.94,27040000,,,,
2758,吉林,2018,10,Jilin,6.87,41.07,66.28,177,70,9,27,49,0.8,67,23,56.71,192.1,27040000,,,,
2759,吉林,2018,11,Jilin,-1.97,20.2,63.66,316,71,14,30,60,0.9,54,34,55.77,170.15,27040000,,,,
2760,吉林,2018,12,Jilin,-11.64,6.62,55.54,440,72,18,28,65,0.9,53,40,44.9,174.87,27040000,,,,
2761,吉林,2019,1,Jilin,-9.9,0.4,51,142,73,23,41,92,1.07,47,63,28.5,194.1,26910000,,,,
2762,吉林,2019,2,Jilin,-7.5,3.9,42,53,74,23,39,94,0.98,73,80,42.63,176.7,26910000,,,,
2763,吉林,2019,3,Jilin,1.9,14.4,40,134,75,14,38,96,0.8,90,54,61.78,218.7,26910000,,,,
2764,吉林,2019,4,Jilin,9.4,0.5,33,175,76,7,32,94,0.6,106,33,48.65,260.7,26910000,,,,
2765,吉林,2019,5,Jilin,17.4,83.6,44,232,77,5,26,68,0.55,113,25,52.68,251.1,26910000,,,,
2766,吉林,2019,6,Jilin,20.3,205.4,67,299,78,5,31,40,0.58,115,19,48.14,282.6,26910000,,,,
2767,吉林,2019,7,Jilin,24.6,125.6,77,163,79,3,27,42,0.63,115,22,33.14,346.8,26910000,,,,
2768,吉林,2019,8,Jilin,21.7,169.7,87,47,80,3,23,27,0.61,67,13,36.98,295.2,26910000,,,,
2769,吉林,2019,9,Jilin,18.1,43.3,68,84,81,6,31,47,0.65,84,19,58.8,312.3,26910000,,,,
2770,吉林,2019,10,Jilin,9,22.2,55,124,82,8,39,66,0.75,66,32,54.75,267.5,26910000,,,,
2771,吉林,2019,11,Jilin,-2.8,19.9,52,283,83,14,33,48,0.64,44,27,59.26,196.6,26910000,,,,
2772,吉林,2019,12,Jilin,-11.5,21.3,73,331,84,21,44,78,0.98,42,70,44.83,208.3,26910000,,,,
2773,吉林,2020,1,Jilin,-12.5,5,78,114,85,26,51,119,1.26,61,116,26.05,238.4,23990000,,,,
2774,吉林,2020,2,Jilin,-7.8,3.6,66,11,86,15,22,50,0.67,75,43,22.42,235.7,23990000,,,,
2775,吉林,2020,3,Jilin,1.1,13.4,55,6,87,10,26,61,0.62,84,37,40.96,286.4,23990000,,,,
2776,吉林,2020,4,Jilin,7.9,20.6,46,3,88,9,42,128,0.9,111,107,42.05,203.7,23990000,,,,
2777,吉林,2020,5,Jilin,15.9,46.4,60,4,89,5,25,52,0.52,103,22,50.47,186,23990000,,,,
2778,吉林,2020,6,Jilin,21.8,50.8,62,3,90,5,31,40,0.5,115,18,47,218.5,23990000,,,,
2779,吉林,2020,7,Jilin,25,69.1,67,6,91,4,29,44,0.59,117,21,60.01,249.2,23990000,,,,
2780,吉林,2020,8,Jilin,23.2,124,78,6,92,3,23,32,0.6,84,14,39.84,174.3,23990000,,,,
2781,吉林,2020,9,Jilin,16.3,273.3,84,3,93,4,26,37,0.67,63,18,49.83,120.6,23990000,,,,
2782,吉林,2020,10,Jilin,7.8,21.5,56,17,94,8,32,56,0.71,61,29,75.19,232.5,23990000,,,,
2783,吉林,2020,11,Jilin,-1.4,34.3,66,22,95,12,37,60,0.77,43,42,45.03,188.8,23990000,,,,
2784,吉林,2020,12,Jilin,-12.2,NA,66,28,96,18,37,57,0.73,42,38,65.03,204.9,23990000,,,,
2785,內蒙古,2013,1,Inner Mongolia,-16.1,2.3,60.55,103,1,132,54,192,4.1,31,124,5.33,204.33,24980000,,,,
2786,內蒙古,2013,2,Inner Mongolia,-13.2,2.02,51.55,41,2,71,23,122,2.7,60,51,33.1,230.94,24980000,,,,
2787,內蒙古,2013,3,Inner Mongolia,-2.92,5.69,44.38,88,3,62,30,165,1.9,70,53,43.63,279.31,24980000,,,,
2788,內蒙古,2013,4,Inner Mongolia,4.62,14.42,40.83,127,4,38,30,158,1.4,78,43,38.1,276.63,24980000,,,,
2789,內蒙古,2013,5,Inner Mongolia,16.74,22.08,36.15,189,5,29,25,172,1.9,94,60,40.7,296.13,24980000,,,,
2790,內蒙古,2013,6,Inner Mongolia,19.79,81.21,53.91,279,6,26,28,123,1.9,97,54,36.44,243.99,24980000,,,,
2791,內蒙古,2013,7,Inner Mongolia,22.38,99.59,59.09,141,7,17,38,111,0.8,102,39,24.18,267.34,24980000,,,,
2792,內蒙古,2013,8,Inner Mongolia,20.85,71.79,59,46,8,22,44,116,0.8,95,44,29.41,252.22,24980000,,,,
2793,內蒙古,2013,9,Inner Mongolia,14.17,33.2,51.64,101,9,22,48,125,0.9,69,38,45.87,258.73,24980000,,,,
2794,內蒙古,2013,10,Inner Mongolia,5.8,11.79,51.51,155,10,37,55,175,1.4,58,66,39.54,231.18,24980000,,,,
2795,內蒙古,2013,11,Inner Mongolia,-3.3,2.96,53.6,279,11,50,38,142,2.7,30,68,41.63,196.24,24980000,,,,
2796,內蒙古,2013,12,Inner Mongolia,-11.16,1.76,58.23,302,12,85,50,146,3.2,16,68,32.11,196.09,24980000,,,,
2797,內蒙古,2014,1,Inner Mongolia,-12.56,1.6,48.87,113,13,89,46,138,2.4,39,62,23.26,209.24,25050000,,,,
2798,內蒙古,2014,2,Inner Mongolia,-11.68,3.19,52.06,46,14,71,40,127,1.8,52,69,32.39,196.79,25050000,,,,
2799,內蒙古,2014,3,Inner Mongolia,-0.42,2.15,36.89,113,15,59,37,136,1.3,71,42,46.61,280.63,25050000,,,,
2800,內蒙古,2014,4,Inner Mongolia,10.04,10.19,33.62,172,16,31,33,130,1.2,93,39,39.38,279.15,25050000,,,,
2801,內蒙古,2014,5,Inner Mongolia,14.06,41.7,42.45,320,17,27,27,130,1,103,35,43.62,262.84,25050000,,,,
2802,內蒙古,2014,6,Inner Mongolia,20.05,67.12,54,515,18,21,27,77,0.9,112,26,37.52,264.85,25050000,,,,
2803,內蒙古,2014,7,Inner Mongolia,22.56,74.67,56.34,300,19,23,29,84,1,132,34,26.14,274.34,25050000,,,,
2804,內蒙古,2014,8,Inner Mongolia,19.95,55.06,57.26,115,20,22,31,74,0.8,113,28,30.38,264.7,25050000,,,,
2805,內蒙古,2014,9,Inner Mongolia,13.97,38.05,55.09,225,21,25,35,85,0.9,92,30,45.68,245.84,25050000,,,,
2806,內蒙古,2014,10,Inner Mongolia,6.66,21.36,50.68,399,22,34,40,130,1.1,73,51,41.65,227.35,25050000,,,,
2807,內蒙古,2014,11,Inner Mongolia,-3.55,2.51,51.45,663,23,56,41,116,1.4,51,49,39.28,207.45,25050000,,,,
2808,內蒙古,2014,12,Inner Mongolia,-13.47,2.06,52.4,532,24,71,35,108,1.6,44,50,30.71,192.64,25050000,,,,
2809,內蒙古,2015,1,Inner Mongolia,-12.19,2.03,54.72,211,25,61,35,99,1.3,53,52,23.45,199.82,25110000,,,,
2810,內蒙古,2015,2,Inner Mongolia,-9,3.76,50.17,62,26,44,25,104,1,68,49,28.49,207.69,25110000,,,,
2811,內蒙古,2015,3,Inner Mongolia,-1.12,0.99,33.81,124,27,33,23,108,0.9,85,39,46.64,289,25110000,,,,
2812,內蒙古,2015,4,Inner Mongolia,7.56,20.66,38,203,28,20,21,92,0.7,100,35,39.29,265.74,25110000,,,,
2813,內蒙古,2015,5,Inner Mongolia,14.32,24.9,36.38,274,29,15,18,90,0.6,111,32,40.06,290.67,25110000,,,,
2814,內蒙古,2015,6,Inner Mongolia,18.94,68.76,52.68,408,30,12,18,73,0.6,120,32,38.88,258.58,25110000,,,,
2815,內蒙古,2015,7,Inner Mongolia,22.53,52.08,53.85,278,31,15,19,72,0.6,126,34,26.83,280.1,25110000,,,,
2816,內蒙古,2015,8,Inner Mongolia,20.94,55.97,56.04,88,32,14,19,69,0.6,106,27,28.79,268.05,25110000,,,,
2817,內蒙古,2015,9,Inner Mongolia,14.27,51.36,60.19,173,33,15,22,62,0.6,93,29,46.12,219.79,25110000,,,,
2818,內蒙古,2015,10,Inner Mongolia,6.03,11.18,47.66,265,34,21,26,80,0.7,79,35,39.68,248.34,25110000,,,,
2819,內蒙古,2015,11,Inner Mongolia,-5.51,11.99,65.45,386,35,34,30,91,1.1,53,55,39.44,148.09,25110000,,,,
2820,內蒙古,2015,12,Inner Mongolia,-11.72,4.57,65.36,383,36,45,36,103,1.3,49,63,34.08,172.93,25110000,,,,
2821,內蒙古,2016,1,Inner Mongolia,-18.05,1.59,58.04,203,37,38,26,67,1,59,38,25.73,217.7,25200000,,,,
2822,內蒙古,2016,2,Inner Mongolia,-11.79,3.85,54.21,65,38,33,20,71,0.9,76,36,29.32,216.61,25200000,,,,
2823,內蒙古,2016,3,Inner Mongolia,-0.53,4.64,42.36,121,39,26,24,106,0.8,90,42,44.13,250.95,25200000,,,,
2824,內蒙古,2016,4,Inner Mongolia,8.05,8.8,33.91,145,40,18,21,92,0.7,105,30,38.49,252.21,25200000,,,,
2825,內蒙古,2016,5,Inner Mongolia,14.79,26.84,35.72,268,41,14,19,95,0.6,120,34,43.65,271.55,25200000,,,,
2826,內蒙古,2016,6,Inner Mongolia,19.4,63.82,49.87,351,42,13,20,60,0.6,119,27,36.4,254.11,25200000,,,,
2827,內蒙古,2016,7,Inner Mongolia,23.53,70.35,55.51,208,43,12,20,58,0.6,129,30,26.97,265.28,25200000,,,,
2828,內蒙古,2016,8,Inner Mongolia,21.93,51.59,54.36,74,44,11,20,53,0.7,111,23,29.52,264.58,25200000,,,,
2829,內蒙古,2016,9,Inner Mongolia,14.91,49.26,61.3,128,45,16,25,56,0.7,94,25,46.09,187.38,25200000,,,,
2830,內蒙古,2016,10,Inner Mongolia,4.1,0.82,56.53,246,46,19,27,70,0.8,79,32,42.69,191.93,25200000,,,,
2831,內蒙古,2016,11,Inner Mongolia,-6.52,6.01,54.53,387,47,33,32,96,1,65,45,40.67,169.36,25200000,,,,
2832,內蒙古,2016,12,Inner Mongolia,-10.59,2.17,58.34,404,48,41,35,83,1.3,57,48,33.14,168.54,25200000,,,,
2833,內蒙古,2017,1,Inner Mongolia,-14.43,1.48,55.38,147,49,40,32,83,1.3,66,47,23.1,192.13,25290000,,,,
2834,內蒙古,2017,2,Inner Mongolia,-9.71,6.05,52.24,53,50,33,29,72,1.1,82,40,32.84,189.74,25290000,,,,
2835,內蒙古,2017,3,Inner Mongolia,-2.26,7.59,48.2,149,51,23,26,61,0.8,97,33,48.61,215.92,25290000,,,,
2836,內蒙古,2017,4,Inner Mongolia,8.46,5.86,33.22,196,52,17,23,81,0.7,108,27,38.82,281.86,25290000,,,,
2837,內蒙古,2017,5,Inner Mongolia,15.82,19,32.21,350,53,13,21,141,0.6,121,40,43.5,311.3,25290000,,,,
2838,內蒙古,2017,6,Inner Mongolia,20.46,34.85,42.96,450,54,14,23,65,0.6,133,26,36.79,287.86,25290000,,,,
2839,內蒙古,2017,7,Inner Mongolia,23.81,66.57,53.86,275,55,13,22,62,0.6,136,27,27.23,275.22,25290000,,,,
2840,內蒙古,2017,8,Inner Mongolia,19.87,89.34,61.29,93,56,13,20,50,0.6,114,22,29.28,242.98,25290000,,,,
2841,內蒙古,2017,9,Inner Mongolia,14.49,23.38,50.5,157,57,17,25,63,0.6,106,23,45.53,257.79,25290000,,,,
2842,內蒙古,2017,10,Inner Mongolia,4.86,13.86,52.87,278,58,18,30,68,0.7,78,33,43.47,216.27,25290000,,,,
2843,內蒙古,2017,11,Inner Mongolia,-6.64,3.74,49.49,533,59,23,28,76,0.8,65,30,42.24,205.06,25290000,,,,
2844,內蒙古,2017,12,Inner Mongolia,-13.81,1.71,53.15,528,60,27,30,70,1,58,34,34.21,192.71,25290000,,,,
2845,內蒙古,2018,1,Inner Mongolia,-17.24,2.28,54.25,236,61,24,25,64,0.9,65,29,22.71,194.27,25340000,,,,
2846,內蒙古,2018,2,Inner Mongolia,-13.82,2.01,47.53,44,62,23,21,73,0.8,80,32,26.55,216.41,25340000,,,,
2847,內蒙古,2018,3,Inner Mongolia,-0.07,6.03,41.76,138,63,22,26,121,0.8,100,42,52.66,257.33,25340000,,,,
2848,內蒙古,2018,4,Inner Mongolia,8.28,14.92,36.38,213,64,16,21,141,0.6,116,37,40.11,243.27,25340000,,,,
2849,內蒙古,2018,5,Inner Mongolia,16.13,24.63,36.93,396,65,13,21,104,0.5,133,31,44.31,289.17,25340000,,,,
2850,內蒙古,2018,6,Inner Mongolia,20.95,44.36,45.73,530,66,12,19,64,0.5,137,23,37.18,278.68,25340000,,,,
2851,內蒙古,2018,7,Inner Mongolia,23.24,129.99,67.57,271,67,10,17,56,0.7,132,27,24.25,240.59,25340000,,,,
2852,內蒙古,2018,8,Inner Mongolia,21.04,95.55,68.08,58,68,11,19,46,0.6,116,23,26.16,246.08,25340000,,,,
2853,內蒙古,2018,9,Inner Mongolia,12.55,53.05,59.44,123,69,12,21,51,0.6,95,22,50.73,228.99,25340000,,,,
2854,內蒙古,2018,10,Inner Mongolia,4.76,7.43,50.36,269,70,16,28,66,0.7,83,30,43.67,237.74,25340000,,,,
2855,內蒙古,2018,11,Inner Mongolia,-4.65,2.88,52.24,394,71,23,32,95,0.9,66,39,39.79,198.73,25340000,,,,
2856,內蒙古,2018,12,Inner Mongolia,-14.71,0.73,47.76,393,72,23,28,84,0.9,61,35,34.97,192.31,25340000,,,,
2857,內蒙古,2019,1,Inner Mongolia,-9.8,NA,38,191,73,30,51,99,1.73,46,54,24.69,154.5,25400000,,,,
2858,內蒙古,2019,2,Inner Mongolia,-7.5,6.3,45,52,74,22,40,86,1.29,69,52,29.98,174.1,25400000,,,,
2859,內蒙古,2019,3,Inner Mongolia,2,3.7,35,145,75,16,41,80,1.05,92,39,50.2,256.2,25400000,,,,
2860,內蒙古,2019,4,Inner Mongolia,10.9,17.3,36,174,76,11,34,96,0.79,107,29,36.21,242.5,25400000,,,,
2861,內蒙古,2019,5,Inner Mongolia,15.5,9.8,30,206,77,9,33,96,0.58,124,35,41.05,309.4,25400000,,,,
2862,內蒙古,2019,6,Inner Mongolia,21.4,47.9,46,314,78,8,26,44,0.66,142,20,40.03,251.1,25400000,,,,
2863,內蒙古,2019,7,Inner Mongolia,21.4,102.3,61,196,79,8,31,44,0.72,140,20,26.47,211.2,25400000,,,,
2864,內蒙古,2019,8,Inner Mongolia,19.6,91.3,59,59,80,8,27,33,0.63,115,14,30.28,260.3,25400000,,,,
2865,內蒙古,2019,9,Inner Mongolia,16.8,101.4,55,150,81,9,41,52,0.66,112,20,50.32,254.7,25400000,,,,
2866,內蒙古,2019,10,Inner Mongolia,8,18.3,51,257,82,13,44,96,0.9,76,47,43.01,230,25400000,,,,
2867,內蒙古,2019,11,Inner Mongolia,-0.5,7.1,53,485,83,18,45,93,1.27,49,45,41.66,194.2,25400000,,,,
2868,內蒙古,2019,12,Inner Mongolia,-9.7,6.8,65,362,84,22,55,105,1.85,38,78,31.63,189.3,25400000,,,,
2869,內蒙古,2020,1,Inner Mongolia,-10.5,4.1,69,139,85,26,69,190,2.63,45,164,21.9,168.7,24030000,,,,
2870,內蒙古,2020,2,Inner Mongolia,-4.1,5.5,49,13,86,21,33,90,1.3,82,56,15.52,187.3,24030000,,,,
2871,內蒙古,2020,3,Inner Mongolia,2.3,2.7,37,6,87,15,28,64,0.79,88,29,37.65,271.1,24030000,,,,
2872,內蒙古,2020,4,Inner Mongolia,9.3,NA,20,14,88,10,27,66,0.65,110,25,44.24,305.5,24030000,,,,
2873,內蒙古,2020,5,Inner Mongolia,16.5,27,35,12,89,8,22,103,0.54,113,28,35.83,267,24030000,,,,
2874,內蒙古,2020,6,Inner Mongolia,21.8,30.2,39,19,90,8,23,66,0.57,140,21,43.19,245.2,24030000,,,,
2875,內蒙古,2020,7,Inner Mongolia,21.7,84.1,62,14,91,7,23,40,0.69,139,18,26.36,228.6,24030000,,,,
2876,內蒙古,2020,8,Inner Mongolia,20,148.9,69,4,92,7,22,36,0.68,116,16,33.74,210.6,24030000,,,,
2877,內蒙古,2020,9,Inner Mongolia,14.9,59.9,58,29,93,7,29,41,0.65,93,17,63.03,236.1,24030000,,,,
2878,內蒙古,2020,10,Inner Mongolia,6.1,5.3,39,49,94,12,37,85,0.8,72,30,37.7,270,24030000,,,,
2879,內蒙古,2020,11,Inner Mongolia,-1.1,1.5,50,55,95,13,38,78,1.04,59,40,39.53,210.2,24030000,,,,
2880,內蒙古,2020,12,Inner Mongolia,-12.9,0.5,57,73,96,17,40,89,1.35,43,49,40.88,217.5,24030000,,,,
2881,黑龍江,2013,1,Heilongjiang,-22.69,3.87,68.29,150,1,71,81,249,2,22,200,5.62,157.25,38350000,,,,
2882,黑龍江,2013,2,Heilongjiang,-18.64,8.79,65.43,43,2,54,54,116,1.2,40,88,34.89,184.07,38350000,,,,
2883,黑龍江,2013,3,Heilongjiang,-9.31,12.31,63.34,91,3,42,60,80,0.9,42,48,50.43,248.08,38350000,,,,
2884,黑龍江,2013,4,Heilongjiang,2.8,15.91,61.63,138,4,32,60,85,1,38,45,44.69,222.1,38350000,,,,
2885,黑龍江,2013,5,Heilongjiang,15.38,65.89,61.09,212,5,23,68,90,1,43,41,45.67,229.83,38350000,,,,
2886,黑龍江,2013,6,Heilongjiang,19.73,86.87,70.54,258,6,13,44,69,0.9,48,44,40.67,217.17,38350000,,,,
2887,黑龍江,2013,7,Heilongjiang,21.75,213.66,81.63,174,7,9,28,46,0.7,67,23,32.75,197.17,38350000,,,,
2888,黑龍江,2013,8,Heilongjiang,20.07,142.42,83.74,85,8,8,27,54,0.6,49,32,35.56,173.02,38350000,,,,
2889,黑龍江,2013,9,Heilongjiang,13.23,47.83,70.46,127,9,13,38,70,0.4,41,30,48.2,231.37,38350000,,,,
2890,黑龍江,2013,10,Heilongjiang,4.45,36.86,67.51,205,10,35,63,186,1.1,54,146,46.6,175.13,38350000,,,,
2891,黑龍江,2013,11,Heilongjiang,-4.72,33.25,72.06,338,11,66,53,125,1.1,37,89,46.86,125.83,38350000,,,,
2892,黑龍江,2013,12,Heilongjiang,-15.88,4.9,76.37,393,12,95,63,164,1.5,17,129,38.38,139.12,38350000,,,,
2893,黑龍江,2014,1,Heilongjiang,-21,3.61,67.4,156,13,68,46,122,1.2,40,97,26.73,166.21,38330000,,,,
2894,黑龍江,2014,2,Heilongjiang,-17.84,4.83,63.89,57,14,62,45,117,1.2,57,84,36.09,195.3,38330000,,,,
2895,黑龍江,2014,3,Heilongjiang,-3.88,3.93,60.34,148,15,41,37,77,0.8,75,48,56.12,269.23,38330000,,,,
2896,黑龍江,2014,4,Heilongjiang,8.47,5.45,43.49,261,16,23,32,87,0.6,99,39,45.26,280.9,38330000,,,,
2897,黑龍江,2014,5,Heilongjiang,12.9,90.95,67.89,358,17,11,24,50,0.6,86,24,46.19,164.3,38330000,,,,
2898,黑龍江,2014,6,Heilongjiang,20.97,73.65,68.83,484,18,10,23,55,0.5,90,26,40.7,237.94,38330000,,,,
2899,黑龍江,2014,7,Heilongjiang,21.36,146.42,79.97,245,19,10,23,72,0.6,94,48,31.82,180.76,38330000,,,,
2900,黑龍江,2014,8,Heilongjiang,20.13,92.31,80.6,154,20,10,24,46,0.5,87,24,37.79,218.17,38330000,,,,
2901,黑龍江,2014,9,Heilongjiang,13.21,73.11,73.31,181,21,12,24,44,0.5,66,20,47.52,213.62,38330000,,,,
2902,黑龍江,2014,10,Heilongjiang,3.53,26.6,60.51,430,22,27,36,104,0.8,67,73,53.02,189.93,38330000,,,,
2903,黑龍江,2014,11,Heilongjiang,-5.81,9.62,64.14,709,23,46,36,116,1,50,88,44.44,164.29,38330000,,,,
2904,黑龍江,2014,12,Heilongjiang,-19.17,13.35,71.03,588,24,63,35,91,1,42,66,36.35,126.41,38330000,,,,
2905,黑龍江,2015,1,Heilongjiang,-17.52,1.68,67.2,257,25,44,36,97,1.2,50,65,28.72,171.73,38120000,,,,
2906,黑龍江,2015,2,Heilongjiang,-12.66,14.62,68.71,93,26,37,33,91,1,67,54,35.02,166.69,38120000,,,,
2907,黑龍江,2015,3,Heilongjiang,-3.59,8.75,60.54,170,27,29,24,69,0.8,86,37,50.99,230.55,38120000,,,,
2908,黑龍江,2015,4,Heilongjiang,6.03,18.1,50.23,229,28,20,23,76,0.6,91,36,45.19,221.92,38120000,,,,
2909,黑龍江,2015,5,Heilongjiang,12,74.3,62.26,403,29,11,17,50,0.5,85,23,50.33,198.35,38120000,,,,
2910,黑龍江,2015,6,Heilongjiang,19.59,104.27,68.91,626,30,9,17,48,0.5,91,27,44.05,230.92,38120000,,,,
2911,黑龍江,2015,7,Heilongjiang,21.84,93.62,73.69,387,31,9,18,50,0.6,94,28,31.25,247,38120000,,,,
2912,黑龍江,2015,8,Heilongjiang,20.95,139.3,83.66,136,32,9,16,43,0.6,73,23,33.12,164.6,38120000,,,,
2913,黑龍江,2015,9,Heilongjiang,13.53,41.49,74.31,191,33,9,18,42,0.6,63,18,50.25,226.96,38120000,,,,
2914,黑龍江,2015,10,Heilongjiang,4.55,31.94,61.6,324,34,15,22,64,0.7,63,37,47.52,183.53,38120000,,,,
2915,黑龍江,2015,11,Heilongjiang,-8.46,4.31,65.49,428,35,23,29,102,1.1,50,75,44.72,156.27,38120000,,,,
2916,黑龍江,2015,12,Heilongjiang,-16.02,16.31,73.2,463,36,34,33,77,1.3,40,54,41.4,132.75,38120000,,,,
2917,黑龍江,2016,1,Heilongjiang,-20.44,5.82,65.77,263,37,31,27,62,0.9,48,42,29.95,NA,37990000,,,,
2918,黑龍江,2016,2,Heilongjiang,-15.55,2.85,63.14,80,38,28,25,59,1,65,40,34.33,179.84,37990000,,,,
2919,黑龍江,2016,3,Heilongjiang,-2.81,10.88,56.69,169,39,19,21,66,0.9,76,36,51.81,189,37990000,,,,
2920,黑龍江,2016,4,Heilongjiang,5.36,24.32,51.51,170,40,13,18,63,0.7,83,30,43.13,188.29,37990000,,,,
2921,黑龍江,2016,5,Heilongjiang,13.8,71.97,55.69,347,41,12,18,52,0.6,95,25,52.88,185.94,37990000,,,,
2922,黑龍江,2016,6,Heilongjiang,17.87,125.91,74.29,453,42,12,17,38,0.6,79,20,41.19,156.29,37990000,,,,
2923,黑龍江,2016,7,Heilongjiang,22.42,80.25,75.06,241,43,10,19,40,0.7,79,20,31.64,227.52,37990000,,,,
2924,黑龍江,2016,8,Heilongjiang,20.3,69.99,73.71,98,44,10,18,40,0.7,65,16,34.2,224.74,37990000,,,,
2925,黑龍江,2016,9,Heilongjiang,14.72,105.52,78.91,112,45,10,19,40,0.7,57,19,48.7,123.9,37990000,,,,
2926,黑龍江,2016,10,Heilongjiang,1.43,0.96,60.63,209,46,13,23,54,0.7,56,30,49.7,172.61,37990000,,,,
2927,黑龍江,2016,11,Heilongjiang,-12.89,19.98,68.46,294,47,23,32,84,0.9,50,61,47.39,128.23,37990000,,,,
2928,黑龍江,2016,12,Heilongjiang,-16.79,5.07,69.77,396,48,30,34,82,1.1,44,56,42.25,126.44,37990000,,,,
2929,黑龍江,2017,1,Heilongjiang,-18.31,3.76,67.62,172,49,30,34,96,1.2,52,70,28.97,148.42,37890000,,,,
2930,黑龍江,2017,2,Heilongjiang,-12.62,6.52,62.45,72,50,21,25,59,0.8,73,39,38.59,172.44,37890000,,,,
2931,黑龍江,2017,3,Heilongjiang,-3.09,3.75,59.03,148,51,16,25,59,0.8,83,36,52.4,204.29,37890000,,,,
2932,黑龍江,2017,4,Heilongjiang,6.62,21.62,50.19,186,52,14,23,71,0.7,93,38,46.83,222.6,37890000,,,,
2933,黑龍江,2017,5,Heilongjiang,14.53,53.9,50.94,394,53,11,17,77,0.6,98,24,52.68,254.87,37890000,,,,
2934,黑龍江,2017,6,Heilongjiang,18.77,90.15,68.02,448,54,10,19,38,0.5,86,18,39.57,222.9,37890000,,,,
2935,黑龍江,2017,7,Heilongjiang,22.78,87.27,71.58,222,55,9,18,40,0.5,93,19,32.94,265.63,37890000,,,,
2936,黑龍江,2017,8,Heilongjiang,20.06,160.52,80.57,125,56,9,15,36,0.5,66,17,38.4,167.72,37890000,,,,
2937,黑龍江,2017,9,Heilongjiang,13.2,63.48,72.03,145,57,8,18,38,0.6,65,16,47.63,209.01,37890000,,,,
2938,黑龍江,2017,10,Heilongjiang,3.28,33.38,58.43,228,58,13,29,82,0.7,68,55,48.6,187.2,37890000,,,,
2939,黑龍江,2017,11,Heilongjiang,-9.35,13.94,64.51,323,59,16,26,76,0.7,54,54,48.4,144.24,37890000,,,,
2940,黑龍江,2017,12,Heilongjiang,-19.9,5.76,66.14,425,60,24,29,67,0.9,51,47,41.98,145.36,37890000,,,,
2941,黑龍江,2018,1,Heilongjiang,-21.26,5.06,64.83,166,61,24,29,66,0.9,60,46,28.01,169.68,37730000,,,,
2942,黑龍江,2018,2,Heilongjiang,-18.68,3.54,62.23,59,62,22,25,66,0.8,75,43,36.33,198.89,37730000,,,,
2943,黑龍江,2018,3,Heilongjiang,-5.6,13.33,56.19,102,63,17,25,69,0.7,101,40,52.47,242.72,37730000,,,,
2944,黑龍江,2018,4,Heilongjiang,6.86,NA,45.39,155,64,9,22,78,0.6,111,39,50.11,218.75,37730000,,,,
2945,黑龍江,2018,5,Heilongjiang,14.55,33.04,52.69,342,65,7,18,51,0.5,112,21,53.22,266.5,37730000,,,,
2946,黑龍江,2018,6,Heilongjiang,18.95,124.07,71.61,428,66,7,16,36,0.5,100,16,42.74,208.41,37730000,,,,
2947,黑龍江,2018,7,Heilongjiang,22.89,188.18,82.55,241,67,6,16,35,0.6,85,18,31.19,188.56,37730000,,,,
2948,黑龍江,2018,8,Heilongjiang,19.63,125.99,81.34,70,68,6,15,32,0.5,62,14,32.55,204.02,37730000,,,,
2949,黑龍江,2018,9,Heilongjiang,13.5,85.69,72.31,98,69,6,17,39,0.5,67,16,51.45,213.32,37730000,,,,
2950,黑龍江,2018,10,Heilongjiang,6.22,20.91,63.69,158,70,9,22,50,0.6,62,20,51.31,198.11,37730000,,,,
2951,黑龍江,2018,11,Heilongjiang,-6.3,18.53,64.89,362,71,13,26,57,0.7,52,28,54.94,170.94,37730000,,,,
2952,黑龍江,2018,12,Heilongjiang,-15.93,3.33,59.24,520,72,16,24,62,0.7,54,37,43.23,166.77,37730000,,,,
2953,黑龍江,2019,1,Heilongjiang,-13.3,1.8,60,238,73,35,44,106,1.22,44,75,29.3,148.1,37510000,,,,
2954,黑龍江,2019,2,Heilongjiang,-9.3,NA,43,77,74,30,41,119,1.08,68,106,35.88,168.7,37510000,,,,
2955,黑龍江,2019,3,Heilongjiang,0.1,12.4,46,157,75,19,38,94,0.89,83,54,56.49,225.1,37510000,,,,
2956,黑龍江,2019,4,Heilongjiang,8.5,12.9,42,228,76,13,28,108,0.61,98,36,44.81,245.2,37510000,,,,
2957,黑龍江,2019,5,Heilongjiang,15.5,88.3,54,233,77,11,25,66,0.57,106,24,46.33,226.5,37510000,,,,
2958,黑龍江,2019,6,Heilongjiang,19.8,86.3,68,370,78,8,27,34,0.54,99,14,48.32,234.5,37510000,,,,
2959,黑龍江,2019,7,Heilongjiang,23.7,161.7,83,224,79,8,27,40,0.61,100,19,30.36,184.5,37510000,,,,
2960,黑龍江,2019,8,Heilongjiang,20.7,157.2,88,53,80,8,22,27,0.56,54,12,31.2,108.8,37510000,,,,
2961,黑龍江,2019,9,Heilongjiang,17,69.5,70,86,81,9,28,42,0.63,79,16,55.45,277,37510000,,,,
2962,黑龍江,2019,10,Heilongjiang,8.3,7.8,56,149,82,13,34,61,0.67,66,27,49.46,238.8,37510000,,,,
2963,黑龍江,2019,11,Heilongjiang,-4.9,10.6,58,212,83,15,30,44,0.62,45,27,48.98,213.1,37510000,,,,
2964,黑龍江,2019,12,Heilongjiang,-15.6,15,72,306,84,29,46,103,1.03,37,91,47.91,210,37510000,,,,
2965,黑龍江,2020,1,Heilongjiang,-16.9,3.2,74,134,85,43,61,164,1.35,60,155,21.05,235.3,31710000,,,,
2966,黑龍江,2020,2,Heilongjiang,-11.4,8.3,72,4,86,27,26,67,0.79,87,60,11.66,243.1,31710000,,,,
2967,黑龍江,2020,3,Heilongjiang,-1.1,6.9,62,5,87,16,25,55,0.62,96,41,65.26,307.9,31710000,,,,
2968,黑龍江,2020,4,Heilongjiang,7.5,6.3,48,2,88,16,34,100,0.75,104,91,5.6,324.9,31710000,,,,
2969,黑龍江,2020,5,Heilongjiang,15.6,77.6,61,-,89,13,24,48,0.52,110,21,0.73,364,31710000,,,,
2970,黑龍江,2020,6,Heilongjiang,19.9,199.8,75,2,90,11,23,30,0.52,99,12,194.16,340.2,31710000,,,,
2971,黑龍江,2020,7,Heilongjiang,24.4,116,78,6,91,10,27,42,0.62,114,18,34.66,387.6,31710000,,,, 
2972,黑龍江,2020,8,Heilongjiang,21.7,146.1,86,8,92,10,22,30,0.57,81,12,53.34,295.4,31710000,,,,
2973,黑龍江,2020,9,Heilongjiang,16.3,174.1,85,9,93,11,26,36,0.66,61,15,38.85,240.8,31710000,,,,
2974,黑龍江,2020,10,Heilongjiang,7.2,13.6,64,5,94,12,32,54,0.7,59,24,44.81,243.2,31710000,,,,
2975,黑龍江,2020,11,Heilongjiang,-3.3,31,67,25,95,18,39,71,0.8,47,52,72.53,213.6,31710000,,,,
2976,黑龍江,2020,12,Heilongjiang,-15.2,0.4,68,26,96,23,43,76,0.88,47,61,23.94,225.4,31710000,,,,
