X,name,year,month,province,meantemp,rain,humi,number,seq,SO2,NO2,PM10,CO,O3_8h,PM2.5,beta,sunlight,population,,,,
1,西藏,2013,1,Tibet,-4.94,3.79,28.64,4,1,35,31,91,2,65,43,5.40549126,230.28,3120000,,,,
2,西藏,2013,2,Tibet,-1.99,10.91,38.08,2,2,7,18,47,1.2,93,26,3.653432982,201.61,3120000,,,,
3,西藏,2013,3,Tibet,1.54,12.17,40.67,0,3,10,19,59,1.4,100,23,28.93693575,222.17,3120000,,,,
4,西藏,2013,4,Tibet,4.72,22.69,49.56,3,4,9,20,68,1.4,133,25,33.1081483,213.76,3120000,,,,
5,西藏,2013,5,Tibet,8.9,46.03,52.64,4,5,8,18,72,1.1,141,29,41.10792099,240.13,3120000,,,,
6,西藏,2013,6,Tibet,13.57,87.4,56.1,4,6,8,15,45,1.3,127,22,20.14929731,220.26,3120000,,,,
7,西藏,2013,7,Tibet,14.03,112.66,66.64,6,7,10,13,36,1.9,93,15,21.23718294,174.13,3120000,,,,
8,西藏,2013,8,Tibet,13.12,74.18,61.26,6,8,10,14,45,1.8,116,21,17.74000498,234.82,3120000,,,,
9,西藏,2013,9,Tibet,10.22,67.44,63.87,1,9,10,16,43,1.2,99,18,20.46935588,203.2,3120000,,,,
10,西藏,2013,10,Tibet,5.46,43.24,57.64,3,10,8,19,52,0.6,97,21,23.91782408,208.16,3120000,,,,
11,西藏,2013,11,Tibet,-0.04,2.31,37.44,8,11,9,23,55,0.9,83,25,23.84778533,240.92,3120000,,,,
12,西藏,2013,12,Tibet,-3.63,0.75,32.13,7,12,11,24,91,1.4,85,34,19.01332992,233.86,3120000,,,,
13,西藏,2014,1,Tibet,-3.93,2.31,33.13,1,13,11,19,52,1.5,77,24,12.57740863,223.02,3180000,,,,
14,西藏,2014,2,Tibet,-1.71,5.48,32.95,2,14,9,14,74,1.1,95,23,8.224895052,192.2,3180000,,,,
15,西藏,2014,3,Tibet,1.11,12.63,38.64,0,15,9,13,53,1,103,21,34.45244618,219.56,3180000,,,,
16,西藏,2014,4,Tibet,4.7,18,43.18,1,16,12,15,76,1.2,128,29,39.88879602,217.24,3180000,,,,
17,西藏,2014,5,Tibet,9.46,35.89,48.9,10,17,13,15,62,1.1,135,25,47.10076696,232.51,3180000,,,,
18,西藏,2014,6,Tibet,13.68,61.3,52.59,13,18,11,16,49,0.7,125,20,19.8684706,233.2,3180000,,,,
19,西藏,2014,7,Tibet,13.69,130.32,67.67,7,19,9,16,32,0.6,96,14,17.84753347,175.17,3180000,,,,
20,西藏,2014,8,Tibet,12.82,122.55,68.44,2,20,8,19,36,0.7,100,16,18.84736131,177.45,3180000,,,,
21,西藏,2014,9,Tibet,10.97,54.48,62.77,4,21,10,19,38,0.7,94,16,20.59707653,195.81,3180000,,,,
22,西藏,2014,10,Tibet,5.3,10.19,48.97,3,22,9,27,55,0.9,109,24,25.44988339,244.98,3180000,,,,
23,西藏,2014,11,Tibet,1.14,1.23,35.85,7,23,10,33,75,0.9,91,32,18.7296,234.1,3180000,,,,
24,西藏,2014,12,Tibet,-2.16,3.67,32.79,4,24,14,32,75,1.5,83,40,12.1834773,225.4,3180000,,,,
25,西藏,2015,1,Tibet,-5.3,7.83,36.62,0,25,14,17,55,1.4,72,32,9.402323056,217.25,3240000,,,,
26,西藏,2015,2,Tibet,-2.72,6.77,33.97,0,26,13,14,46,1.7,73,23,32.83016982,202.67,3240000,,,,
27,西藏,2015,3,Tibet,1.98,12.93,36.13,2,27,13,12,49,1.3,87,20,40.68120534,233.89,3240000,,,,
28,西藏,2015,4,Tibet,4.67,33.83,50.49,10,28,12,13,48,1.1,105,20,40.21770975,203.96,3240000,,,,
29,西藏,2015,5,Tibet,9.17,35.19,49.62,17,29,10,13,48,1,105,21,21.32481383,247.96,3240000,,,,
30,西藏,2015,6,Tibet,13.2,64.15,54.36,8,30,10,10,47,0.5,94,19,21.00895318,225.17,3240000,,,,
31,西藏,2015,7,Tibet,13.42,57.63,54.38,13,31,9,14,52,0.5,101,21,20.226594,239.71,3240000,,,,
32,西藏,2015,8,Tibet,12.9,122.61,65.41,7,32,9,11,39,0.6,85,16,23.51602416,184.88,3240000,,,,
33,西藏,2015,9,Tibet,12.31,39.94,58.05,18,33,9,12,38,0.7,77,17,22.36556448,221.91,3240000,,,,
34,西藏,2015,10,Tibet,5.9,9.93,46.13,19,34,10,15,59,0.9,80,26,21.04546584,242.98,3240000,,,,
35,西藏,2015,11,Tibet,1.27,2.71,37,9,35,13,20,75,1.3,73,34,16.84564997,229.95,3240000,,,,
36,西藏,2015,12,Tibet,-2.95,1.05,32.54,3,36,15,21,77,1.3,72,37,16.95415206,217.8,3240000,,,,
37,西藏,2016,1,Tibet,-5.51,4.41,35.49,2,37,16,18,58,1,70,33,20.13196177,NA,3310000,,,,
38,西藏,2016,2,Tibet,0.2,4.88,29.9,2,38,13,11,61,0.7,78,28,24.69109955,NA,3310000,,,,
39,西藏,2016,3,Tibet,2.25,13.72,38.95,7,39,11,14,52,0.7,89,25,24.12310656,194.27,3310000,,,,
40,西藏,2016,4,Tibet,6.09,23.17,44.51,7,40,10,15,74,0.8,102,26,23.33410405,169.86,3310000,,,,
41,西藏,2016,5,Tibet,9.04,44.64,49.92,4,41,9,14,61,0.7,112,24,22.91193947,220.86,3310000,,,,
42,西藏,2016,6,Tibet,12.57,106.39,62.28,15,42,8,14,36,0.7,88,17,22.16914059,166.44,3310000,,,,
43,西藏,2016,7,Tibet,13.61,142.42,67.9,8,43,9,11,37,0.4,65,15,21.63620873,146.13,3310000,,,,
44,西藏,2016,8,Tibet,13.76,56.22,61.26,5,44,10,15,40,0.4,77,16,20.16671715,217.33,3310000,,,,
45,西藏,2016,9,Tibet,10.9,94.83,66.64,7,45,9,13,45,0.6,73,16,23.50458013,129.06,3310000,,,,
46,西藏,2016,10,Tibet,6.33,0.61,49.87,9,46,9,17,82,0.6,76,26,21.86217889,210.43,3310000,,,,
47,西藏,2016,11,Tibet,1.37,1.68,32.85,12,47,14,29,77,0.9,73,37,17.48161947,228.17,3310000,,,,
48,西藏,2016,12,Tibet,-1.15,0.69,30.41,1,48,16,28,82,1,70,42,17.82158588,210.74,3310000,,,,
49,西藏,2017,1,Tibet,-3.17,3.63,33.51,2,49,14,17,47,0.8,82,22,18.04476045,197.53,3370000,,,,
50,西藏,2017,2,Tibet,0.64,5.52,31.46,1,50,13,15,52,0.8,92,21,21.92128627,187.11,3370000,,,,
51,西藏,2017,3,Tibet,1.83,22.39,39.48,1,51,13,15,50,0.8,100,20,21.29452182,179.99,3370000,,,,
52,西藏,2017,4,Tibet,6.42,40.38,43.97,1,52,12,14,62,0.7,113,22,26.71590778,220.38,3370000,,,,
53,西藏,2017,5,Tibet,9.66,47.84,52.45,4,53,9,12,53,0.6,117,19,27.75438171,215.43,3370000,,,,
54,西藏,2017,6,Tibet,13.17,82.43,56.4,10,54,7,12,45,0.5,110,14,25.41595592,202.57,3370000,,,,
55,西藏,2017,7,Tibet,14.31,121.8,65.95,8,55,6,12,41,0.5,82,12,21.36324122,181.11,3370000,,,,
56,西藏,2017,8,Tibet,14.48,102.79,65.63,4,56,6,12,33,0.5,81,11,23.69593291,183.93,3370000,,,,
57,西藏,2017,9,Tibet,13.09,32.92,59.05,13,57,6,14,36,0.5,82,12,25.43428964,208.53,3370000,,,,
58,西藏,2017,10,Tibet,8.34,24.35,48.34,26,58,7,17,39,0.6,87,15,24.26607641,231.4,3370000,,,,
59,西藏,2017,11,Tibet,1.59,2.83,37.89,15,59,8,22,49,0.8,80,21,20.08293478,225.35,3370000,,,,
60,西藏,2017,12,Tibet,-0.33,0.12,31.59,9,60,9,23,66,1.2,75,31,17.33131367,235.6,3370000,,,,
61,西藏,2018,1,Tibet,-1.7,1.59,27.23,5,61,7,17,63,0.8,85,26,17.12690381,227.85,3440000,,,,
62,西藏,2018,2,Tibet,0.45,7.71,34.79,1,62,8,10,47,0.7,92,18,19.3759244,178.2,3440000,,,,
63,西藏,2018,3,Tibet,2.08,18.7,40.9,3,63,7,12,42,0.6,102,19,19.56447264,209.2,3440000,,,,
64,西藏,2018,4,Tibet,6.17,19,45.33,1,64,6,12,52,0.6,118,20,25.34827676,205.35,3440000,,,,
65,西藏,2018,5,Tibet,9.98,30.2,47.21,2,65,6,11,51,0.6,125,19,26.43205713,224.03,3440000,,,,
66,西藏,2018,6,Tibet,14.47,55.7,52.8,11,66,6,10,33,0.5,118,13,26.70564555,212.99,3440000,,,,
67,西藏,2018,7,Tibet,14.9,139.41,65.61,7,67,6,10,29,0.5,86,11,21.5982584,162.26,3440000,,,,
68,西藏,2018,8,Tibet,14.15,115.01,69.23,3,68,4,9,29,0.5,74,11,21.57920152,151.51,3440000,,,,
69,西藏,2018,9,Tibet,12.57,54.64,61.13,5,69,4,10,38,0.5,87,13,25.10662111,206.42,3440000,,,,
70,西藏,2018,10,Tibet,5.09,15.58,46.86,15,70,5,12,46,0.5,94,18,25.68595129,227.53,3440000,,,,
71,西藏,2018,11,Tibet,1.04,6.83,37.59,12,71,6,15,64,0.7,77,25,24.02991023,213.93,3440000,,,,
72,西藏,2018,12,Tibet,-4.03,8.5,38.86,16,72,7,18,58,0.9,77,28,19.11377143,210.77,3440000,,,,
73,西藏,2019,1,Tibet,-1.9,NA,28,8,73,6,21,34,0.7,84,14,18.32116681,247.5,3510000,,,,
74,西藏,2019,2,Tibet,3.1,NA,20,1,74,5,13,34,0.6,86,11,12.32673081,205.6,3510000,,,,
75,西藏,2019,3,Tibet,5.8,3,22,2,75,4,15,37,0.5,98,14,8.500912522,280.6,3510000,,,,
76,西藏,2019,4,Tibet,9.7,6.7,36,-,76,5,15,34,0.4,116,11,39.02180815,262.5,3510000,,,,
77,西藏,2019,5,Tibet,14.3,29,37,3,77,6,14,33,0.4,131,14,41.84961539,267.4,3510000,,,,
78,西藏,2019,6,Tibet,19.6,2.7,31,13,78,6,12,26,0.4,116,12,47.72333822,306.1,3510000,,,,
79,西藏,2019,7,Tibet,16.3,202.3,59,4,79,8,16,20,0.4,102,8,19.8921791,209.7,3510000,,,,
80,西藏,2019,8,Tibet,16.8,133.2,56,6,80,8,18,20,0.4,96,7,22.25078119,239.6,3510000,,,,
81,西藏,2019,9,Tibet,14.4,101.1,58,7,81,8,19,21,0.5,88,7,24.71471726,197.4,3510000,,,,
82,西藏,2019,10,Tibet,10.3,11.5,46,8,82,7,20,28,0.5,93,10,24.46002562,239.2,3510000,,,,
83,西藏,2019,11,Tibet,6.1,1.5,32,16,83,6,29,40,0.7,76,15,23.10902708,261.5,3510000,,,,
84,西藏,2019,12,Tibet,0.3,NA,21,11,84,6,30,43,0.8,68,18,15.70614811,238,3510000,,,,
85,西藏,2020,1,Tibet,-0.7,0.3,22,1,85,6,20,35,0.8,80,16,7.296747584,268.8,3660000,,,,
86,西藏,2020,2,Tibet,1.7,0.2,21,-,86,6,9,20,0.6,90,10,9.015035099,279.4,3660000,,,,
87,西藏,2020,3,Tibet,5.9,10.2,31,-,87,6,10,25,0.5,102,8,13.44547655,317.2,3660000,,,,
88,西藏,2020,4,Tibet,7.8,9.1,40,-,88,6,15,32,0.4,106,10,28.35810045,310.9,3660000,,,,
89,西藏,2020,5,Tibet,11.9,36,42,-,89,6,16,26,0.4,121,10,51.05383073,318.9,3660000,,,,
90,西藏,2020,6,Tibet,17.7,76.9,47,1,90,7,15,22,0.4,105,10,46.50418298,306.4,3660000,,,,
91,西藏,2020,7,Tibet,17.2,174.2,60,2,91,8,16,18,0.5,90,7,31.62235446,265.6,3660000,,,,
92,西藏,2020,8,Tibet,17.2,79.1,54,-,92,8,19,22,0.4,91,8,35.52178138,323,3660000,,,,
93,西藏,2020,9,Tibet,16.8,40.8,49,6,93,8,20,22,0.4,92,9,38.23499127,301,3660000,,,,
94,西藏,2020,10,Tibet,13.1,1.3,35,6,94,7,26,36,0.6,83,14,47.23625606,316.8,3660000,,,,
95,西藏,2020,11,Tibet,5,NA,24,5,95,6,29,40,0.7,82,16,18.64553797,275.5,3660000,,,,
96,西藏,2020,12,Tibet,2.8,NA,18,6,96,5,31,43,0.9,72,19,22.44760859,261.2,3660000,,,,
97,河南,2013,1,Henan,0.21,8.67,65.58,104,1,96,69,294,4.8,23,205,12.38109981,85.99,94130000,,,,
98,河南,2013,2,Henan,3.6,18.13,71.42,44,2,64,45,219,3.3,47,149,17.34741236,70.28,94130000,,,,
99,河南,2013,3,Henan,11.01,12.29,52.89,73,3,51,47,159,2.4,57,82,23.74898272,153.25,94130000,,,,
100,河南,2013,4,Henan,15.65,31.79,52.32,88,4,47,44,139,2.4,82,76,24.33598805,209.85,94130000,,,,
101,河南,2013,5,Henan,22.01,125.43,64.21,73,5,44,53,150,1.9,100,87,22.6443862,166.93,94130000,,,,
102,河南,2013,6,Henan,26.06,34.74,64.74,77,6,30,43,154,1.8,101,88,21.16028642,183.21,94130000,,,,
103,河南,2013,7,Henan,28.68,133.66,75.58,39,7,19,36,130,1.8,63,74,20.86763197,165.41,94130000,,,,
104,河南,2013,8,Henan,28.77,111.67,68.21,27,8,26,36,102,1.9,94,59,21.86836252,248.11,94130000,,,,
105,河南,2013,9,Henan,22.18,40.54,71.11,28,9,36,47,132,2.6,82,86,25.00839626,144.6,94130000,,,,
106,河南,2013,10,Henan,16.51,20.89,62.16,48,10,63,53,197,3.2,76,148,26.72701561,173.23,94130000,,,,
107,河南,2013,11,Henan,9.02,36.12,65.74,79,11,82,58,134,2.7,33,80,26.12754533,156.37,94130000,,,,
108,河南,2013,12,Henan,2.78,0.25,57.42,103,12,93,62,172,2.4,11,113,22.95743919,137.03,94130000,,,,
109,河南,2014,1,Henan,3.69,2.96,53.32,57,13,90,62,204,2.6,38,147,21.58250894,126.55,94360000,,,,
110,河南,2014,2,Henan,2.31,37.32,74.58,35,14,71,42,165,2.1,56,125,23.27457828,54.14,94360000,,,,
111,河南,2014,3,Henan,12.08,9.02,57.89,62,15,58,46,160,1.6,84,90,25.83558413,178.17,94360000,,,,
112,河南,2014,4,Henan,16.06,89.17,69.89,89,16,39,42,139,1.8,93,77,27.03945807,149.87,94360000,,,,
113,河南,2014,5,Henan,22.04,53.81,56.79,132,17,39,40,138,1.4,117,62,25.45149451,214.48,94360000,,,,
114,河南,2014,6,Henan,25.36,61.15,66.32,154,18,34,35,120,1.4,137,72,23.62956494,159.51,94360000,,,,
115,河南,2014,7,Henan,27.44,71.42,70.16,113,19,26,31,101,1.1,133,55,22.19986413,228.2,94360000,,,,
116,河南,2014,8,Henan,24.73,107.47,77.05,74,20,29,33,96,1.1,107,52,22.72544986,142.95,94360000,,,,
117,河南,2014,9,Henan,20.65,200.12,84,88,21,26,36,87,1.3,78,51,24.38961085,101.29,94360000,,,,
118,河南,2014,10,Henan,16.9,48.85,73.16,97,22,45,47,130,1.5,62,80,26.14723065,136.79,94360000,,,,
119,河南,2014,11,Henan,9.48,41.86,71.11,161,23,59,57,165,1.8,43,110,26.49550131,116.72,94360000,,,,
120,河南,2014,12,Henan,3.24,0.54,47.05,210,24,90,56,131,1.8,44,74,25.60868373,173.63,94360000,,,,
121,河南,2015,1,Henan,3.13,12.76,59.26,265,25,70,61,183,2,45,122,22.79230592,116.79,94800000,,,,
122,河南,2015,2,Henan,4.87,11.17,59.26,121,26,53,43,168,1.7,69,103,22.96215803,122.63,94800000,,,,
123,河南,2015,3,Henan,10.34,34.64,62.58,127,27,39,42,152,1.3,81,82,24.67504065,145.96,94800000,,,,
124,河南,2015,4,Henan,15.15,85.67,66.32,213,28,33,37,133,1.1,106,68,26.65467488,198.75,94800000,,,,
125,河南,2015,5,Henan,21.07,92.5,67.84,289,29,32,33,136,1.1,133,76,24.98062433,197.97,94800000,,,,
126,河南,2015,6,Henan,24.37,140.25,68.47,232,30,26,30,118,1.1,131,62,22.30089521,124.72,94800000,,,,
127,河南,2015,7,Henan,26.43,90.01,74.68,146,31,18,27,98,1,120,58,20.86654329,191.43,94800000,,,,
128,河南,2015,8,Henan,25.69,117.51,77.53,76,32,19,27,89,1,121,49,22.80691378,188.73,94800000,,,,
129,河南,2015,9,Henan,21.61,43.3,74.95,85,33,24,35,99,1.2,107,55,25.52339235,137.41,94800000,,,,
130,河南,2015,10,Henan,16.47,44.3,64.95,158,34,38,48,128,1.4,86,69,26.77135246,156.25,94800000,,,,
131,河南,2015,11,Henan,7.23,71.42,84.47,177,35,34,45,116,1.7,43,77,26.20190022,46.83,94800000,,,,
132,河南,2015,12,Henan,3.64,3.29,63.79,196,36,55,62,214,2.4,43,135,23.42594653,115.83,94800000,,,,
133,河南,2016,1,Henan,0.32,6.84,61.53,178,37,58,59,208,2.4,44,136,21.73093856,NA,95320000,,,,
134,河南,2016,2,Henan,5.03,16.57,46.89,55,38,53,42,151,1.9,76,84,23.77627214,172.27,95320000,,,,
135,河南,2016,3,Henan,11.18,13.98,51.68,119,39,45,48,174,1.5,102,81,25.79820238,NA,95320000,,,,
136,河南,2016,4,Henan,17.63,56.97,66.11,167,40,34,42,146,1.3,120,67,27.43523816,165.4,95320000,,,,
137,河南,2016,5,Henan,20.4,77.38,61.58,192,41,25,32,97,1,137,45,24.19717206,175.47,95320000,,,,
138,河南,2016,6,Henan,25.3,129.44,68.05,135,42,19,30,84,1.1,151,43,23.04246837,190.57,95320000,,,,
139,河南,2016,7,Henan,27.5,179.07,78.16,117,43,12,23,70,1.1,123,40,21.96858107,176.2,95320000,,,,
140,河南,2016,8,Henan,26.93,77.15,77.21,64,44,15,24,67,1.1,124,38,23.48621762,165.47,95320000,,,,
141,河南,2016,9,Henan,23.2,56.24,65.89,69,45,25,39,100,1.3,139,52,25.44267825,121.47,95320000,,,,
142,河南,2016,10,Henan,15.67,4.49,79.76,103,46,20,41,80,1.2,66,44,27.22877156,69.87,95320000,,,,
143,河南,2016,11,Henan,8.6,35.5,76.95,152,47,28,51,161,1.6,49,96,25.89469139,101.67,95320000,,,,
144,河南,2016,12,Henan,4.95,24.17,71.32,130,48,37,59,201,2.1,47,142,23.83616079,100.07,95320000,,,,
145,河南,2017,1,Henan,2.82,24.96,67.08,97,49,35,54,198,2.4,51,134,23.18474723,102.36,95590000,,,,
146,河南,2017,2,Henan,5.31,17.75,60.89,72,50,34,47,154,1.7,80,100,24.93037211,125.27,95590000,,,,
147,河南,2017,3,Henan,9.74,19.66,57.47,108,51,29,46,126,1.2,95,73,27.07088138,142.28,95590000,,,,
148,河南,2017,4,Henan,17.27,45.6,60.33,145,52,23,38,115,1.2,115,54,28.63536697,200.97,95590000,,,,
149,河南,2017,5,Henan,23.09,67,56.62,297,53,20,33,135,1,162,52,26.75169725,250.88,95590000,,,,
150,河南,2017,6,Henan,25.29,90.43,65.42,262,54,14,31,94,1,177,47,24.29293755,190.62,95590000,,,,
151,河南,2017,7,Henan,28.71,136.51,73.65,170,55,9,22,70,1,141,37,21.59464333,216.69,95590000,,,,
152,河南,2017,8,Henan,26.97,144.38,77.07,93,56,12,26,72,1.1,140,39,22.6192442,181.76,95590000,,,,
153,河南,2017,9,Henan,22.24,154.69,78.96,78,57,16,36,85,1.1,125,43,25.34536956,132.8,95590000,,,,
154,河南,2017,10,Henan,14.74,122.73,81.41,118,58,15,42,89,1.1,74,51,28.59919968,89.52,95590000,,,,
155,河南,2017,11,Henan,9.85,6.29,56.37,220,59,22,55,136,1.2,66,75,29.3123252,156.75,95590000,,,,
156,河南,2017,12,Henan,4.02,1.62,48.96,398,60,24,57,148,1.5,57,94,25.83746697,169.46,95590000,,,,
157,河南,2018,1,Henan,-0.19,38.9,64.45,254,61,21,51,155,1.6,59,111,22.05218249,106.45,96050000,,,,
158,河南,2018,2,Henan,4.22,11.82,50.81,88,62,20,39,144,1.3,84,86,22.54501925,153.75,96050000,,,,
159,河南,2018,3,Henan,11.68,34.56,65.51,103,63,15,39,124,1.1,109,75,25.66923918,176.3,96050000,,,,
160,河南,2018,4,Henan,17.29,NA,63.94,171,64,16,35,145,1,123,52,28.25948972,185.36,96050000,,,,
161,河南,2018,5,Henan,21.9,139.73,68.31,208,65,14,30,105,0.9,147,46,26.68091176,166.59,96050000,,,,
162,河南,2018,6,Henan,26.85,83.53,61.06,252,66,12,28,79,0.9,188,37,23.99150377,221.38,96050000,,,,
163,河南,2018,7,Henan,28.53,138.58,77.37,126,67,9,22,62,0.8,136,33,23.07096715,198.53,96050000,,,,
164,河南,2018,8,Henan,28.08,128.89,75.47,98,68,11,23,66,1,148,35,23.92310402,221.52,96050000,,,,
165,河南,2018,9,Henan,21.87,65.78,69.66,99,69,13,36,75,1,124,34,27.68719932,150.41,96050000,,,,
166,河南,2018,10,Henan,16.39,3.61,53.43,180,70,18,53,111,1,121,57,29.64630081,208.22,96050000,,,,
167,河南,2018,11,Henan,9.58,38.65,72.41,361,71,16,53,155,1.3,68,97,29.44439135,117.76,96050000,,,,
168,河南,2018,12,Henan,2.45,22.41,60.64,486,72,20,57,163,1.4,41,102,25.14041355,86.88,96050000,,,,
169,河南,2019,1,Henan,1.4,13.4,53,305,73,18,68,165,1.38,38,122,21.94039184,71.4,96400000,,,,
170,河南,2019,2,Henan,2.5,11.8,63,93,74,12,44,151,1.13,76,121,23.66574346,74.9,96400000,,,,
171,河南,2019,3,Henan,12.8,2,43,192,75,11,49,113,0.69,101,54,25.86028565,213.7,96400000,,,,
172,河南,2019,4,Henan,16.6,29.6,56,188,76,9,41,114,0.82,116,54,28.63572619,181.9,96400000,,,,
173,河南,2019,5,Henan,23.8,0.6,40,275,77,9,38,116,0.64,149,40,26.09707436,212.4,96400000,,,,
174,河南,2019,6,Henan,28.8,86.1,47,282,78,6,34,79,0.64,179,30,24.50317379,169.7,96400000,,,,
175,河南,2019,7,Henan,29.8,99.9,58,158,79,4,36,69,0.73,174,30,22.32766068,168.7,96400000,,,,
176,河南,2019,8,Henan,27.3,254.4,67,85,80,5,31,55,0.78,145,25,24.03793491,159.5,96400000,,,,
177,河南,2019,9,Henan,23,41.3,64,98,81,8,39,69,0.88,153,32,27.35422141,167.3,96400000,,,,
178,河南,2019,10,Henan,16.6,81.8,64,175,82,8,48,88,0.87,90,36,29.38540291,129.2,96400000,,,,
179,河南,2019,11,Henan,11,4,56,259,83,11,56,120,0.99,63,71,28.02822799,112.2,96400000,,,,
180,河南,2019,12,Henan,4.5,8.5,57,301,84,11,52,109,1.2,45,89,23.1259407,159.1,96400000,,,,
181,河南,2020,1,Henan,2.7,47.7,72,119,85,11,50,129,1.3,59,120,18.5736692,62,99410000,,,,
182,河南,2020,2,Henan,6.3,33.5,65,19,86,8,21,74,0.82,89,60,19.3545423,150.3,99410000,,,,
183,河南,2020,3,Henan,12.8,5.5,51,15,87,10,37,97,0.68,103,48,22.45068489,170.1,99410000,,,,
184,河南,2020,4,Henan,16.2,22.3,49,17,88,11,41,96,0.61,127,43,25.8529191,218.1,99410000,,,,
185,河南,2020,5,Henan,24.7,54.5,47,12,89,9,33,89,0.62,159,29,27.14769304,245.9,99410000,,,,
186,河南,2020,6,Henan,27.1,129.1,62,21,90,6,30,76,0.67,165,30,28.43601709,121.1,99410000,,,,
187,河南,2020,7,Henan,26.6,127,79,30,91,4,28,59,0.71,153,29,29.58038111,97.2,99410000,,,,
188,河南,2020,8,Henan,27.5,129,82,45,92,4,27,50,0.75,122,23,27.5946984,124,99410000,,,,
189,河南,2020,9,Henan,24.6,51.7,58,45,93,8,39,70,0.72,145,29,27.1743985,165.8,99410000,,,,
190,河南,2020,10,Henan,15.6,31.1,67,45,94,10,56,104,0.83,72,48,28.02651637,87.5,99410000,,,,
191,河南,2020,11,Henan,10.9,39.6,62,75,95,10,48,105,0.92,56,70,28.66562953,102.2,99410000,,,,
192,河南,2020,12,Henan,2.9,8.4,53,110,96,12,52,115,1.04,45,83,29.20005983,132.7,99410000,,,,
193,陝西,2013,1,Shaanxi,-1.25,1.99,53.29,143,1,110,80,301,4,29,218,16.96040694,192.12,37640000,,,,
194,陝西,2013,2,Shaanxi,2.65,8.97,62.23,42,2,71,60,259,3.6,55,203,24.88464736,127.94,37640000,,,,
195,陝西,2013,3,Shaanxi,10.48,7.5,43.29,111,3,50,68,327,2.2,66,121,34.73393917,218.8,37640000,,,,
196,陝西,2013,4,Shaanxi,13.57,36.66,50,141,4,29,58,181,2.2,81,80,36.61022103,236.79,37640000,,,,
197,陝西,2013,5,Shaanxi,18.79,107.44,63.49,208,5,19,47,117,1.3,88,54,31.93698551,188.43,37640000,,,,
198,陝西,2013,6,Shaanxi,23.16,68.95,63.69,171,6,17,37,88,1.1,105,42,28.13361985,217.67,37640000,,,,
199,陝西,2013,7,Shaanxi,24.12,170.8,79.37,61,7,14,35,93,1.4,108,50,25.778063,146.66,37640000,,,,
200,陝西,2013,8,Shaanxi,24.35,78.56,73,31,8,21,38,110,1.1,121,58,29.09635621,242.51,37640000,,,,
201,陝西,2013,9,Shaanxi,18.63,78.1,74.17,37,9,27,50,135,1.5,100,80,34.04728712,146.9,37640000,,,,
202,陝西,2013,10,Shaanxi,13.58,29.03,68.2,67,10,34,65,188,2,66,114,36.19158239,199.22,37640000,,,,
203,陝西,2013,11,Shaanxi,5.42,24.66,67.51,86,11,45,52,132,1.8,27,68,34.74144811,155.31,37640000,,,,
204,陝西,2013,12,Shaanxi,-0.43,0.45,57,109,12,92,69,254,2.9,11,176,30.62884853,187,37640000,,,,
205,陝西,2014,1,Shaanxi,0.28,1.05,44.4,61,13,98,59,203,2.5,39,127,29.39279459,188.08,37750000,,,,
206,陝西,2014,2,Shaanxi,0.32,17.32,71.51,35,14,64,44,208,2.6,55,153,31.26231705,79.8,37750000,,,,
207,陝西,2014,3,Shaanxi,8.78,24.05,53.89,63,15,39,47,164,2.2,79,74,34.62040408,187.55,37750000,,,,
208,陝西,2014,4,Shaanxi,13.57,77.61,68.97,75,16,19,39,131,1.6,84,60,36.78961286,146.55,37750000,,,,
209,陝西,2014,5,Shaanxi,17.5,56.01,57.31,136,17,18,37,139,1.3,100,66,33.977478,223.22,37750000,,,,
210,陝西,2014,6,Shaanxi,22.17,61.61,64.86,130,18,12,34,91,1.3,115,43,30.28915722,202.79,37750000,,,,
211,陝西,2014,7,Shaanxi,24.77,81.53,65.86,67,19,11,31,76,0.9,120,35,26.8259571,264.2,37750000,,,,
212,陝西,2014,8,Shaanxi,21.78,118.91,73.09,26,20,11,33,80,1,104,41,30.13007948,193.61,37750000,,,,
213,陝西,2014,9,Shaanxi,17.99,195.43,83.49,42,21,10,33,69,1.2,70,37,34.17479056,105.4,37750000,,,,
214,陝西,2014,10,Shaanxi,13.39,38.91,74.69,64,22,18,46,135,1.4,63,72,36.74634912,139.13,37750000,,,,
215,陝西,2014,11,Shaanxi,6.06,23.05,70.86,88,23,33,45,133,1.6,37,78,35.33000257,128.63,37750000,,,,
216,陝西,2014,12,Shaanxi,-0.93,1.1,49.54,103,24,52,44,123,2.1,34,62,32.60100681,181.86,37750000,,,,
217,陝西,2015,1,Shaanxi,-0.1,7.82,58.83,111,25,50,48,147,2.6,43,94,30.23736599,149.69,37930000,,,,
218,陝西,2015,2,Shaanxi,2.38,6.73,56.23,39,26,35,34,121,1.9,70,68,33.30577854,153.79,37930000,,,,
219,陝西,2015,3,Shaanxi,8.1,27.96,59.09,115,27,25,36,110,1.6,80,57,35.66764623,166.91,37930000,,,,
220,陝西,2015,4,Shaanxi,13.36,77.49,61.71,150,28,17,32,92,1.5,102,37,39.29896339,212.71,37930000,,,,
221,陝西,2015,5,Shaanxi,18.13,67.63,61.23,284,29,16,31,90,1.3,114,41,34.97765541,229.94,37930000,,,,
222,陝西,2015,6,Shaanxi,21.2,118.12,68.14,304,30,11,26,70,1,108,34,31.76270903,154.06,37930000,,,,
223,陝西,2015,7,Shaanxi,24.15,42.79,64.37,193,31,11,26,71,0.9,128,36,28.1427955,263.5,37930000,,,,
224,陝西,2015,8,Shaanxi,22.6,80.23,69.31,75,32,10,27,69,0.9,111,32,31.47755252,226.09,37930000,,,,
225,陝西,2015,9,Shaanxi,18.25,109.63,77.34,146,33,11,29,70,1.1,96,40,34.93082708,132.08,37930000,,,,
226,陝西,2015,10,Shaanxi,12.45,60.09,71.89,216,34,15,39,97,1.3,74,47,37.70109665,152.7,37930000,,,,
227,陝西,2015,11,Shaanxi,6.73,45.85,83.14,303,35,21,40,89,1.7,36,50,35.85231711,74.97,37930000,,,,
228,陝西,2015,12,Shaanxi,0.62,5.85,66.4,397,36,35,51,166,2,42,104,32.72054175,149.83,37930000,,,,
229,陝西,2016,1,Shaanxi,-2.4,4.23,58.89,366,37,36,50,152,2.1,52,98,28.67565028,NA,38130000,,,,
230,陝西,2016,2,Shaanxi,1.25,8.69,48.46,95,38,29,36,123,1.8,78,60,30.82206342,169,38130000,,,,
231,陝西,2016,3,Shaanxi,8.31,15.73,52.37,175,39,25,45,149,1.4,97,68,34.35327335,NA,38130000,,,,
232,陝西,2016,4,Shaanxi,15.01,35.04,58.51,281,40,15,38,101,1.1,113,44,38.83429442,172.18,38130000,,,,
233,陝西,2016,5,Shaanxi,17.07,70.98,60.97,446,41,13,30,85,0.9,127,39,34.95462139,187.54,38130000,,,,
234,陝西,2016,6,Shaanxi,22.63,83.62,63.51,485,42,11,26,63,0.8,145,29,30.52485293,219.69,38130000,,,,
235,陝西,2016,7,Shaanxi,24.72,143.72,71.66,218,43,8,23,54,0.8,125,27,27.47195512,195.25,38130000,,,,
236,陝西,2016,8,Shaanxi,24.93,71.64,71.94,94,44,10,23,61,0.9,123,33,29.84897413,199.08,38130000,,,,
237,陝西,2016,9,Shaanxi,19.12,59.06,72.71,128,45,13,37,77,1,108,42,34.0567712,112.28,38130000,,,,
238,陝西,2016,10,Shaanxi,12.68,2.91,79.33,176,46,13,36,74,1.1,64,41,37.13932807,86.39,38130000,,,,
239,陝西,2016,11,Shaanxi,6.13,16.46,68.11,262,47,27,52,157,1.6,45,83,35.55894676,127.24,38130000,,,,
240,陝西,2016,12,Shaanxi,2.25,5.47,64.91,334,48,34,59,160,2,41,109,32.15044679,136.89,38130000,,,,
241,陝西,2017,1,Shaanxi,0.08,5.81,58.65,197,49,36,53,167,2,54,112,29.52350829,133.61,38350000,,,,
242,陝西,2017,2,Shaanxi,2.6,14.17,57.43,102,50,31,51,135,1.7,78,88,32.02762214,136.25,38350000,,,,
243,陝西,2017,3,Shaanxi,6.47,36.76,57.98,157,51,21,45,93,1.2,91,52,36.96930073,139.34,38350000,,,,
244,陝西,2017,4,Shaanxi,13.97,43.54,58.23,331,52,14,41,96,1,107,41,39.13992023,193.19,38350000,,,,
245,陝西,2017,5,Shaanxi,18.65,57,55.41,543,53,13,38,102,0.9,130,43,35.54258077,228.19,38350000,,,,
246,陝西,2017,6,Shaanxi,22.21,104.06,63.43,474,54,12,32,67,0.9,149,32,29.87232228,209.06,38350000,,,,
247,陝西,2017,7,Shaanxi,26.4,115.9,63.88,227,55,11,29,64,1,147,30,26.94431023,252.24,38350000,,,,
248,陝西,2017,8,Shaanxi,23.17,139.21,73.69,82,56,10,29,59,1,125,28,30.10116654,167.15,38350000,,,,
249,陝西,2017,9,Shaanxi,18.74,106.5,78.7,127,57,11,36,74,1.1,93,35,33.83184694,124.87,38350000,,,,
250,陝西,2017,10,Shaanxi,11.41,132.37,84.7,158,58,11,36,69,1.1,52,39,36.81108422,58.64,38350000,,,,
251,陝西,2017,11,Shaanxi,6.01,5.73,63.92,210,59,22,54,122,1.5,49,69,34.65477245,151.17,38350000,,,,
252,陝西,2017,12,Shaanxi,0.18,0.69,52.17,232,60,33,61,153,1.7,46,88,31.9576193,184.06,38350000,,,,
253,陝西,2018,1,Shaanxi,-2.96,18.27,63.55,152,61,31,54,139,1.7,58,94,29.70016271,126.1,38640000,,,,
254,陝西,2018,2,Shaanxi,1.12,4.17,48.48,75,62,28,43,126,1.4,84,69,32.23691275,185.21,38640000,,,,
255,陝西,2018,3,Shaanxi,10.64,22.21,58.6,119,63,19,46,129,1.2,101,64,36.18503497,200.94,38640000,,,,
256,陝西,2018,4,Shaanxi,14.91,NA,57.33,203,64,14,39,129,0.9,112,44,38.89169246,188.25,38640000,,,,
257,陝西,2018,5,Shaanxi,18.52,63.8,62.53,327,65,11,34,103,0.8,123,38,35.79456028,184.54,38640000,,,,
258,陝西,2018,6,Shaanxi,22.69,93.17,62.98,346,66,11,31,67,0.8,145,30,30.97928681,202.55,38640000,,,,
259,陝西,2018,7,Shaanxi,24.78,173.19,77.73,162,67,8,23,53,0.9,120,27,27.92062309,166.34,38640000,,,,
260,陝西,2018,8,Shaanxi,24.96,96.43,73.44,70,68,9,25,60,0.9,144,30,31.36978955,220.38,38640000,,,,
261,陝西,2018,9,Shaanxi,17.28,85.11,74.85,104,69,10,32,54,0.8,97,24,37.42367353,123.54,38640000,,,,
262,陝西,2018,10,Shaanxi,11.58,11.73,62.68,246,70,12,47,84,0.9,89,42,41.28875744,184.36,38640000,,,,
263,陝西,2018,11,Shaanxi,5.37,21.99,66.91,478,71,17,54,127,1.3,52,65,39.43542724,126.66,38640000,,,,
264,陝西,2018,12,Shaanxi,-1.28,3.54,53.53,745,72,24,54,146,1.4,43,75,33.42400901,104.87,38640000,,,,
265,陝西,2019,1,Shaanxi,1,6.6,53,463,73,17,70,181,1.64,37,139,29.34692552,80.5,38760000,,,,
266,陝西,2019,2,Shaanxi,3.5,9.1,62,150,74,11,44,157,1.31,66,114,31.69612675,92,38760000,,,,
267,陝西,2019,3,Shaanxi,12.5,1.3,39,331,75,8,58,113,0.76,84,45,34.81505943,226.1,38760000,,,,
268,陝西,2019,4,Shaanxi,17.5,56.7,58,387,76,7,46,107,0.82,101,45,37.99911787,174.2,38760000,,,,
269,陝西,2019,5,Shaanxi,21,21.2,53,498,77,6,43,115,0.58,117,42,34.5880802,161.3,38760000,,,,
270,陝西,2019,6,Shaanxi,25.5,112.7,60,598,78,5,34,54,0.61,144,26,31.32446667,130.8,38760000,,,,
271,陝西,2019,7,Shaanxi,27.5,55.6,62,286,79,5,32,49,0.56,152,22,28.83549907,204.6,38760000,,,,
272,陝西,2019,8,Shaanxi,26.7,80.8,65,121,80,5,34,56,0.68,138,26,31.10527444,176.1,38760000,,,,
273,陝西,2019,9,Shaanxi,20.9,163.7,75,213,81,6,41,54,0.7,109,28,34.60753778,163.3,38760000,,,,
274,陝西,2019,10,Shaanxi,14.5,56.8,80,222,82,7,46,75,0.77,48,38,36.1917138,85.3,38760000,,,,
275,陝西,2019,11,Shaanxi,8.8,9.7,70,298,83,10,58,125,0.96,32,79,33.08814558,102.2,38760000,,,,
276,陝西,2019,12,Shaanxi,3.9,0.3,56,200,84,15,65,143,1.15,32,100,28.23176822,155.4,38760000,,,,
277,陝西,2020,1,Shaanxi,2.4,3.1,68,104,85,13,49,144,1.49,46,130,22.15768647,83.7,39550000,,,,
278,陝西,2020,2,Shaanxi,6.2,7.2,54,8,86,11,29,97,0.97,88,74,26.0627422,172.6,39550000,,,,
279,陝西,2020,3,Shaanxi,12.6,16.5,49,16,87,9,46,111,0.61,86,47,30.36926389,164.9,39550000,,,,
280,陝西,2020,4,Shaanxi,16.4,8.4,47,12,88,9,49,94,0.6,105,39,39.43649602,186.1,39550000,,,,
281,陝西,2020,5,Shaanxi,23,81.7,47,31,89,7,38,85,0.52,129,28,35.6142788,221.3,39550000,,,,
282,陝西,2020,6,Shaanxi,24.9,131.2,67,30,90,6,31,58,0.62,128,25,36.79352078,132.6,39550000,,,,
283,陝西,2020,7,Shaanxi,25.7,102.9,76,27,91,5,28,54,0.63,134,26,34.61084617,143.3,39550000,,,,
284,陝西,2020,8,Shaanxi,25.4,116.6,79,47,92,5,29,47,0.63,110,22,34.83011107,147.1,39550000,,,,
285,陝西,2020,9,Shaanxi,21.8,40.7,70,35,93,7,43,70,0.69,110,33,36.40819271,161.1,39550000,,,,
286,陝西,2020,10,Shaanxi,13.6,68.5,78,50,94,7,45,86,0.73,43,37,38.0749752,69.2,39550000,,,,
287,陝西,2020,11,Shaanxi,9.4,42.9,68,112,95,9,56,125,0.92,50,71,38.50065749,110.1,39550000,,,,
288,陝西,2020,12,Shaanxi,1,2.7,63,147,96,13,54,120,1.04,33,80,37.22683149,83.6,39550000,,,,
289,青海,2013,1,Qinghai,-11.05,1.53,38.74,5,1,47,44,154,2.8,20,89,12.93724579,213.87,5780000,,,,
290,青海,2013,2,Qinghai,-5.02,4.3,36.21,1,2,42,31,196,2.2,41,84,21.01123992,208.59,5780000,,,,
291,青海,2013,3,Qinghai,-0.09,1.95,27.71,6,3,39,32,405,1.9,52,116,30.12065922,264.82,5780000,,,,
292,青海,2013,4,Qinghai,3.81,13.23,36.71,12,4,31,31,237,1,107,73,32.97729946,255.06,5780000,,,,
293,青海,2013,5,Qinghai,8.02,56.87,52.91,37,5,25,31,124,1.1,85,53,27.72988097,218.5,5780000,,,,
294,青海,2013,6,Qinghai,13.2,52.15,52.18,41,6,38,29,109,1.4,92,48,24.38177745,260.26,5780000,,,,
295,青海,2013,7,Qinghai,14.08,92.78,62.76,19,7,26,39,111,1.3,72,54,22.30158369,186.82,5780000,,,,
296,青海,2013,8,Qinghai,14.77,43.17,54.09,18,8,52,33,112,1.3,97,56,24.44589313,287.06,5780000,,,,
297,青海,2013,9,Qinghai,8.33,47.48,58.59,27,9,41,42,102,1.3,81,54,25.86557456,195.64,5780000,,,,
298,青海,2013,10,Qinghai,2.74,14.85,51.06,34,10,47,49,109,1.5,62,50,25.27813679,237.71,5780000,,,,
299,青海,2013,11,Qinghai,-5.72,3.46,48.38,25,11,56,60,130,2.3,38,66,21.1459693,227.23,5780000,,,,
300,青海,2013,12,Qinghai,-10.71,1.22,44.91,20,12,96,66,136,3,27,82,16.17445686,225.87,5780000,,,,
301,青海,2014,1,Qinghai,-9.82,1.1,35.71,1,13,87,52,163,2.5,35,89,20.68165384,224.25,5830000,,,,
302,青海,2014,2,Qinghai,-6.31,5.7,40,2,14,44,30,148,1.6,58,81,26.00678773,187.36,5830000,,,,
303,青海,2014,3,Qinghai,-0.98,7.65,37.91,7,15,33,37,157,1.3,50,63,32.76323819,234.91,5830000,,,,
304,青海,2014,4,Qinghai,3.7,21.75,45.79,12,16,36,28,156,1.1,66,67,29.93638535,233.71,5830000,,,,
305,青海,2014,5,Qinghai,7.61,27.16,41.79,26,17,41,28,153,1,78,62,27.27414239,248.59,5830000,,,,
306,青海,2014,6,Qinghai,11.45,94.52,59.44,27,18,29,30,85,0.9,68,50,23.46814674,177,5830000,,,,
307,青海,2014,7,Qinghai,14.3,65.53,57.12,16,19,32,32,86,1,75,48,20.67569663,244.26,5830000,,,,
308,青海,2014,8,Qinghai,12.27,82.65,61.59,5,20,33,35,91,1,83,53,25.02855192,198.46,5830000,,,,
309,青海,2014,9,Qinghai,9.3,66.6,62.76,17,21,30,36,90,0.9,74,50,27.55048696,181.04,5830000,,,,
310,青海,2014,10,Qinghai,3.48,21,58.41,30,22,28,40,92,1.1,59,51,28.28456108,221.84,5830000,,,,
311,青海,2014,11,Qinghai,-4.1,3.41,47.91,24,23,40,49,100,1.6,44,71,21.97964636,211.94,5830000,,,,
312,青海,2014,12,Qinghai,-9.85,2.29,41.32,15,24,57,49,107,2.1,45,59,17.35804899,217.08,5830000,,,,
313,青海,2015,1,Qinghai,-10.05,4.36,44.32,2,25,30,23,98,1.2,77,48,18.8103936,221.34,5880000,,,,
314,青海,2015,2,Qinghai,-6,2.24,36.79,1,26,25,17,97,0.9,96,46,27.62144533,198.94,5880000,,,,
315,青海,2015,3,Qinghai,-0.31,4.56,34.26,7,27,22,17,141,0.8,109,50,34.72444094,228.59,5880000,,,,
316,青海,2015,4,Qinghai,3.7,22.67,44.79,32,28,19,18,105,0.6,121,46,35.16632142,239.07,5880000,,,,
317,青海,2015,5,Qinghai,8.12,41.81,50.59,54,29,15,17,102,0.8,129,40,29.27699871,237.38,5880000,,,,
318,青海,2015,6,Qinghai,11.43,78.5,59.65,90,30,16,20,72,0.7,127,38,24.33475299,200.23,5880000,,,,
319,青海,2015,7,Qinghai,13,51.9,55.85,48,31,16,20,59,0.7,111,33,20.95811848,278.6,5880000,,,,
320,青海,2015,8,Qinghai,12.7,49.24,55.21,17,32,16,20,66,0.7,111,36,21.71149767,245.09,5880000,,,,
321,青海,2015,9,Qinghai,9.34,61.51,63.76,16,33,17,21,57,0.7,91,32,26.52062253,185.35,5880000,,,,
322,青海,2015,10,Qinghai,3.49,10.84,47.56,45,34,19,24,79,0.8,83,38,29.01179257,250.51,5880000,,,,
323,青海,2015,11,Qinghai,-1.85,3.99,46.21,64,35,27,26,89,1.1,68,46,27.64604352,217.72,5880000,,,,
324,青海,2015,12,Qinghai,-9.9,1.21,43.53,68,36,31,25,86,1.2,69,47,22.66968927,214.17,5880000,,,,
325,青海,2016,1,Qinghai,-10.96,2.07,40.85,38,37,28,20,88,1.1,70,41,19.69878337,NA,5930000,,,,
326,青海,2016,2,Qinghai,-7.41,1.77,32.56,9,38,23,15,99,1,69,41,21.85180931,206.93,5930000,,,,
327,青海,2016,3,Qinghai,-0.75,11.82,36.94,12,39,18,17,124,0.9,89,47,26.22274483,192.15,5930000,,,,
328,青海,2016,4,Qinghai,4.28,22.75,46.5,27,40,16,17,87,0.7,99,33,29.6508043,197.63,5930000,,,,
329,青海,2016,5,Qinghai,8.28,50.62,50.82,42,41,14,17,90,0.7,104,36,28.35825785,216.63,5930000,,,,
330,青海,2016,6,Qinghai,12.5,48.46,52.03,54,42,15,19,59,0.8,117,28,25.0405157,235.54,5930000,,,,
331,青海,2016,7,Qinghai,14.8,79.25,57.41,51,43,15,17,62,0.8,112,30,22.32531029,222.07,5930000,,,,
332,青海,2016,8,Qinghai,15.94,83.09,60.88,16,44,14,18,57,0.9,106,30,23.75149865,232.13,5930000,,,,
333,青海,2016,9,Qinghai,8.74,51.01,64.85,28,45,13,19,41,0.8,89,20,25.55038985,154.06,5930000,,,,
334,青海,2016,10,Qinghai,3.55,0.96,55.78,39,46,16,23,68,0.9,84,30,27.28816793,196.55,5930000,,,,
335,青海,2016,11,Qinghai,-3.03,1.67,42.12,39,47,27,29,103,1.2,74,41,23.61447761,205.58,5930000,,,,
336,青海,2016,12,Qinghai,-7.12,1.57,41.06,27,48,39,29,79,1.2,73,38,21.01864535,206.79,5930000,,,,
337,青海,2017,1,Qinghai,-9.09,2.71,45.47,10,49,35,26,119,1.2,81,44,21.2819567,192.61,5980000,,,,
338,青海,2017,2,Qinghai,-4.81,5,40.46,7,50,30,22,102,1.1,92,39,24.58935679,168.07,5980000,,,,
339,青海,2017,3,Qinghai,-2.66,12.11,46.79,12,51,24,20,76,1,110,33,28.29065814,195.4,5980000,,,,
340,青海,2017,4,Qinghai,3.93,21.25,46.35,21,52,20,20,85,0.9,114,30,29.87120816,224.51,5980000,,,,
341,青海,2017,5,Qinghai,7.32,47.9,49.72,37,53,15,18,58,0.7,127,24,29.2076453,247.62,5980000,,,,
342,青海,2017,6,Qinghai,10.6,68.09,61.97,64,54,13,18,44,0.7,123,21,26.54585431,189.62,5980000,,,,
343,青海,2017,7,Qinghai,14.87,54.49,57.12,56,55,13,17,48,0.8,126,24,23.85074819,256.16,5980000,,,,
344,青海,2017,8,Qinghai,13.32,103.85,65.72,27,56,10,16,37,0.8,104,21,23.9912763,190.04,5980000,,,,
345,青海,2017,9,Qinghai,9.52,66.22,68.3,39,57,13,20,38,0.8,94,22,25.20562278,176.85,5980000,,,,
346,青海,2017,10,Qinghai,4.05,35,61.6,42,58,15,23,53,0.9,82,27,26.10038482,200.55,5980000,,,,
347,青海,2017,11,Qinghai,-3.8,2.74,47.79,41,59,22,27,66,1.1,78,33,23.98266477,221.87,5980000,,,,
348,青海,2017,12,Qinghai,-7.39,1.31,39.25,31,60,31,32,96,1.2,75,47,22.19029714,229.47,5980000,,,,
349,青海,2018,1,Qinghai,-8.84,2.42,38.01,17,61,29,27,89,1.1,84,43,21.95737566,208.55,6030000,,,,
350,青海,2018,2,Qinghai,-6.63,3.23,36.64,9,62,24,20,91,1.1,98,36,25.10030336,190.23,6030000,,,,
351,青海,2018,3,Qinghai,-0.24,11.53,41.91,19,63,19,22,92,1,106,34,28.21073399,231.22,6030000,,,,
352,青海,2018,4,Qinghai,3.99,NA,45.39,29,64,15,20,111,0.8,110,39,30.52004076,221.98,6030000,,,,
353,青海,2018,5,Qinghai,8.52,46.5,53.47,60,65,12,18,79,0.7,118,32,28.45740974,225.78,6030000,,,,
354,青海,2018,6,Qinghai,11.94,87.47,62.73,78,66,12,18,43,0.8,124,23,25.84313575,185.08,6030000,,,,
355,青海,2018,7,Qinghai,14.41,101.6,64.83,56,67,12,17,40,0.8,119,22,21.29956315,218.16,6030000,,,,
356,青海,2018,8,Qinghai,13.84,115.14,69.3,21,68,11,18,35,0.8,102,20,22.17699895,188.02,6030000,,,,
357,青海,2018,9,Qinghai,9.3,72.79,68.31,12,69,12,19,42,0.8,103,21,27.29137179,157.8,6030000,,,,
358,青海,2018,10,Qinghai,1.32,18.14,60,63,70,14,22,55,0.8,93,27,29.44606769,215.03,6030000,,,,
359,青海,2018,11,Qinghai,-4.53,13.01,58.01,60,71,19,27,78,1,84,33,28.6628682,191.67,6030000,,,,
360,青海,2018,12,Qinghai,-8.99,3.19,49.48,72,72,20,29,87,1.2,82,41,22.43512403,207.07,6030000,,,,
361,青海,2019,1,Qinghai,-7.2,2.4,54,35,73,32,51,86,2.05,58,58,22.40220279,180.6,6080000,,,,
362,青海,2019,2,Qinghai,-3.1,2.4,51,15,74,18,32,84,1.34,73,41,23.91326942,162.6,6080000,,,,
363,青海,2019,3,Qinghai,2.7,4.1,39,33,75,16,38,88,1.16,98,36,26.26648024,220.2,6080000,,,,
364,青海,2019,4,Qinghai,10.3,22,44,28,76,18,34,82,1.07,112,37,28.64229607,227.2,6080000,,,,
365,青海,2019,5,Qinghai,11.4,52.4,58,51,77,11,24,97,0.81,114,42,27.50666336,197.1,6080000,,,,
366,青海,2019,6,Qinghai,14.7,95.8,69,66,78,13,27,36,0.88,114,22,25.92924782,154.2,6080000,,,,
367,青海,2019,7,Qinghai,16.5,69.8,65,57,79,14,30,42,0.94,116,25,22.4103517,206.1,6080000,,,,
368,青海,2019,8,Qinghai,16.6,129.3,65,16,80,12,27,35,0.9,119,18,25.16418345,212.4,6080000,,,,
369,青海,2019,9,Qinghai,12.3,125.3,72,43,81,11,34,40,0.95,97,21,27.72203202,180.4,6080000,,,,
370,青海,2019,10,Qinghai,6.6,29.4,68,66,82,12,41,53,1.09,67,29,30.08263301,165.2,6080000,,,,
371,青海,2019,11,Qinghai,0.9,2.5,53,94,83,21,51,78,1.4,61,47,25.4252512,198.9,6080000,,,,
372,青海,2019,12,Qinghai,-5.3,1.1,51,68,84,26,53,65,1.94,54,51,21.81355098,227.4,6080000,,,,
373,青海,2020,1,Qinghai,-5.3,4.8,59,26,85,22,46,73,2.04,79,61,18.00854311,198.5,5930000,,,,
374,青海,2020,2,Qinghai,-2.4,1.6,36,6,86,18,31,70,1.28,94,38,18.69484288,245.6,5930000,,,,
375,青海,2020,3,Qinghai,2.8,5.1,44,3,87,13,32,86,0.96,99,34,22.69581968,215.3,5930000,,,,
376,青海,2020,4,Qinghai,6.6,3.9,44,4,88,11,33,83,0.95,106,33,26.08629307,210.5,5930000,,,,
377,青海,2020,5,Qinghai,11.7,62.9,51,5,89,11,29,61,0.75,114,28,29.85819379,215.3,5930000,,,,
378,青海,2020,6,Qinghai,14.8,64.1,61,7,90,12,31,45,0.74,117,23,31.15488669,170.4,5930000,,,,
379,青海,2020,7,Qinghai,16.8,82,67,37,91,14,29,39,0.81,125,21,28.5372975,179.3,5930000,,,,
380,青海,2020,8,Qinghai,16.1,123.6,70,15,92,14,29,40,0.85,108,21,27.17284092,184.6,5930000,,,,
381,青海,2020,9,Qinghai,12.4,72.7,74,17,93,12,33,41,0.75,91,24,25.56635066,164.1,5930000,,,,
382,青海,2020,10,Qinghai,6.2,2.4,56,30,94,13,40,65,0.98,81,33,27.59518685,187.6,5930000,,,,
383,青海,2020,11,Qinghai,0.7,3.1,57,25,95,22,57,97,1.62,59,61,30.39410902,187.6,5930000,,,,
384,青海,2020,12,Qinghai,-7.1,1.6,58,48,96,24,47,75,1.58,53,55,31.58753124,187.3,5930000,,,,
385,山東,2013,1,Shandong,-2.5,10.22,73.91,372,1,171,84,268,2.5,32,183,15.22242235,139.32,97330000,,,,
386,山東,2013,2,Shandong,0.33,14.64,72.87,80,2,107,52,182,1.6,66,123,23.24194974,124.51,97330000,,,,
387,山東,2013,3,Shandong,6.36,10.2,54.22,210,3,64,40,169,1.1,83,71,32.63218114,229.46,97330000,,,,
388,山東,2013,4,Shandong,11.35,16.81,53.7,238,4,50,36,160,0.9,108,64,35.13196317,249.5,97330000,,,,
389,山東,2013,5,Shandong,18.99,111.37,67.17,344,5,45,36,131,1,118,69,30.37216674,231.88,97330000,,,,
390,山東,2013,6,Shandong,23.04,36.28,72.87,264,6,35,29,124,1,123,69,27.12220917,210.81,97330000,,,,
391,山東,2013,7,Shandong,26.3,244.78,84.43,88,7,35,31,118,0.9,119,66,26.05361883,139.34,97330000,,,,
392,山東,2013,8,Shandong,27.36,85.46,75.87,62,8,41,32,101,0.9,147,50,29.87826318,260.21,97330000,,,,
393,山東,2013,9,Shandong,21.6,53.51,71.96,93,9,43,41,156,1,122,59,35.10890093,194.32,97330000,,,,
394,山東,2013,10,Shandong,15.25,6.61,63.61,171,10,52,49,167,1.2,101,74,37.57648686,231.43,97330000,,,,
395,山東,2013,11,Shandong,7.45,38.73,60.91,351,11,67,53,148,1.3,47,77,36.6657744,188.95,97330000,,,,
396,山東,2013,12,Shandong,0.82,2.08,58.43,588,12,130,72,223,1.8,11,138,31.89820192,182.36,97330000,,,,
397,山東,2014,1,Shandong,1.03,1.57,61.74,382,13,103,62,211,1.9,42,137,28.3438833,160.34,97890000,,,,
398,山東,2014,2,Shandong,0.92,16.42,66.04,152,14,73,44,136,1.5,70,94,30.64556636,133.14,97890000,,,,
399,山東,2014,3,Shandong,9.39,2.72,55.57,372,15,70,53,169,1.4,92,91,33.96052178,214.2,97890000,,,,
400,山東,2014,4,Shandong,14.52,43.47,63,492,16,56,46,147,1.2,110,77,36.04862075,207.03,97890000,,,,
401,山東,2014,5,Shandong,20.64,57.18,53.61,752,17,48,39,144,1.1,138,64,31.43126299,295.66,97890000,,,,
402,山東,2014,6,Shandong,22.92,67.01,71.96,577,18,38,34,110,1.1,142,65,28.42450811,181.17,97890000,,,,
403,山東,2014,7,Shandong,25.88,123.14,74.52,296,19,35,32,108,1.1,149,60,26.35450211,203.96,97890000,,,,
404,山東,2014,8,Shandong,24.77,66.95,76.61,156,20,42,36,107,1.2,143,60,29.43002365,207.14,97890000,,,,
405,山東,2014,9,Shandong,20.68,93.15,77.48,209,21,41,38,103,1.3,110,58,33.61905741,147.81,97890000,,,,
406,山東,2014,10,Shandong,15.69,25.8,68.3,348,22,47,46,130,1.3,99,72,36.37950835,199.53,97890000,,,,
407,山東,2014,11,Shandong,8.38,32.14,65.04,629,23,63,58,163,1.7,58,99,35.14544888,141,97890000,,,,
408,山東,2014,12,Shandong,0.32,5.63,51.87,771,24,88,58,164,1.7,43,93,31.93149142,189.16,97890000,,,,
409,山東,2015,1,Shandong,0.59,8.32,59.35,666,25,67,47,140,1.6,47,90,28.31732978,161.2,98470000,,,,
410,山東,2015,2,Shandong,1.95,13.17,58.43,307,26,55,38,132,1.5,64,78,28.85336761,167.67,98470000,,,,
411,山東,2015,3,Shandong,7.75,4.69,53.22,305,27,44,38,137,1.2,85,67,32.1213446,232.63,98470000,,,,
412,山東,2015,4,Shandong,13.08,56.88,61.22,494,28,32,32,111,1,115,58,35.01483314,221.84,98470000,,,,
413,山東,2015,5,Shandong,19.06,41.65,62.39,802,29,30,30,99,0.9,132,49,33.12814446,247.03,98470000,,,,
414,山東,2015,6,Shandong,23.43,61.97,65.22,663,30,26,24,92,0.9,149,48,29.07648297,216.8,98470000,,,,
415,山東,2015,7,Shandong,25.71,113.71,74.3,399,31,21,23,79,0.9,132,43,26.61655274,199.2,98470000,,,,
416,山東,2015,8,Shandong,25.34,145.74,78.74,180,32,22,27,78,1,134,43,29.38177891,206.05,98470000,,,,
417,山東,2015,9,Shandong,21.26,40.94,73.17,244,33,26,33,80,0.9,126,42,33.10636858,193.28,98470000,,,,
418,山東,2015,10,Shandong,15.71,18.01,63.52,390,34,31,41,124,1.1,106,70,36.37306152,197.31,98470000,,,,
419,山東,2015,11,Shandong,6.63,91.84,79.7,654,35,34,38,111,1.4,56,76,35.59112777,71.17,98470000,,,,
420,山東,2015,12,Shandong,1.97,4.19,67.39,947,36,59,53,181,1.9,42,120,31.71138126,134.81,98470000,,,,
421,山東,2016,1,Shandong,-2.42,4.34,59.09,755,37,57,48,147,1.6,48,96,28.11241675,NA,99470000,,,,
422,山東,2016,2,Shandong,1.67,26.06,54.13,240,38,43,35,113,1.4,73,69,30.00413521,188.76,99470000,,,,
423,山東,2016,3,Shandong,8.37,5.33,50.17,526,39,35,37,135,1.1,101,65,32.66711285,229.31,99470000,,,,
424,山東,2016,4,Shandong,15.33,24.04,57.78,601,40,28,33,149,1,127,63,36.23725454,211.59,99470000,,,,
425,山東,2016,5,Shandong,19.08,49.39,59.52,978,41,25,31,100,0.9,141,47,32.37977784,218.14,99470000,,,,
426,山東,2016,6,Shandong,23.52,107.36,67.7,969,42,18,23,74,0.8,150,38,29.12868885,220.59,99470000,,,,
427,山東,2016,7,Shandong,26.32,160.87,80.13,428,43,14,19,68,0.8,128,37,26.54978389,182.72,99470000,,,,
428,山東,2016,8,Shandong,26.13,121.24,78.17,207,44,16,23,59,0.8,114,29,29.86824362,193.24,99470000,,,,
429,山東,2016,9,Shandong,22.17,33.41,70.26,352,45,22,31,87,0.9,141,46,33.60010224,163.34,99470000,,,,
430,山東,2016,10,Shandong,15.57,2.21,73.85,514,46,19,34,78,0.9,85,43,35.61264804,116.79,99470000,,,,
431,山東,2016,11,Shandong,7.36,14.29,68.04,649,47,28,43,117,1.2,60,68,33.79243728,142.03,99470000,,,,
432,山東,2016,12,Shandong,2.46,24.26,69.35,890,48,37,49,145,1.6,52,96,30.9357683,119.72,99470000,,,,
433,山東,2017,1,Shandong,0.17,22.66,66.57,584,49,42,48,158,1.8,55,103,29.27451215,139.49,100060000,,,,
434,山東,2017,2,Shandong,2.68,8.19,55.66,327,50,41,42,129,1.3,81,80,30.84538332,171.67,100060000,,,,
435,山東,2017,3,Shandong,7.36,12.62,51.86,566,51,33,43,113,1.1,101,62,34.10187468,199.13,100060000,,,,
436,山東,2017,4,Shandong,15.24,33.72,56.18,768,52,25,38,118,1,122,55,36.10557329,239.47,100060000,,,,
437,山東,2017,5,Shandong,21.23,29.77,56.41,1318,53,23,30,136,0.8,162,53,32.88343977,299.18,100060000,,,,
438,山東,2017,6,Shandong,23.87,77.25,62.02,1141,54,18,28,93,0.9,173,43,29.04563232,240.53,100060000,,,,
439,山東,2017,7,Shandong,27.31,203.5,80.07,559,55,13,23,78,0.9,137,39,26.04992628,164.34,100060000,,,,
440,山東,2017,8,Shandong,25.96,162.77,80.01,244,56,12,24,62,0.8,134,30,28.6005016,185.24,100060000,,,,
441,山東,2017,9,Shandong,22.54,25.53,70.85,304,57,15,32,81,0.9,146,38,32.77158732,215.83,100060000,,,,
442,山東,2017,10,Shandong,14.5,43.51,69.71,440,58,17,42,90,1,92,49,36.32013273,144.22,100060000,,,,
443,山東,2017,11,Shandong,7.52,1.87,52.52,802,59,23,48,115,1,69,56,35.39236323,195.4,100060000,,,,
444,山東,2017,12,Shandong,1.21,2.56,53.59,1059,60,30,55,139,1.4,52,80,31.83939362,177.76,100060000,,,,
445,山東,2018,1,Shandong,-1.93,6.99,57.26,771,61,29,50,138,1.4,56,85,27.86907164,130.51,100470000,,,,
446,山東,2018,2,Shandong,0.56,4.13,51.21,301,62,25,35,114,1.1,84,63,29.53915145,173.76,100470000,,,,
447,山東,2018,3,Shandong,8.64,27.94,60.16,401,63,19,36,108,1,114,59,33.46095,210.06,100470000,,,,
448,山東,2018,4,Shandong,14.63,NA,56.59,738,64,17,32,124,0.8,135,47,36.3879996,208.26,100470000,,,,
449,山東,2018,5,Shandong,19.66,99.09,65.85,1072,65,14,30,94,0.8,153,40,33.40053626,222.02,100470000,,,,
450,山東,2018,6,Shandong,24.44,121.93,65.75,1006,66,12,24,79,0.7,185,36,29.04628019,239.16,100470000,,,,
451,山東,2018,7,Shandong,27.29,141.68,79.58,496,67,9,20,55,0.6,134,29,26.89567964,204.01,100470000,,,,
452,山東,2018,8,Shandong,27.24,237.52,78.7,257,68,10,20,53,0.7,138,26,29.38812283,221,100470000,,,,
453,山東,2018,9,Shandong,21.32,49.14,67.98,308,69,13,34,69,0.7,134,29,34.5675988,203.03,100470000,,,,
454,山東,2018,10,Shandong,14.4,15.33,58.15,619,70,17,48,98,0.8,116,43,37.86247351,237.67,100470000,,,,
455,山東,2018,11,Shandong,8.59,20.99,71.07,1256,71,16,52,146,1.1,77,77,36.85905881,134.38,100470000,,,,
456,山東,2018,12,Shandong,0.46,20.84,60.86,1680,72,21,53,129,1.1,51,69,31.8069279,141.62,100470000,,,,
457,山東,2019,1,Shandong,0.8,NA,42,1227,73,29,67,168,1.3,48,95,28.01719972,161.1,100700000,,,,
458,山東,2019,2,Shandong,2.3,5.4,55,415,74,20,53,142,1.11,76,92,30.23743732,117.6,100700000,,,,
459,山東,2019,3,Shandong,11.8,0.7,36,867,75,13,50,122,0.62,108,51,32.9750232,252.3,100700000,,,,
460,山東,2019,4,Shandong,15.4,35.4,54,1012,76,15,45,119,0.78,121,54,35.99247811,186.4,100700000,,,,
461,山東,2019,5,Shandong,23.2,21.5,38,1484,77,13,34,97,0.63,154,36,32.54623969,278.2,100700000,,,,
462,山東,2019,6,Shandong,28.9,18.8,44,1432,78,12,28,84,0.63,206,36,29.92374197,265.1,100700000,,,,
463,山東,2019,7,Shandong,28.7,140.7,62,830,79,9,29,67,0.71,180,36,27.36675155,197.4,100700000,,,,
464,山東,2019,8,Shandong,25.6,366.9,70,391,80,8,33,53,0.73,125,26,29.77748352,164.4,100700000,,,,
465,山東,2019,9,Shandong,23.2,33,60,550,81,11,45,86,0.82,149,39,33.74173987,205.1,100700000,,,,
466,山東,2019,10,Shandong,16.1,31.7,57,833,82,11,48,108,0.81,97,49,36.93388604,191.6,100700000,,,,
467,山東,2019,11,Shandong,9.9,29.8,55,1565,83,14,53,132,0.95,59,61,35.00633933,156.4,100700000,,,,
468,山東,2019,12,Shandong,3.1,19.5,57,1759,84,19,54,127,1.27,42,84,29.05968001,210.2,100700000,,,,
469,山東,2020,1,Shandong,1.1,29,67,794,85,24,51,143,1.55,59,107,21.54038209,211.3,101650000,,,,
470,山東,2020,2,Shandong,5.6,36.9,58,77,86,12,24,75,0.85,84,53,21.34882346,196.5,101650000,,,,
471,山東,2020,3,Shandong,11.2,7.7,44,47,87,11,33,97,0.74,103,45,25.54420523,294.7,101650000,,,,
472,山東,2020,4,Shandong,14.8,36,42,41,88,12,35,93,0.73,125,40,31.41150638,312.5,101650000,,,,
473,山東,2020,5,Shandong,22.2,42.9,50,48,89,11,26,85,0.69,156,32,31.9606268,329.9,101650000,,,,
474,山東,2020,6,Shandong,26.3,82,55,41,90,10,27,87,0.74,183,36,33.04895579,313.4,101650000,,,,
475,山東,2020,7,Shandong,25.2,75.7,71,62,91,9,23,61,0.76,152,35,33.06473842,316.1,101650000,,,,
476,山東,2020,8,Shandong,26.4,248.5,79,58,92,9,24,52,0.74,132,30,35.16234349,260.7,101650000,,,,
477,山東,2020,9,Shandong,22.4,35.5,62,100,93,11,37,70,0.74,147,33,35.63113912,226.9,101650000,,,,
478,山東,2020,10,Shandong,14.9,10.5,53,161,94,13,51,102,0.91,88,47,36.84733223,166.7,101650000,,,,
479,山東,2020,11,Shandong,9.4,46.4,57,247,95,14,50,109,1,64,59,35.15911193,160.6,101650000,,,,
480,山東,2020,12,Shandong,0.7,10.7,52,321,96,20,49,129,1.18,50,84,34.63216305,180.9,101650000,,,,
481,寧夏,2013,1,Ningxia,-6.12,1.75,44.5,46,1,228,63,190,2.6,32,110,19.06496627,219.63,6540000,,,,
482,寧夏,2013,2,Ningxia,-1.69,5.35,38.08,14,2,99,44,131,1.6,69,52,27.08928787,196.37,6540000,,,,
483,寧夏,2013,3,Ningxia,7.28,4.22,28.33,57,3,52,37,175,1,84,47,37.70838875,247.8,6540000,,,,
484,寧夏,2013,4,Ningxia,11.11,11.04,29.25,64,4,30,36,139,0.8,99,41,40.43770564,293.79,6540000,,,,
485,寧夏,2013,5,Ningxia,17.19,39.74,43.58,187,5,32,39,99,0.9,107,34,35.96409808,264.87,6540000,,,,
486,寧夏,2013,6,Ningxia,20.57,59.34,54.75,187,6,21,24,75,0.6,87,30,32.2971845,240.91,6540000,,,,
487,寧夏,2013,7,Ningxia,21.37,114.02,66.33,106,7,14,17,52,0.5,64,22,26.67340602,203.58,6540000,,,,
488,寧夏,2013,8,Ningxia,21.95,27.65,59.33,36,8,13,21,52,0.6,64,23,30.32049185,268.83,6540000,,,,
489,寧夏,2013,9,Ningxia,15.38,50.42,64.25,54,9,29,41,71,0.9,68,31,34.37253413,195.31,6540000,,,,
490,寧夏,2013,10,Ningxia,9.73,16.39,57.08,98,10,60,55,109,1.1,86,49,37.18880022,224.31,6540000,,,,
491,寧夏,2013,11,Ningxia,1.05,7.18,51.25,110,11,132,60,147,1.6,52,63,33.52188512,189.74,6540000,,,,
492,寧夏,2013,12,Ningxia,-5.53,1.12,51.42,113,12,157,65,154,2,29,88,28.4527876,220.87,6540000,,,,
493,寧夏,2014,1,Ningxia,-4.46,2.25,35.08,38,13,169,55,154,2.1,46,81,27.49152413,229.34,6620000,,,,
494,寧夏,2014,2,Ningxia,-3.87,8.66,61.83,19,14,118,36,135,1.2,65,76,30.94204178,158.65,6620000,,,,
495,寧夏,2014,3,Ningxia,5.2,6.79,37.42,36,15,94,36,143,1.1,92,52,36.48012411,262.39,6620000,,,,
496,寧夏,2014,4,Ningxia,11.28,43.43,52.67,53,16,40,25,154,0.9,116,51,40.2789769,214.91,6620000,,,,
497,寧夏,2014,5,Ningxia,16.04,9.42,35.42,128,17,32,27,136,0.8,123,41,37.19317012,298.98,6620000,,,,
498,寧夏,2014,6,Ningxia,20.19,58.94,53.33,172,18,37,28,70,0.9,134,31,32.04210037,251.11,6620000,,,,
499,寧夏,2014,7,Ningxia,22.04,53.16,60.08,64,19,29,27,87,0.7,117,34,27.64534965,283.84,6620000,,,,
500,寧夏,2014,8,Ningxia,19.25,65.53,66.5,32,20,30,28,76,0.7,88,34,30.36983638,241.31,6620000,,,,
501,寧夏,2014,9,Ningxia,15.9,83.21,69.5,42,21,31,35,80,0.8,86,32,36.63474975,181.05,6620000,,,,
502,寧夏,2014,10,Ningxia,10.28,27.36,64.83,89,22,39,43,119,1,77,50,38.15351157,208.77,6620000,,,,
503,寧夏,2014,11,Ningxia,1.36,8.04,63.67,140,23,110,49,133,1.3,53,68,35.16760574,173.13,6620000,,,,
504,寧夏,2014,12,Ningxia,-6,0.44,43.5,95,24,142,41,135,1.3,49,59,28.52847392,223.21,6620000,,,,
505,寧夏,2015,1,Ningxia,-4.7,3.14,49.08,56,25,98,38,138,1.3,43,74,25.56658476,196.52,6680000,,,,
506,寧夏,2015,2,Ningxia,-1.76,1.66,45.58,9,26,60,25,132,1,56,58,32.85704451,206.87,6680000,,,,
507,寧夏,2015,3,Ningxia,4.61,8.1,40.58,59,27,49,24,134,0.8,66,47,35.94306613,246.05,6680000,,,,
508,寧夏,2015,4,Ningxia,10.63,37.18,47.5,51,28,21,21,121,0.8,75,42,42.19109439,240.56,6680000,,,,
509,寧夏,2015,5,Ningxia,16.23,33.17,42,115,29,19,19,107,0.8,92,38,35.72547845,276.82,6680000,,,,
510,寧夏,2015,6,Ningxia,19.88,19.95,49.92,154,30,17,18,91,0.7,103,33,33.63142024,252.25,6680000,,,,
511,寧夏,2015,7,Ningxia,22.33,29.37,50.83,81,31,18,22,83,0.8,139,32,28.341754,295.45,6680000,,,,
512,寧夏,2015,8,Ningxia,20.58,37.58,53.92,32,32,18,22,77,0.8,124,30,31.15092435,283.44,6680000,,,,
513,寧夏,2015,9,Ningxia,15.29,76.99,69.25,50,33,13,20,67,0.7,95,29,34.95057825,190.33,6680000,,,,
514,寧夏,2015,10,Ningxia,8.98,19.77,58.25,78,34,27,32,102,0.8,84,44,36.53800065,231.94,6680000,,,,
515,寧夏,2015,11,Ningxia,2.9,21.27,75.17,76,35,67,35,117,1.2,48,62,33.25950658,152.87,6680000,,,,
516,寧夏,2015,12,Ningxia,-4.51,8.34,62.33,67,36,84,39,116,1.4,54,67,29.47028569,196.4,6680000,,,,
517,寧夏,2016,1,Ningxia,-8.66,2.42,56.25,34,37,91,33,105,1.1,55,61,28.74677299,NA,6750000,,,,
518,寧夏,2016,2,Ningxia,-4.26,6.33,45.75,15,38,75,27,141,0.9,70,56,32.96386071,206.2,6750000,,,,
519,寧夏,2016,3,Ningxia,4.62,20.6,46.42,34,39,52,29,142,0.8,83,54,37.73008886,224.7,6750000,,,,
520,寧夏,2016,4,Ningxia,12.39,12.84,40.83,56,40,23,26,99,0.6,97,36,41.32893419,246.87,6750000,,,,
521,寧夏,2016,5,Ningxia,15.03,42.53,47.58,116,41,16,20,117,0.6,111,40,37.74827062,274.92,6750000,,,,
522,寧夏,2016,6,Ningxia,20.83,28.1,49.08,152,42,20,21,76,0.6,133,31,32.67957282,286.4,6750000,,,,
523,寧夏,2016,7,Ningxia,22.88,64.95,59.25,73,43,13,19,61,0.6,135,26,27.79276897,269.41,6750000,,,,
524,寧夏,2016,8,Ningxia,22.2,69.22,65.92,25,44,14,17,57,0.7,116,27,31.00294793,227.51,6750000,,,,
525,寧夏,2016,9,Ningxia,16.34,29.14,62.75,37,45,18,26,59,0.7,106,30,37.42490203,195.2,6750000,,,,
526,寧夏,2016,10,Ningxia,9.68,1.14,65.22,92,46,26,30,91,0.9,80,42,41.32704183,180.38,6750000,,,,
527,寧夏,2016,11,Ningxia,2.09,0.86,49.75,162,47,61,41,159,1.4,61,63,37.49793651,206.65,6750000,,,,
528,寧夏,2016,12,Ningxia,-1.98,0.4,53.17,174,48,78,45,137,1.7,49,76,30.85730578,191.2,6750000,,,,
529,寧夏,2017,1,Ningxia,-4.9,0.3,42.21,69,49,79,40,146,1.6,54,67,28.22503557,202,6820000,,,,
530,寧夏,2017,2,Ningxia,-1.25,9.69,44.95,30,50,59,36,118,1.3,78,59,32.05755494,176.58,6820000,,,,
531,寧夏,2017,3,Ningxia,3.21,12.12,48.66,58,51,36,31,89,1,97,41,37.68123712,188,6820000,,,,
532,寧夏,2017,4,Ningxia,12.11,10.59,39.7,98,52,21,28,106,0.7,122,33,41.67444274,238.32,6820000,,,,
533,寧夏,2017,5,Ningxia,17.49,22.87,36.77,212,53,21,27,156,0.7,130,53,38.38047144,292.02,6820000,,,,
534,寧夏,2017,6,Ningxia,21.28,49.24,48.22,291,54,19,25,86,0.7,149,30,32.39749315,289.69,6820000,,,,
535,寧夏,2017,7,Ningxia,24.53,58.37,52.79,111,55,15,22,83,0.7,143,30,27.51079929,292.42,6820000,,,,
536,寧夏,2017,8,Ningxia,20.52,102.64,65,37,56,17,26,67,0.7,124,26,29.78965397,203.47,6820000,,,,
537,寧夏,2017,9,Ningxia,17.64,16.29,60.71,56,57,21,33,91,0.7,105,32,34.52756598,209.71,6820000,,,,
538,寧夏,2017,10,Ningxia,8.85,44.26,70.6,66,58,23,34,95,0.9,76,41,37.71749623,181.96,6820000,,,,
539,寧夏,2017,11,Ningxia,2.16,0,46.71,99,59,44,39,120,1,69,47,34.92579582,224.35,6820000,,,,
540,寧夏,2017,12,Ningxia,-4.74,0.47,46.28,87,60,45,40,127,1.3,65,55,30.32249069,216.14,6820000,,,,
541,寧夏,2018,1,Ningxia,-7.29,5.22,51.27,41,61,39,31,102,1,69,49,27.74217282,166.37,6880000,,,,
542,寧夏,2018,2,Ningxia,-4.04,2.11,36.37,11,62,40,27,112,1,90,43,34.44631604,219.9,6880000,,,,
543,寧夏,2018,3,Ningxia,8.65,4.96,37.64,53,63,30,32,169,0.9,108,55,39.0632207,256.79,6880000,,,,
544,寧夏,2018,4,Ningxia,12.96,NA,36.94,69,64,18,27,160,0.6,118,48,43.83913144,234.09,6880000,,,,
545,寧夏,2018,5,Ningxia,17.85,34.98,41.81,159,65,14,23,151,0.6,134,44,38.29094077,281.51,6880000,,,,
546,寧夏,2018,6,Ningxia,21.95,34.55,48.03,220,66,14,24,74,0.7,153,26,34.29365493,265.87,6880000,,,,
547,寧夏,2018,7,Ningxia,22.84,114.48,68.05,125,67,9,17,82,0.7,130,29,28.15512484,226.84,6880000,,,,
548,寧夏,2018,8,Ningxia,22.35,104.62,70.05,33,68,10,19,57,0.8,125,25,31.79530331,209.2,6880000,,,,
549,寧夏,2018,9,Ningxia,14.68,39.59,63.28,61,69,13,27,65,0.7,104,26,36.87891738,181.86,6880000,,,,
550,寧夏,2018,10,Ningxia,8.37,8.1,52.96,124,70,19,37,89,0.8,92,38,40.47027768,241.16,6880000,,,,
551,寧夏,2018,11,Ningxia,1.61,8.8,55.22,153,71,27,43,156,1.1,67,56,36.3580353,191.25,6880000,,,,
552,寧夏,2018,12,Ningxia,-7.2,1.12,46.57,170,72,32,37,141,1.1,60,50,30.64931312,185.3,6880000,,,,
553,寧夏,2019,1,Ningxia,-6.8,0.4,42,73,73,36,53,109,1.92,48,56,28.53891323,171.2,6950000,,,,
554,寧夏,2019,2,Ningxia,-1.9,NA,38,23,74,24,36,94,1.3,82,45,33.7098133,191.8,6950000,,,,
555,寧夏,2019,3,Ningxia,6.2,0.2,32,75,75,16,38,84,0.94,94,35,38.80017307,261.9,6950000,,,,
556,寧夏,2019,4,Ningxia,15.7,5.5,32,115,76,11,31,89,0.75,119,31,42.21009779,276.4,6950000,,,,
557,寧夏,2019,5,Ningxia,17.3,15,41,196,77,9,27,102,0.56,122,32,37.63250332,234.2,6950000,,,,
558,寧夏,2019,6,Ningxia,22.3,86.7,56,242,78,9,26,46,0.66,129,21,33.4569037,210.3,6950000,,,,
559,寧夏,2019,7,Ningxia,24.5,4.8,52,150,79,9,28,49,0.59,136,20,28.94629429,269.2,6950000,,,,
560,寧夏,2019,8,Ningxia,23.1,2.7,53,42,80,10,27,43,0.66,132,19,31.62730386,244.9,6950000,,,,
561,寧夏,2019,9,Ningxia,18.3,14.5,63,79,81,9,37,45,0.63,118,21,36.07778313,226.8,6950000,,,,
562,寧夏,2019,10,Ningxia,10.1,11.2,60,105,82,11,41,63,0.71,74,28,40.75371516,190.5,6950000,,,,
563,寧夏,2019,11,Ningxia,3.6,4.4,52,209,83,17,45,82,0.95,57,35,36.48401468,168.1,6950000,,,,
564,寧夏,2019,12,Ningxia,-2.5,0.1,50,184,84,19,50,83,1.23,54,47,30.42939845,215.4,6950000,,,,
565,寧夏,2020,1,Ningxia,-4.2,0.3,61,65,85,20,51,125,1.69,59,90,23.25162161,150.4,7210000,,,,
566,寧夏,2020,2,Ningxia,0.2,NA,35,9,86,22,30,92,1,92,42,24.80588058,220.3,7210000,,,,
567,寧夏,2020,3,Ningxia,7.2,NA,30,7,87,14,29,86,0.67,99,28,30.37126956,237.5,7210000,,,,
568,寧夏,2020,4,Ningxia,12.8,4,23,7,88,12,33,71,0.58,118,25,36.84298785,296.7,7210000,,,,
569,寧夏,2020,5,Ningxia,18.8,8.9,35,12,89,10,27,94,0.47,121,27,36.87459363,274.9,7210000,,,,
570,寧夏,2020,6,Ningxia,23.7,43,39,11,90,11,26,61,0.49,144,23,35.78284023,268.3,7210000,,,,
571,寧夏,2020,7,Ningxia,25.1,13.7,48,14,91,8,24,51,0.49,137,17,32.98282939,229.3,7210000,,,,
572,寧夏,2020,8,Ningxia,22.5,82.5,59,7,92,8,27,45,0.56,116,17,36.09537543,190.7,7210000,,,,
573,寧夏,2020,9,Ningxia,17.3,26.7,63,13,93,8,35,56,0.65,104,23,37.80405806,205.7,7210000,,,,
574,寧夏,2020,10,Ningxia,8.8,0.5,54,22,94,15,45,76,0.77,80,29,40.3681444,208.2,7210000,,,,
575,寧夏,2020,11,Ningxia,2.7,6.6,63,29,95,17,50,99,1.21,61,54,39.412324,164.8,7210000,,,,
576,寧夏,2020,12,Ningxia,-7,0.3,59,45,96,17,50,109,1.48,44,64,39.70125918,164,7210000,,,,
577,山西,2013,1,Shanxi,-5.62,3.39,51.89,188,1,142,41,233,2,26,154,15.31762149,181.64,36300000,,,,
578,山西,2013,2,Shanxi,-1.14,5.33,51.78,49,2,78,30,174,1.6,52,130,23.0524408,143.67,36300000,,,,
579,山西,2013,3,Shanxi,6.99,2.23,38,112,3,70,45,222,1.6,62,92,33.09194398,222.58,36300000,,,,
580,山西,2013,4,Shanxi,11.18,21.69,38.63,161,4,52,34,172,2.1,81,64,35.53581601,247.24,36300000,,,,
581,山西,2013,5,Shanxi,19.13,44.5,44.78,267,5,59,45,118,1.5,124,58,31.23390527,226.19,36300000,,,,
582,山西,2013,6,Shanxi,22.4,80.96,58.44,200,6,49,46,121,1.3,166,65,27.64977775,207.76,36300000,,,,
583,山西,2013,7,Shanxi,23.23,192.32,75.96,91,7,32,46,94,1.3,116,46,24.79663691,171.81,36300000,,,,
584,山西,2013,8,Shanxi,23.01,80.28,70.33,45,8,40,44,98,1.6,115,48,27.45792062,234.68,36300000,,,,
585,山西,2013,9,Shanxi,17.29,66.07,68.96,40,9,51,40,114,2,81,57,32.76740038,173.48,36300000,,,,
586,山西,2013,10,Shanxi,10.83,21.19,61.48,93,10,77,51,177,1.8,64,89,35.97188222,207.49,36300000,,,,
587,山西,2013,11,Shanxi,2.67,8.4,53.07,156,11,129,45,160,2,27,79,35.14419592,182.85,36300000,,,,
588,山西,2013,12,Shanxi,-4.21,0.15,47.37,206,12,98,39,149,2.4,13,113,29.20333932,182.43,36300000,,,,
589,山西,2014,1,Shanxi,-3.48,0.08,38.19,104,13,97,43,140,2.7,35,81,27.12909766,186.55,36480000,,,,
590,山西,2014,2,Shanxi,-2.88,14.86,65.15,41,14,69,39,150,2.3,42,97,30.71854513,92.62,36480000,,,,
591,山西,2014,3,Shanxi,6.69,10.19,43.22,130,15,59,37,136,2.2,65,59,34.85812983,222.8,36480000,,,,
592,山西,2014,4,Shanxi,12.87,47.77,56.85,171,16,39,35,131,2.1,78,60,38.21327159,190.59,36480000,,,,
593,山西,2014,5,Shanxi,17.84,48.26,43.3,398,17,37,34,135,1.4,85,52,33.58424352,260.93,36480000,,,,
594,山西,2014,6,Shanxi,21.46,61.38,57.04,425,18,30,31,97,1.5,92,49,29.49800944,212.29,36480000,,,,
595,山西,2014,7,Shanxi,23.25,97.37,66.96,185,19,33,34,91,1.2,107,49,24.62970454,230.42,36480000,,,,
596,山西,2014,8,Shanxi,20.54,109.46,72.04,65,20,34,32,82,1.4,91,45,27.21259998,188.17,36480000,,,,
597,山西,2014,9,Shanxi,16.59,134.34,78.33,75,21,33,30,81,1.5,67,45,32.50796045,133.84,36480000,,,,
598,山西,2014,10,Shanxi,11.63,17.85,68.33,143,22,49,40,134,1.8,60,72,36.0747831,164.31,36480000,,,,
599,山西,2014,11,Shanxi,2.99,6.77,60.15,239,23,107,39,134,2,44,78,34.62175612,152.79,36480000,,,,
600,山西,2014,12,Shanxi,-5.06,0.58,40.67,279,24,124,36,121,2.4,39,66,30.50060834,191.88,36480000,,,,
601,山西,2015,1,Shanxi,-3.64,5.45,49.15,201,25,140,43,139,2.9,44,88,27.78981376,161.74,36640000,,,,
602,山西,2015,2,Shanxi,-1.56,9.65,48.81,88,26,92,33,105,2.2,62,58,30.07862186,169.74,36640000,,,,
603,山西,2015,3,Shanxi,5.72,5.28,41.96,149,27,60,32,105,2,74,50,33.52804411,213.79,36640000,,,,
604,山西,2015,4,Shanxi,11.89,34.99,48.41,240,28,39,28,92,1.6,82,39,36.704906,234.77,36640000,,,,
605,山西,2015,5,Shanxi,17.68,44.31,49.37,408,29,39,29,99,1.3,119,47,33.73468363,248.75,36640000,,,,
606,山西,2015,6,Shanxi,21.06,63.02,57.33,479,30,31,26,85,1.4,124,45,29.08355288,184.87,36640000,,,,
607,山西,2015,7,Shanxi,23.28,57.64,63.07,201,31,29,27,84,1.3,131,51,25.62441595,242.1,36640000,,,,
608,山西,2015,8,Shanxi,21.86,62.44,64.81,80,32,27,25,71,1.3,97,38,27.99460866,236.43,36640000,,,,
609,山西,2015,9,Shanxi,16.9,86.04,73.67,104,33,29,28,64,1.4,82,39,33.0055567,166.35,36640000,,,,
610,山西,2015,10,Shanxi,10.48,33.85,63.48,181,34,41,39,84,1.6,68,46,36.13110452,201.49,36640000,,,,
611,山西,2015,11,Shanxi,3.36,49.56,79.44,288,35,84,41,102,2.2,39,68,35.04128843,89.86,36640000,,,,
612,山西,2015,12,Shanxi,-2.68,2.72,61.81,378,36,115,45,152,2.5,36,99,30.54902097,151.55,36640000,,,,
613,山西,2016,1,Shanxi,-7.01,1.57,48,269,37,114,42,129,2.6,45,81,27.22714515,NA,36820000,,,,
614,山西,2016,2,Shanxi,-2.73,8.49,42.81,75,38,84,30,97,2.3,68,55,29.99754453,191,36820000,,,,
615,山西,2016,3,Shanxi,5.5,4.54,41.52,203,39,72,40,139,1.8,91,66,33.1490052,NA,36820000,,,,
616,山西,2016,4,Shanxi,13.83,33.51,46.96,229,40,35,31,103,1.4,111,46,37.08266819,199.78,36820000,,,,
617,山西,2016,5,Shanxi,16.9,44.76,49.52,433,41,35,29,94,1.2,121,43,32.95322664,225.38,36820000,,,,
618,山西,2016,6,Shanxi,21.39,71.56,59.93,421,42,32,27,79,1.3,125,40,29.37459727,221.46,36820000,,,,
619,山西,2016,7,Shanxi,23.33,183.19,73.7,219,43,20,22,71,1.3,110,40,24.92498964,183.49,36820000,,,,
620,山西,2016,8,Shanxi,23.09,89.07,73.63,57,44,25,23,63,1.2,101,33,28.44859559,185.21,36820000,,,,
621,山西,2016,9,Shanxi,17.71,33.51,68.78,107,45,34,34,74,1.4,90,37,32.88074555,155.67,36820000,,,,
622,山西,2016,10,Shanxi,11.09,2.57,72.32,153,46,38,38,80,1.4,67,41,37.60996592,128.39,36820000,,,,
623,山西,2016,11,Shanxi,3.12,10.36,62.19,298,47,126,55,181,2.2,52,101,34.47569025,151.97,36820000,,,,
624,山西,2016,12,Shanxi,-1.53,8.66,61.07,355,48,171,59,188,2.7,44,126,31.00995582,145.44,36820000,,,,
625,山西,2017,1,Shanxi,-3.69,3.01,51.55,199,49,157,54,184,2.5,56,124,28.11513914,160.23,37020000,,,,
626,山西,2017,2,Shanxi,-0.79,10.15,48.23,112,50,118,48,141,2,81,89,30.02277762,155.14,37020000,,,,
627,山西,2017,3,Shanxi,4.08,12.69,47.29,166,51,65,42,109,1.4,98,61,34.24751361,172.38,37020000,,,,
628,山西,2017,4,Shanxi,12.23,31.29,45.43,237,52,36,40,110,1.2,118,47,37.49349947,220.87,37020000,,,,
629,山西,2017,5,Shanxi,19.16,36.08,40.19,594,53,22,34,121,1.1,160,45,34.7108471,282.12,37020000,,,,
630,山西,2017,6,Shanxi,21.42,63.9,55.93,552,54,24,34,86,1.2,178,43,29.03100876,229.85,37020000,,,,
631,山西,2017,7,Shanxi,24.83,129.66,67.32,217,55,22,29,85,1.3,167,45,23.59903326,218.74,37020000,,,,
632,山西,2017,8,Shanxi,21.89,126.64,73.29,53,56,23,31,79,1.3,142,43,27.10232866,197.9,37020000,,,,
633,山西,2017,9,Shanxi,17.92,22.99,67.77,74,57,34,43,109,1.5,124,52,32.69165279,197.59,37020000,,,,
634,山西,2017,10,Shanxi,9.52,106.47,78.81,125,58,29,42,97,1.5,67,55,36.92900012,116.47,37020000,,,,
635,山西,2017,11,Shanxi,2.24,0.33,50.19,216,59,58,50,134,1.7,60,67,34.78145798,198.47,37020000,,,,
636,山西,2017,12,Shanxi,-3.97,1.44,45.43,221,60,86,51,139,2,51,79,30.70078568,196.36,37020000,,,,
637,山西,2018,1,Shanxi,-6.79,8.7,54.73,174,61,77,49,142,1.9,53,86,26.79933861,146.63,37180000,,,,
638,山西,2018,2,Shanxi,-3.02,2.02,36.55,48,62,66,37,132,1.6,85,74,29.71239328,198.87,37180000,,,,
639,山西,2018,3,Shanxi,8.29,9.49,46.68,87,63,37,43,148,1.4,110,75,34.24806679,215.72,37180000,,,,
640,山西,2018,4,Shanxi,13.41,NA,47.15,153,64,23,36,147,1.1,127,51,39.80075788,208.08,37180000,,,,
641,山西,2018,5,Shanxi,18.42,53.95,51.14,395,65,21,36,120,1,152,46,36.30198599,233.54,37180000,,,,
642,山西,2018,6,Shanxi,22.49,48.92,50.89,471,66,20,36,89,1,178,39,30.51466533,232.93,37180000,,,,
643,山西,2018,7,Shanxi,24.12,157.47,75.52,206,67,12,23,67,1,151,41,25.0905307,189.9,37180000,,,,
644,山西,2018,8,Shanxi,23.76,97.2,73.58,57,68,13,25,68,1.1,148,39,28.06146471,213.59,37180000,,,,
645,山西,2018,9,Shanxi,15.45,69.98,69.74,88,69,14,33,66,1,102,30,33.82597003,168.41,37180000,,,,
646,山西,2018,10,Shanxi,9.07,6.47,53.19,152,70,21,48,101,1.1,99,45,38.57770886,231.37,37180000,,,,
647,山西,2018,11,Shanxi,2.69,10.87,58.11,341,71,39,56,152,1.6,60,77,36.29137115,162.68,37180000,,,,
648,山西,2018,12,Shanxi,-5.75,1.41,41.83,389,72,55,52,148,1.6,46,69,30.94497058,153.32,37180000,,,,
649,山西,2019,1,Shanxi,-4.7,NA,43,254,73,58,75,191,1.94,34,111,26.21276176,154.3,37290000,,,,
650,山西,2019,2,Shanxi,-1.5,1.1,45,55,74,40,49,137,1.37,70,92,30.40033433,145.5,37290000,,,,
651,山西,2019,3,Shanxi,7.1,NA,30,175,75,22,48,113,0.93,99,50,33.9024592,270.1,37290000,,,,
652,山西,2019,4,Shanxi,13.1,48.9,51,209,76,17,50,132,0.92,108,57,39.18660549,230.2,37290000,,,,
653,山西,2019,5,Shanxi,19.5,2.6,35,408,77,15,47,123,0.71,139,45,34.72949344,275.1,37290000,,,,
654,山西,2019,6,Shanxi,24.3,26.2,50,562,78,13,38,74,0.79,182,39,30.72700067,218.1,37290000,,,,
655,山西,2019,7,Shanxi,25.4,43.2,61,235,79,9,34,63,0.81,176,35,25.96987183,238.6,37290000,,,,
656,山西,2019,8,Shanxi,23.1,61.2,66,72,80,9,34,51,0.76,132,26,28.99907826,234.6,37290000,,,,
657,山西,2019,9,Shanxi,18.7,89.3,67,132,81,12,48,67,0.83,121,31,34.43664143,222.3,37290000,,,,
658,山西,2019,10,Shanxi,11.6,33.7,73,216,82,15,51,104,0.97,70,51,38.66824247,170.6,37290000,,,,
659,山西,2019,11,Shanxi,4.8,4.1,56,432,83,25,57,128,1.04,42,68,35.34252965,128.8,37290000,,,,
660,山西,2019,12,Shanxi,-1.7,2.3,53,496,84,30,56,110,1.12,38,67,28.69619981,196.1,37290000,,,,
661,山西,2020,1,Shanxi,-3.4,16.1,71,170,85,33,57,151,1.53,53,117,21.21541986,120.9,34900000,,,,
662,山西,2020,2,Shanxi,0.6,5.5,56,17,86,26,39,109,1.1,73,78,21.670336,180.4,34900000,,,,
663,山西,2020,3,Shanxi,8.3,9.5,37,14,87,18,43,92,0.69,94,45,25.71936286,252.2,34900000,,,,
664,山西,2020,4,Shanxi,12.1,17.4,40,9,88,13,49,103,0.67,119,45,32.36149032,280.5,34900000,,,,
665,山西,2020,5,Shanxi,20,64.3,44,13,89,13,41,99,0.66,136,39,32.42250534,339.4,34900000,,,,
666,山西,2020,6,Shanxi,23.6,14.8,54,13,90,15,43,101,0.82,181,45,33.78234802,318.7,34900000,,,,
667,山西,2020,7,Shanxi,23.2,97.5,75,15,91,7,34,63,0.84,168,37,32.97627705,308.5,34900000,,,,
668,山西,2020,8,Shanxi,22.4,243.6,82,16,92,8,34,54,0.81,132,28,34.52277944,276.8,34900000,,,,
669,山西,2020,9,Shanxi,18,38.2,70,23,93,10,42,68,0.8,120,33,36.04977536,297,34900000,,,,
670,山西,2020,10,Shanxi,10.2,9.3,62,37,94,18,55,116,1.05,75,59,38.16111872,271.3,34900000,,,,
671,山西,2020,11,Shanxi,4.3,29.5,60,77,95,20,57,119,1.14,52,71,37.27034071,221.5,34900000,,,,
672,山西,2020,12,Shanxi,-5.1,1.3,52,120,96,27,51,100,1.15,45,56,36.84941361,236,34900000,,,,
673,甘肅,2013,1,Gansu,-6.73,1.46,49.24,43,1,70,52,140,2,16,97,15.62029859,212.31,25820000,,,,
674,甘肅,2013,2,Gansu,-2.05,4.03,43.07,11,2,49,33,129,0.8,54,70,24.16605393,194.06,25820000,,,,
675,甘肅,2013,3,Gansu,6.97,0.87,29.17,49,3,35,41,300,0.7,84,109,33.53281754,260.98,25820000,,,,
676,甘肅,2013,4,Gansu,10.69,16.35,33.62,81,4,22,29,166,0.3,81,77,35.69634478,265.68,25820000,,,,
677,甘肅,2013,5,Gansu,15.95,43.03,43.52,141,5,19,25,151,0.4,59,65,32.2911387,243.15,25820000,,,,
678,甘肅,2013,6,Gansu,19.42,52.9,54.76,234,6,20,30,142,0.6,90,56,29.1409686,234.78,25820000,,,,
679,甘肅,2013,7,Gansu,20.44,91.87,63.83,160,7,29,55,129,1.1,119,57,24.72296563,179.86,25820000,,,,
680,甘肅,2013,8,Gansu,20.66,45.06,59.31,52,8,23,28,111,0.9,89,50,24.92017195,260.09,25820000,,,,
681,甘肅,2013,9,Gansu,14.74,45.03,58.97,54,9,19,19,99,0.5,51,44,28.7715782,190.2,25820000,,,,
682,甘肅,2013,10,Gansu,9.19,11.23,52.38,86,10,27,39,135,1,44,63,32.05403023,221.65,25820000,,,,
683,甘肅,2013,11,Gansu,0.28,5.03,52.24,138,11,40,40,202,1.3,48,99,29.93756026,191.07,25820000,,,,
684,甘肅,2013,12,Gansu,-5.71,0.69,52.76,113,12,49,35,144,1.7,19,82,25.54840206,209.04,25820000,,,,
685,甘肅,2014,1,Gansu,-5.12,0.17,36.59,54,13,73,40,123,1.7,64,60,23.25273096,224.33,25910000,,,,
686,甘肅,2014,2,Gansu,-3.85,7.24,51.59,19,14,55,30,135,1.4,75,53,27.31131949,151.2,25910000,,,,
687,甘肅,2014,3,Gansu,4.38,4.36,38.66,41,15,46,36,168,1.4,96,50,31.18606681,249.14,25910000,,,,
688,甘肅,2014,4,Gansu,10.31,39.79,48.69,66,16,31,35,216,1.1,113,63,34.32093835,208.3,25910000,,,,
689,甘肅,2014,5,Gansu,14.62,18.87,38.52,106,17,29,32,152,1,134,49,31.87755777,264.85,25910000,,,,
690,甘肅,2014,6,Gansu,18.95,48.22,53.21,157,18,29,23,95,1.2,113,37,28.32123575,213.99,25910000,,,,
691,甘肅,2014,7,Gansu,21.19,49.62,56.24,94,19,22,29,78,1,108,29,24.86580705,263.76,25910000,,,,
692,甘肅,2014,8,Gansu,18.66,57.16,61.45,33,20,25,28,74,1.1,105,30,26.65216887,224.74,25910000,,,,
693,甘肅,2014,9,Gansu,14.97,68.53,63.38,53,21,25,27,108,1.2,87,38,30.62367157,170.1,25910000,,,,
694,甘肅,2014,10,Gansu,9.2,23.89,60.97,91,22,28,30,94,1.1,77,36,32.79901533,196.83,25910000,,,,
695,甘肅,2014,11,Gansu,0.61,4.11,60.45,127,23,43,39,105,1.6,62,47,28.57186079,171.02,25910000,,,,
696,甘肅,2014,12,Gansu,-6.69,1.71,51.48,81,24,65,40,134,1.5,62,59,24.46039058,208.88,25910000,,,,
697,甘肅,2015,1,Gansu,-5.03,2.98,49.76,31,25,79,46,147,1.9,59,78,24.5238881,199.56,26000000,,,,
698,甘肅,2015,2,Gansu,-2.27,2.44,47.62,20,26,56,32,132,1.5,77,63,28.83596172,192.62,26000000,,,,
699,甘肅,2015,3,Gansu,4.24,7.29,41.03,48,27,38,31,157,1.3,94,57,32.23673901,224.36,26000000,,,,
700,甘肅,2015,4,Gansu,10.36,25.62,46.24,57,28,19,27,129,1,115,44,34.52674019,232.08,26000000,,,,
701,甘肅,2015,5,Gansu,15.45,32.96,45.83,123,29,15,26,102,0.8,117,38,32.33061495,254.72,26000000,,,,
702,甘肅,2015,6,Gansu,18.61,43.27,54.24,183,30,14,26,78,0.7,113,32,29.27996097,203.2,26000000,,,,
703,甘肅,2015,7,Gansu,20.87,37.32,53.48,101,31,13,23,60,0.8,117,26,25.95582785,281.59,26000000,,,,
704,甘肅,2015,8,Gansu,19.93,32.72,50.38,51,32,14,24,66,0.8,111,25,27.83221946,273.89,26000000,,,,
705,甘肅,2015,9,Gansu,14.29,47.14,65.38,94,33,13,25,54,0.8,92,23,30.89489595,168.64,26000000,,,,
706,甘肅,2015,10,Gansu,8.65,16.41,52.79,118,34,19,31,69,0.9,82,28,32.73521725,216.92,26000000,,,,
707,甘肅,2015,11,Gansu,2.69,9.97,64.66,184,35,38,37,78,1.3,57,38,30.41474835,167.06,26000000,,,,
708,甘肅,2015,12,Gansu,-4.85,3.77,58.55,185,36,55,41,89,1.6,56,49,27.21704885,200.32,26000000,,,,
709,甘肅,2016,1,Gansu,-8.08,3.67,56.52,112,37,52,36,92,1.5,62,49,23.97497488,NA,26100000,,,,
710,甘肅,2016,2,Gansu,-3.79,3.32,43.72,34,38,43,28,118,1.1,74,43,25.81146059,209.28,26100000,,,,
711,甘肅,2016,3,Gansu,4.69,13.12,46.14,53,39,28,31,125,1,94,42,29.44501968,212.22,26100000,,,,
712,甘肅,2016,4,Gansu,11.51,18.67,43.62,58,40,16,26,70,0.8,108,25,35.10996391,196.24,26100000,,,,
713,甘肅,2016,5,Gansu,14.16,44.72,48.76,179,41,14,21,89,0.8,115,33,34.00573807,232.56,26100000,,,,
714,甘肅,2016,6,Gansu,19.86,43.2,49.07,270,42,12,22,74,0.7,122,31,30.05334372,240.68,26100000,,,,
715,甘肅,2016,7,Gansu,22.08,60.59,56.52,166,43,11,21,62,0.8,120,28,23.94351844,249.99,26100000,,,,
716,甘肅,2016,8,Gansu,21.57,62.64,64.34,39,44,11,19,61,0.8,108,31,26.85415638,208.64,26100000,,,,
717,甘肅,2016,9,Gansu,15.9,34.29,59.55,82,45,13,28,56,0.8,105,26,30.48726073,170.32,26100000,,,,
718,甘肅,2016,10,Gansu,8.34,0.93,62.12,130,46,17,30,75,1,82,32,33.58339712,155.8,26100000,,,,
719,甘肅,2016,11,Gansu,1.11,0.88,49.9,158,47,40,43,155,1.3,73,60,29.50567204,195.92,26100000,,,,
720,甘肅,2016,12,Gansu,-2.74,0.73,53.72,148,48,44,49,123,1.5,65,63,26.01501313,190.72,26100000,,,,
721,甘肅,2017,1,Gansu,-4.71,1.19,47.07,67,49,45,38,151,1.3,73,65,24.41923741,189.45,26260000,,,,
722,甘肅,2017,2,Gansu,-1.06,6.78,47.81,30,50,37,32,120,1.1,88,52,27.34644571,168.3,26260000,,,,
723,甘肅,2017,3,Gansu,2.45,19.48,53,50,51,25,30,93,0.8,101,38,31.83484033,180.02,26260000,,,,
724,甘肅,2017,4,Gansu,9.95,23.86,50.78,82,52,14,25,86,0.6,111,30,35.24927313,214.18,26260000,,,,
725,甘肅,2017,5,Gansu,14.87,42.32,46.35,176,53,12,24,114,0.5,126,37,33.78261867,264.35,26260000,,,,
726,甘肅,2017,6,Gansu,18.47,59.6,55.76,260,54,11,22,76,0.6,131,26,29.51967104,244.2,26260000,,,,
727,甘肅,2017,7,Gansu,22.33,55.16,55.58,174,55,11,20,58,0.5,128,20,25.30479343,280.24,26260000,,,,
728,甘肅,2017,8,Gansu,18.86,107.59,68.03,52,56,12,20,47,0.5,111,18,26.90118217,186.25,26260000,,,,
729,甘肅,2017,9,Gansu,15.42,36.26,65.6,104,57,13,26,63,0.6,98,23,29.88879543,179.86,26260000,,,,
730,甘肅,2017,10,Gansu,7.78,44.12,71.08,108,58,14,27,67,0.7,75,27,33.42737699,156.38,26260000,,,,
731,甘肅,2017,11,Gansu,1.52,1.15,53.84,209,59,27,39,101,1,72,43,29.45348568,206.1,26260000,,,,
732,甘肅,2017,12,Gansu,-4.52,0.25,48.2,152,60,35,43,153,1.4,66,59,25.87945996,213.6,26260000,,,,
733,甘肅,2018,1,Gansu,-7.58,6.64,56.49,58,61,30,34,115,1.2,70,52,23.30041613,172.46,26370000,,,,
734,甘肅,2018,2,Gansu,-4.28,3.78,47.31,23,62,25,28,111,1,91,44,28.35892976,207.56,26370000,,,,
735,甘肅,2018,3,Gansu,6.93,7.63,43.73,56,63,17,30,166,0.8,105,49,33.57572862,239.08,26370000,,,,
736,甘肅,2018,4,Gansu,10.55,NA,45.58,102,64,12,26,132,0.6,116,39,37.21569913,222.8,26370000,,,,
737,甘肅,2018,5,Gansu,15.32,46.56,49.44,260,65,11,21,113,0.5,127,36,33.9648106,253.46,26370000,,,,
738,甘肅,2018,6,Gansu,19.35,64.28,55.35,336,66,12,21,64,0.5,134,26,29.13862583,225.03,26370000,,,,
739,甘肅,2018,7,Gansu,20.96,117.41,68.34,192,67,10,19,56,0.5,120,24,23.85263528,210.11,26370000,,,,
740,甘肅,2018,8,Gansu,20.33,106.04,71.36,51,68,11,18,54,0.6,114,25,26.11292075,206.08,26370000,,,,
741,甘肅,2018,9,Gansu,13.66,58.2,68.88,73,69,12,22,58,0.6,101,23,30.2776115,166.45,26370000,,,,
742,甘肅,2018,10,Gansu,7.21,9.58,59.5,126,70,16,31,98,0.7,95,38,33.53508675,218.8,26370000,,,,
743,甘肅,2018,11,Gansu,0.54,14.9,60.61,169,71,24,36,146,1,73,54,30.90173301,180.47,26370000,,,,
744,甘肅,2018,12,Gansu,-7.01,2.93,58.97,164,72,28,35,143,1.1,64,61,26.96787934,170.64,26370000,,,,
745,甘肅,2019,1,Gansu,-8.2,2.2,62,94,73,58,75,191,1.94,34,111,25.18550418,187.5,26470000,,,,
746,甘肅,2019,2,Gansu,-3.2,1.9,55,35,74,40,49,137,1.37,70,92,28.20619058,141.1,26470000,,,,
747,甘肅,2019,3,Gansu,4.4,1.3,39,82,75,22,48,113,0.93,99,50,30.93284331,222.5,26470000,,,,
748,甘肅,2019,4,Gansu,12.7,21.7,42,87,76,17,50,132,0.92,108,57,34.82511444,239.8,26470000,,,,
749,甘肅,2019,5,Gansu,14.2,56.7,57,164,77,15,47,123,0.71,139,45,32.85143317,208.2,26470000,,,,
750,甘肅,2019,6,Gansu,18.9,47,65,288,78,13,38,74,0.79,182,39,29.69173226,152.6,26470000,,,,
751,甘肅,2019,7,Gansu,20.6,51.1,65,147,79,9,34,63,0.81,176,35,25.79163761,232.6,26470000,,,,
752,甘肅,2019,8,Gansu,19.8,33,65,53,80,9,34,51,0.76,132,26,27.83717622,202.4,26470000,,,,
753,甘肅,2019,9,Gansu,15.2,29.4,73,121,81,12,48,67,0.83,121,31,30.97367006,199.9,26470000,,,,
754,甘肅,2019,10,Gansu,7.5,30.8,78,135,82,15,51,104,0.97,70,51,33.5535019,158.5,26470000,,,,
755,甘肅,2019,11,Gansu,0.4,0.9,68,195,83,25,57,128,1.04,42,68,30.13765413,189.7,26470000,,,,
756,甘肅,2019,12,Gansu,-6.8,0.5,59,207,84,30,56,110,1.12,38,67,26.23133263,218.5,26470000,,,,
757,甘肅,2020,1,Gansu,-6.2,1.8,66,74,85,33,57,151,1.53,53,117,21.29560759,162.8,25010000,,,,
758,甘肅,2020,2,Gansu,-3.2,0.1,40,15,86,26,39,109,1.1,73,78,21.36084602,225.3,25010000,,,,
759,甘肅,2020,3,Gansu,4.5,3,41,10,87,18,43,92,0.69,94,45,24.32142424,223.3,25010000,,,,
760,甘肅,2020,4,Gansu,9.9,0.3,31,7,88,13,49,103,0.67,119,45,29.20463306,230.3,25010000,,,,
761,甘肅,2020,5,Gansu,15.7,35.5,46,8,89,13,41,99,0.66,136,39,32.31522978,240.4,25010000,,,,
762,甘肅,2020,6,Gansu,20.4,25.6,48,16,90,15,43,101,0.82,181,45,33.37173868,204.5,25010000,,,,
763,甘肅,2020,7,Gansu,21.6,49.2,63,24,91,7,34,63,0.84,168,37,31.7162666,218.6,25010000,,,,
764,甘肅,2020,8,Gansu,19.8,72.4,68,18,92,8,34,54,0.81,132,28,30.30611877,191.8,25010000,,,,
765,甘肅,2020,9,Gansu,14.8,34.1,77,25,93,10,42,68,0.8,120,33,31.34471795,172.7,25010000,,,,
766,甘肅,2020,10,Gansu,7.9,1.6,55,29,94,18,55,116,1.05,75,59,34.77204035,171.6,25010000,,,,
767,甘肅,2020,11,Gansu,0.5,0.1,60,74,95,20,57,119,1.14,52,71,30.68048441,174,25010000,,,,
768,甘肅,2020,12,Gansu,-8.1,NA,56,63,96,27,51,100,1.15,45,56,29.38842847,189.7,25010000,,,,
769,天津,2013,1,Tianjin,-4.23,3.08,66.75,70,1,147,77,242,3.8,22,162,21.79724442,123.2,14720000,,,,
770,天津,2013,2,Tianjin,-1.28,5.95,62.25,19,2,83,45,159,2.3,53,112,33.22908917,146.4,14720000,,,,
771,天津,2013,3,Tianjin,5.2,10.2,51.5,47,3,48,50,153,2,61,90,47.642716,220.05,14720000,,,,
772,天津,2013,4,Tianjin,10.9,5.6,48.25,79,4,26,42,125,1.7,89,68,50.93281063,254.45,14720000,,,,
773,天津,2013,5,Tianjin,19.78,10.33,57.5,126,5,27,45,144,1.6,109,84,43.74293223,250.35,14720000,,,,
774,天津,2013,6,Tianjin,23.28,67.18,73.75,99,6,19,45,144,1.5,137,100,37.59478154,171.3,14720000,,,,
775,天津,2013,7,Tianjin,26.65,155.63,77.25,32,7,12,38,124,1.5,112,74,35.13345095,193.85,14720000,,,,
776,天津,2013,8,Tianjin,27.4,85.43,73.75,22,8,18,32,131,1.6,131,77,38.77944506,222.3,14720000,,,,
777,天津,2013,9,Tianjin,21.33,59.4,72.75,21,9,35,45,124,2,98,77,45.83518331,168.75,14720000,,,,
778,天津,2013,10,Tianjin,14.48,15.25,64.25,38,10,43,59,140,1.7,70,85,49.7806391,210.9,14720000,,,,
779,天津,2013,11,Tianjin,7.13,2.38,50.25,66,11,80,64,161,1.9,32,104,50.31389827,190.65,14720000,,,,
780,天津,2013,12,Tianjin,0.18,2.28,53.25,127,12,132,80,206,2.7,25,120,43.70497465,195.45,14720000,,,,
781,天津,2014,1,Tianjin,-0.43,0,60.75,70,13,119,72,184,2.5,26,113,40.6253761,164.4,15170000,,,,
782,天津,2014,2,Tianjin,-0.1,3.45,63,39,14,101,61,138,2,45,95,43.97090333,123.55,15170000,,,,
783,天津,2014,3,Tianjin,8.75,3.08,56,104,15,70,71,174,1.9,64,108,50.26368884,231,15170000,,,,
784,天津,2014,4,Tianjin,15.38,9.55,55,177,16,35,57,156,1.4,97,83,52.2373094,242.65,15170000,,,,
785,天津,2014,5,Tianjin,20.93,37.15,51.25,359,17,28,49,132,1.4,116,68,44.21332965,298.6,15170000,,,,
786,天津,2014,6,Tianjin,24.23,60.2,67.75,227,18,21,42,93,1.4,145,57,36.53634761,240.95,15170000,,,,
787,天津,2014,7,Tianjin,27.43,58.58,69.5,73,19,22,39,114,1.5,158,73,32.6698841,190.95,15170000,,,,
788,天津,2014,8,Tianjin,25.88,126.18,72,27,20,20,41,99,1.4,124,56,40.32803267,217.5,15170000,,,,
789,天津,2014,9,Tianjin,21.28,35.15,70.75,56,21,22,41,86,1.2,83,55,48.30465807,156.3,15170000,,,,
790,天津,2014,10,Tianjin,14.98,26.43,66.75,106,22,19,53,149,1.1,52,100,52.85159584,146.6,15170000,,,,
791,天津,2014,11,Tianjin,7.4,2.2,58,212,23,53,69,153,1.9,44,108,49.28501054,154.8,15170000,,,,
792,天津,2014,12,Tianjin,-0.48,1.23,43.25,268,24,77,65,151,2,36,105,43.05066467,214.25,15170000,,,,
793,天津,2015,1,Tianjin,-0.63,1.48,53.25,213,25,77,70,156,2.3,35,99,36.98382363,176.45,15470000,,,,
794,天津,2015,2,Tianjin,1.13,11.15,52,55,26,61,52,144,1.7,52,80,40.75545482,170.1,15470000,,,,
795,天津,2015,3,Tianjin,7.65,1.13,45.25,124,27,37,52,159,1.4,62,71,45.13738057,252.2,15470000,,,,
796,天津,2015,4,Tianjin,13.95,46.3,56.75,167,28,16,33,112,1,79,71,50.44134215,237.95,15470000,,,,
797,天津,2015,5,Tianjin,20.4,42.33,53.25,266,29,14,27,85,1,129,49,43.4170902,278.1,15470000,,,,
798,天津,2015,6,Tianjin,24.2,32.3,63.25,220,30,15,33,84,1.3,143,57,38.47195521,216.55,15470000,,,,
799,天津,2015,7,Tianjin,26.28,103.5,71.5,79,31,7,18,88,0.7,116,47,34.7584597,209.6,15470000,,,,
800,天津,2015,8,Tianjin,26.55,64.38,72.25,47,32,11,25,93,1,110,49,37.88904832,225.5,15470000,,,,
801,天津,2015,9,Tianjin,21.45,131.53,71.5,37,33,12,25,74,0.9,80,44,46.16904239,189.9,15470000,,,,
802,天津,2015,10,Tianjin,15.13,17.03,59.75,86,34,17,41,100,1.1,70,53,50.30494565,212.9,15470000,,,,
803,天津,2015,11,Tianjin,4.15,44.25,75.5,157,35,36,57,133,2,36,88,50.58241119,51.15,15470000,,,,
804,天津,2015,12,Tianjin,0.55,0.38,68.75,226,36,45,66,189,2.1,21,125,43.1129627,120.95,15470000,,,,
805,天津,2016,1,Tianjin,-4.1,1.48,50,157,37,36,58,123,1.6,34,73,38.54772758,NA,15620000,,,,
806,天津,2016,2,Tianjin,0.75,11.93,45.75,62,38,26,41,85,1.3,52,50,40.36557056,200,15620000,,,,
807,天津,2016,3,Tianjin,8.38,0,45.25,99,39,29,53,148,1.5,61,80,45.78142116,212.5,15620000,,,,
808,天津,2016,4,Tianjin,15.23,5.75,49.5,142,40,18,43,128,1,97,63,50.64830329,217.3,15620000,,,,
809,天津,2016,5,Tianjin,20.83,45.93,49,304,41,16,42,93,0.9,132,50,45.22089661,NA,15620000,,,,
810,天津,2016,6,Tianjin,24.3,103.43,65.75,232,42,12,35,77,1,151,53,37.57095743,216.5,15620000,,,,
811,天津,2016,7,Tianjin,26.7,199.85,81.25,75,43,7,28,70,0.9,127,52,32.96743377,181.05,15620000,,,,
812,天津,2016,8,Tianjin,26.6,132.93,77.5,25,44,8,31,65,0.9,104,40,39.96009842,191.5,15620000,,,,
813,天津,2016,9,Tianjin,22.55,41.48,68.5,57,45,14,42,83,1.2,124,52,47.59105608,178,15620000,,,,
814,天津,2016,10,Tianjin,13.73,1.15,72.11,88,46,17,50,89,1.4,64,63,53.59604482,114,15620000,,,,
815,天津,2016,11,Tianjin,5.6,11.45,67.75,212,47,27,65,149,2,37,104,49.03594962,98,15620000,,,,
816,天津,2016,12,Tianjin,0.75,3.3,67.75,281,48,34,83,177,2.7,32,134,43.24787461,95.5,15620000,,,,
817,天津,2017,1,Tianjin,-1.36,2,58.8,153,49,31,67,141,2.4,44,108,38.14320828,130.45,15570000,,,,
818,天津,2017,2,Tianjin,2.2,5.5,45.7,74,50,28,64,123,1.6,71,84,42.03141404,160.55,15570000,,,,
819,天津,2017,3,Tianjin,8.5,10.65,44.85,146,51,24,64,112,1.3,98,70,48.03720523,161.3,15570000,,,,
820,天津,2017,4,Tianjin,16.86,2.5,42.25,235,52,19,57,131,1.2,114,64,51.73642797,242.65,15570000,,,,
821,天津,2017,5,Tianjin,22.79,19.55,46.39,483,53,12,40,166,0.9,156,60,45.55595043,322.95,15570000,,,,
822,天津,2017,6,Tianjin,25.55,61.05,52.05,397,54,10,36,84,1,171,46,38.33601258,268.45,15570000,,,,
823,天津,2017,7,Tianjin,28.1,125.55,71.5,132,55,6,30,79,1.1,154,51,34.35956649,191.85,15570000,,,,
824,天津,2017,8,Tianjin,26.6,195.5,72.85,62,56,8,31,58,1.1,141,37,39.09705602,217.95,15570000,,,,
825,天津,2017,9,Tianjin,24,0.95,61.43,91,57,13,40,92,1.2,152,54,45.68937543,236.55,15570000,,,,
826,天津,2017,10,Tianjin,13.8,86.9,68.15,125,58,12,54,78,1.3,63,61,50.64297876,129.55,15570000,,,,
827,天津,2017,11,Tianjin,5.25,0,45.1,252,59,14,58,88,1.1,45,53,49.45880768,205.8,15570000,,,,
828,天津,2017,12,Tianjin,0,0,43.55,405,60,18,61,101,1.5,40,68,43.34659631,190.2,15570000,,,,
829,天津,2018,1,Tianjin,-3.5,6.8,43.9,238,61,19,56,84,1.4,47,51,36.45216821,170.25,15600000,,,,
830,天津,2018,2,Tianjin,-0.95,0,43.8,64,62,17,42,92,1.2,77,61,40.47040754,185,15600000,,,,
831,天津,2018,3,Tianjin,7.65,1.45,51.75,132,63,15,59,116,1.2,94,78,47.76117219,200.55,15600000,,,,
832,天津,2018,4,Tianjin,15.68,NA,50.33,278,64,10,44,124,0.9,129,53,52.92758581,214.85,15600000,,,,
833,天津,2018,5,Tianjin,22.21,18,51.55,488,65,9,41,104,0.9,151,47,45.4700924,242.35,15600000,,,,
834,天津,2018,6,Tianjin,26.65,62.9,58.3,400,66,8,32,80,0.9,198,44,36.77961195,252.6,15600000,,,,
835,天津,2018,7,Tianjin,28.35,207.7,78.3,117,67,5,26,61,0.9,154,42,32.72946466,181.75,15600000,,,,
836,天津,2018,8,Tianjin,27.8,164.15,74.8,39,68,7,31,57,1.1,157,33,38.86087711,215.05,15600000,,,,
837,天津,2018,9,Tianjin,21.85,16.7,57.25,74,69,9,40,60,0.8,117,32,48.01851939,227.8,15600000,,,,
838,天津,2018,10,Tianjin,14.3,14.9,49.25,130,70,13,59,77,1,90,46,55.94917357,237.1,15600000,,,,
839,天津,2018,11,Tianjin,7.15,12.4,65.35,435,71,17,70,116,1.4,50,84,52.86864403,166.9,15600000,,,,
840,天津,2018,12,Tianjin,-1.45,2.85,42.15,755,72,17,61,100,1.2,41,54,44.32068758,175.75,15600000,,,,
841,天津,2019,1,Tianjin,-1.5,NA,38,361,73,19,62,112,1.43,42,81,36.22363666,172.2,15620000,,,,
842,天津,2019,2,Tianjin,-0.3,2.9,47,96,74,14,45,105,1.22,69,78,40.84214887,126,15620000,,,,
843,天津,2019,3,Tianjin,9.9,4.6,37,301,75,11,45,84,0.87,94,54,45.53263204,269.3,15620000,,,,
844,天津,2019,4,Tianjin,14.5,28.3,48,312,76,11,38,95,0.79,112,49,49.74697566,236.5,15620000,,,,
845,天津,2019,5,Tianjin,23.2,21.4,41,443,77,11,33,88,0.65,156,41,42.09834637,314.8,15620000,,,,
846,天津,2019,6,Tianjin,26.6,11.9,55,376,78,9,29,65,0.86,184,42,37.20431711,260.1,15620000,,,,
847,天津,2019,7,Tianjin,28,196.1,71,112,79,6,23,54,0.89,181,41,34.66071867,229.4,15620000,,,,
848,天津,2019,8,Tianjin,25.7,177.5,71,52,80,6,29,44,0.81,129,26,40.20344101,213.8,15620000,,,,
849,天津,2019,9,Tianjin,23.2,18.7,67,106,81,11,41,71,0.92,153,41,47.51762518,243.1,15620000,,,,
850,天津,2019,10,Tianjin,14.4,9.9,60,137,82,10,48,82,0.88,78,50,53.00061473,201.2,15620000,,,,
851,天津,2019,11,Tianjin,7,11.2,57,382,83,13,56,90,1.04,41,51,48.90353705,154.4,15620000,,,,
852,天津,2019,12,Tianjin,-0.5,7.5,58,485,84,10,57,77,1.16,35,61,39.86636748,175.9,15620000,,,,
853,天津,2020,1,Tianjin,-1.1,3.4,62,141,85,12,60,105,1.45,50,101,27.83821186,167.7,13870000,,,,
854,天津,2020,2,Tianjin,1.9,13.5,65,14,86,9,33,62,0.93,68,61,26.12505707,160.9,13870000,,,,
855,天津,2020,3,Tianjin,9.3,13.6,45,8,87,8,37,67,0.7,89,43,31.55662556,265.2,13870000,,,,
856,天津,2020,4,Tianjin,15.3,11.8,37,3,88,9,34,79,0.68,123,40,41.59111862,305.4,13870000,,,,
857,天津,2020,5,Tianjin,20.7,73.3,60,8,89,7,32,63,0.73,129,35,46.13354319,243.6,13870000,,,,
858,天津,2020,6,Tianjin,26.4,46.1,57,6,90,8,29,76,0.83,171,38,35.22053529,211.4,13870000,,,,
859,天津,2020,7,Tianjin,27,108.9,70,3,91,5,23,53,0.85,163,41,18.29732303,186.4,13870000,,,,
860,天津,2020,8,Tianjin,26.3,209.3,80,-,92,5,26,45,0.94,136,34,72.74475116,168.9,13870000,,,,
861,天津,2020,9,Tianjin,21.4,191.5,71,9,93,7,35,44,0.86,113,29,80.11792941,225.7,13870000,,,,
862,天津,2020,10,Tianjin,13.4,4.7,59,16,94,10,52,80,0.85,78,54,101.9266503,239.7,13870000,,,,
863,天津,2020,11,Tianjin,6.9,28.4,57,37,95,10,53,76,0.89,47,47,37.62631298,186.2,13870000,,,,
864,天津,2020,12,Tianjin,-2.4,NA,48,29,96,12,56,78,0.98,38,53,42.50662705,205,13870000,,,,
865,河北,2013,1,Hebei,-7.57,3.24,69.05,133,1,171,78,315,3.8,26,225,13.56161987,146.72,73330000,,,,
866,河北,2013,2,Hebei,-3.73,4.05,60.75,43,2,107,49,215,2.3,55,141,19.97220545,160.35,73330000,,,,
867,河北,2013,3,Hebei,4.28,7.53,49.35,75,3,82,48,201,1.8,69,98,29.33465616,225.65,73330000,,,,
868,河北,2013,4,Hebei,9.9,12.44,45.35,129,4,56,41,152,1.4,89,66,32.03417745,257.28,73330000,,,,
869,河北,2013,5,Hebei,19.74,16.38,50.1,245,5,59,42,174,1.3,122,81,28.76967443,258.72,73330000,,,,
870,河北,2013,6,Hebei,22.57,100.15,68.6,211,6,39,38,163,1.2,136,97,25.2470375,179.72,73330000,,,,
871,河北,2013,7,Hebei,25.14,176.13,75,95,7,29,32,124,1.2,125,68,23.82227748,204.38,73330000,,,,
872,河北,2013,8,Hebei,24.99,116.03,73.05,78,8,36,34,134,1.2,135,69,25.7689092,221.23,73330000,,,,
873,河北,2013,9,Hebei,18.65,63.45,71.7,86,9,42,48,162,1.5,102,87,29.06815891,184.3,73330000,,,,
874,河北,2013,10,Hebei,11.33,24.73,65.35,130,10,49,62,211,1.7,75,112,30.8535377,203.47,73330000,,,,
875,河北,2013,11,Hebei,3.6,2.72,51.15,229,11,73,62,198,1.8,39,99,30.23010628,202.88,73330000,,,,
876,河北,2013,12,Hebei,-3.3,0.45,50.65,316,12,116,75,249,2.7,32,157,26.41183908,199.07,73330000,,,,
877,河北,2014,1,Hebei,-3.48,0.42,51.8,156,13,120,69,246,2.6,33,156,24.00254154,174.75,73840000,,,,
878,河北,2014,2,Hebei,-2.63,6.36,59.1,80,14,95,58,226,2.2,53,154,25.86092731,126.78,73840000,,,,
879,河北,2014,3,Hebei,7.18,4.37,45,131,15,69,57,195,1.7,79,103,29.76002172,235.93,73840000,,,,
880,河北,2014,4,Hebei,14.46,20.25,49.8,209,16,44,45,169,1.1,112,80,32.03495621,235.09,73840000,,,,
881,河北,2014,5,Hebei,19.67,46.14,46.35,396,17,40,40,150,1,139,59,29.76446209,277.86,73840000,,,,
882,河北,2014,6,Hebei,22.89,83.49,63.35,421,18,30,34,108,1,147,61,26.47338197,231.51,73840000,,,,
883,河北,2014,7,Hebei,25.74,69.71,67.45,250,19,26,33,120,1,140,72,24.06754922,199.85,73840000,,,,
884,河北,2014,8,Hebei,23.66,80.54,69.6,136,20,25,34,104,1,130,58,26.03641215,227.73,73840000,,,,
885,河北,2014,9,Hebei,18.44,68.87,72.25,190,21,25,37,106,1.1,91,60,29.42555282,170.34,73840000,,,,
886,河北,2014,10,Hebei,12.4,24.1,66.3,310,22,38,57,189,1.5,70,111,31.17176446,162.87,73840000,,,,
887,河北,2014,11,Hebei,3.91,3.7,55.9,515,23,56,63,183,1.9,44,107,28.92058049,166.07,73840000,,,,
888,河北,2014,12,Hebei,-3.97,2.21,44.8,430,24,88,58,168,2.4,37,99,25.79914011,204.92,73840000,,,,
889,河北,2015,1,Hebei,-3.56,2.1,50.7,287,25,92,63,189,2.6,38,116,23.39561723,185,74250000,,,,
890,河北,2015,2,Hebei,-1.34,8.86,48.2,134,26,68,46,165,1.9,60,96,25.22656871,183.68,74250000,,,,
891,河北,2015,3,Hebei,6.17,3.37,37.15,146,27,50,48,176,1.4,88,79,28.94858998,262.24,74250000,,,,
892,河北,2015,4,Hebei,12.92,39.52,49.85,261,28,32,40,135,1.1,115,65,32.19953931,239.63,74250000,,,,
893,河北,2015,5,Hebei,18.89,48.92,49.3,555,29,27,36,114,0.9,134,55,30.90258982,275.3,74250000,,,,
894,河北,2015,6,Hebei,22.64,66.68,60,600,30,23,32,104,0.9,137,56,26.95463428,206.03,74250000,,,,
895,河北,2015,7,Hebei,24.86,119.54,68.55,398,31,20,30,103,0.9,131,60,23.74682875,206.19,74250000,,,,
896,河北,2015,8,Hebei,23.98,84.99,72.35,169,32,19,35,96,1,122,53,25.61989552,235.83,74250000,,,,
897,河北,2015,9,Hebei,18.71,82.99,73.05,227,33,22,41,86,1,102,44,28.60024109,190.89,74250000,,,,
898,河北,2015,10,Hebei,12.25,16.71,58.65,358,34,28,51,118,1.2,75,58,30.99025227,216.83,74250000,,,,
899,河北,2015,11,Hebei,1.43,45.44,76.1,498,35,42,57,137,1.8,40,92,29.35787299,72.57,74250000,,,,
900,河北,2015,12,Hebei,-2.65,0.87,66.95,559,36,65,71,212,3,29,142,25.61732044,151.85,74250000,,,,
901,河北,2016,1,Hebei,-7.77,2.29,51.7,316,37,62,61,141,2.2,43,92,22.85895449,NA,74700000,,,,
902,河北,2016,2,Hebei,-2.22,10.45,46.65,95,38,48,45,97,1.6,70,61,25.35647084,208.59,74700000,,,,
903,河北,2016,3,Hebei,6.49,1.18,40.95,174,39,44,56,148,1.4,90,72,29.36920803,216.38,74700000,,,,
904,河北,2016,4,Hebei,14.23,12.4,44.2,278,40,28,44,131,1,120,55,33.195614,NA,74700000,,,,
905,河北,2016,5,Hebei,18.83,38.41,49.25,554,41,25,40,97,0.9,146,45,30.1629166,254.28,74700000,,,,
906,河北,2016,6,Hebei,23.22,90.49,59.15,626,42,22,36,86,1,157,47,26.52250684,221.06,74700000,,,,
907,河北,2016,7,Hebei,25.24,201.59,75.7,301,43,17,32,90,1,137,56,23.73761536,170.71,74700000,,,,
908,河北,2016,8,Hebei,24.61,121.25,75.05,163,44,15,33,65,1,109,35,25.49043415,216.28,74700000,,,,
909,河北,2016,9,Hebei,19.61,40.98,70.1,201,45,20,44,95,1,121,51,28.93048953,180.81,74700000,,,,
910,河北,2016,10,Hebei,11.74,1.63,71.45,300,46,23,55,120,1.3,67,67,30.69016786,129.98,74700000,,,,
911,河北,2016,11,Hebei,2.29,9.37,66.55,429,47,39,64,175,1.9,38,101,29.07825728,133.81,74700000,,,,
912,河北,2016,12,Hebei,-2.34,3.45,65.25,432,48,53,76,222,2.9,32,151,25.77248375,134.9,74700000,,,,
913,河北,2017,1,Hebei,-4.81,4.06,60.43,238,49,55,65,200,2.7,43,131,24.07387119,146.4,75200000,,,,
914,河北,2017,2,Hebei,-0.89,5.77,48.7,117,50,50,58,148,1.8,74,95,26.6160874,176.68,75200000,,,,
915,河北,2017,3,Hebei,5.57,7.71,46.61,199,51,33,51,113,1.2,98,62,30.56250375,184.73,75200000,,,,
916,河北,2017,4,Hebei,14.54,5.42,40.79,338,52,28,45,123,1,111,54,33.18621159,251.26,75200000,,,,
917,河北,2017,5,Hebei,20.73,33.13,45.48,708,53,24,38,156,1,161,53,30.38228014,311.58,75200000,,,,
918,河北,2017,6,Hebei,23.37,69.97,54.73,702,54,20,38,96,0.9,183,47,26.70261573,253.93,75200000,,,,
919,河北,2017,7,Hebei,26.11,126.71,73.97,384,55,14,30,86,0.9,158,49,23.64074715,184.46,75200000,,,,
920,河北,2017,8,Hebei,24,155.03,76.16,202,56,15,33,73,0.9,136,40,25.04585808,209.67,75200000,,,,
921,河北,2017,9,Hebei,20.43,18.8,65.06,193,57,21,45,108,1,143,52,28.74438741,238.4,75200000,,,,
922,河北,2017,10,Hebei,10.89,72.36,72.48,319,58,14,48,104,1.1,65,61,31.37553251,145.85,75200000,,,,
923,河北,2017,11,Hebei,1.95,0.48,48.98,553,59,23,53,117,1.2,52,62,30.69623847,214.93,75200000,,,,
924,河北,2017,12,Hebei,-3.57,0.16,47.54,624,60,33,57,127,1.6,45,77,26.79385855,201.06,75200000,,,,
925,河北,2018,1,Hebei,-6.99,1.79,47.21,397,61,32,53,123,1.6,51,75,23.45543262,184.87,75560000,,,,
926,河北,2018,2,Hebei,-3.75,0.47,40.86,139,62,31,41,127,1.4,82,76,25.03017163,200.49,75560000,,,,
927,河北,2018,3,Hebei,6.47,3.13,46.2,169,63,22,48,152,1.3,106,80,29.05164334,216.48,75560000,,,,
928,河北,2018,4,Hebei,13.61,NA,50.87,298,64,19,38,131,1,133,52,33.12332112,216,75560000,,,,
929,河北,2018,5,Hebei,19.91,29.76,53.5,606,65,18,35,111,0.9,153,44,31.52650134,240.71,75560000,,,,
930,河北,2018,6,Hebei,24.71,58.91,55.99,800,66,16,32,86,0.9,194,39,27.1705005,250.15,75560000,,,,
931,河北,2018,7,Hebei,26.39,191.1,78.89,405,67,11,25,67,0.8,148,38,23.33570052,184.56,75560000,,,,
932,河北,2018,8,Hebei,25.54,164.53,77.16,160,68,12,29,59,0.8,144,31,24.94142597,217.12,75560000,,,,
933,河北,2018,9,Hebei,18.27,26.23,64.99,177,69,15,40,69,0.8,114,34,30.25358454,211.89,75560000,,,,
934,河北,2018,10,Hebei,10.53,10.21,55.32,413,70,19,55,100,1,92,50,33.57442538,238.18,75560000,,,,
935,河北,2018,11,Hebei,3.49,4.68,61.78,853,71,22,62,157,1.5,52,86,31.78773084,168.85,75560000,,,,
936,河北,2018,12,Hebei,-5.34,2.52,45.82,890,72,26,57,132,1.5,44,70,26.57767658,186.23,75560000,,,,
937,河北,2019,1,Hebei,-0.7,NA,40,530,73,39,82,232,2.34,30,145,23.51707145,125.4,75920000,,,,
938,河北,2019,2,Hebei,0.7,6.9,53,179,74,21,49,187,1.51,64,121,26.03401981,105.3,75920000,,,,
939,河北,2019,3,Hebei,11.4,NA,32,344,75,17,43,130,0.81,98,62,28.97321846,251.5,75920000,,,,
940,河北,2019,4,Hebei,15,65.6,54,410,76,15,38,92,0.74,115,52,32.32588155,209.9,75920000,,,,
941,河北,2019,5,Hebei,23.3,0.4,42,716,77,19,39,88,0.7,156,34,29.77269667,269.6,75920000,,,,
942,河北,2019,6,Hebei,27.7,38.5,50,830,78,14,31,86,0.83,202,39,27.11558198,208.1,75920000,,,,
943,河北,2019,7,Hebei,28.3,193,66,450,79,11,27,71,0.76,189,37,24.27164317,200.2,75920000,,,,
944,河北,2019,8,Hebei,26.4,54,68,225,80,10,29,56,0.58,136,27,25.97760883,178,75920000,,,,
945,河北,2019,9,Hebei,23.4,70.3,61,289,81,12,47,80,0.75,150,35,29.67829603,229.9,75920000,,,,
946,河北,2019,10,Hebei,15.2,37.6,68,459,82,11,48,87,0.75,76,51,32.00039686,164.1,75920000,,,,
947,河北,2019,11,Hebei,7.4,2.5,58,784,83,13,60,132,1.01,36,72,29.76778586,115,75920000,,,,
948,河北,2019,12,Hebei,0.6,1.8,58,725,84,15,61,135,1.5,27,83,24.41145083,168.4,75920000,,,,
949,河北,2020,1,Hebei,-1,9.1,72,264,85,19,65,210,2.3,46,150,18.95852893,104.6,74640000,,,,
950,河北,2020,2,Hebei,3.9,4.5,58,37,86,11,29,112,1.14,72,79,20.0016628,165.3,74640000,,,,
951,河北,2020,3,Hebei,10.8,11.2,45,25,87,12,40,87,0.8,88,49,24.30253454,237.7,74640000,,,,
952,河北,2020,4,Hebei,15.8,14.6,41,30,88,12,38,67,0.56,117,33,28.85423413,277.8,74640000,,,,
953,河北,2020,5,Hebei,22,54.7,56,33,89,11,34,68,0.57,132,36,27.59130533,233.2,74640000,,,,
954,河北,2020,6,Hebei,27.2,124.6,50,29,90,12,30,81,0.63,183,38,27.02602628,168.8,74640000,,,,
955,河北,2020,7,Hebei,26,128.9,73,17,91,9,25,71,0.66,152,46,29.03132745,122.2,74640000,,,,
956,河北,2020,8,Hebei,26.1,230.5,77,43,92,9,24,54,0.71,140,32,29.61175909,168.6,74640000,,,,
957,河北,2020,9,Hebei,22.6,49.1,63,37,93,9,35,62,0.64,128,31,30.9452601,219,74640000,,,,
958,河北,2020,10,Hebei,14.5,NA,57,49,94,14,56,109,0.9,70,57,29.5640687,213.4,74640000,,,,
959,河北,2020,11,Hebei,8.1,30.6,59,68,95,13,58,127,1.02,39,72,31.40375427,204.4,74640000,,,,
960,河北,2020,12,Hebei,-,0.3,49,95,96,17,58,115,1.19,33,68,31.19660403,223.7,74640000,,,,
961,北京,2013,1,Beijing,-6.83,4.07,62.33,203,1,72,97,205,3.9,16,187,26.30886186,143.4,21150000,,,,
962,北京,2013,2,Beijing,-2.93,3.6,50.67,62,2,47,59,117,1.9,51,102,37.21560138,159.45,21150000,,,,
963,北京,2013,3,Beijing,4.57,14.03,48,159,3,39,68,131,1.5,63,104,51.81399325,201.15,21150000,,,,
964,北京,2013,4,Beijing,10.93,9.07,41.67,163,4,20,45,97,0.9,96,60,55.2052861,247.9,21150000,,,,
965,北京,2013,5,Beijing,20.67,9.17,48,307,5,26,49,132,1,147,81,48.81201025,239.95,21150000,,,,
966,北京,2013,6,Beijing,22.6,145.23,74,244,6,13,47,133,1.4,137,102,44.48431575,127.9,21150000,,,,
967,北京,2013,7,Beijing,26.07,178.77,74.33,106,7,7,37,87,1,146,67,40.25529501,199.65,21150000,,,,
968,北京,2013,8,Beijing,25.53,123.93,73,67,8,5,38,86,0.9,153,61,44.34056225,212.35,21150000,,,,
969,北京,2013,9,Beijing,19.07,60.47,73,69,9,10,51,102,1.2,100,76,50.93738463,163.95,21150000,,,,
970,北京,2013,10,Beijing,11.73,17.17,64.67,122,10,15,63,114,1.2,55,92,55.04769475,189.95,21150000,,,,
971,北京,2013,11,Beijing,4.17,0.07,46,197,11,21,56,99,1.4,41,76,55.63649996,195,21150000,,,,
972,北京,2013,12,Beijing,-2.13,0,42,349,12,39,59,98,1.9,36,78,48.36299988,194.3,21150000,,,,
973,北京,2014,1,Beijing,-2.63,0,43.67,237,13,53,68,130,2,33,97,42.87016238,173.55,21520000,,,,
974,北京,2014,2,Beijing,-2.13,3.77,54.67,75,14,58,71,169,2.2,42,149,46.94866196,97.55,21520000,,,,
975,北京,2014,3,Beijing,8,3.4,37,197,15,34,65,139,1.4,81,93,54.29623575,221.1,21520000,,,,
976,北京,2014,4,Beijing,15.73,17.87,44,381,16,17,59,148,0.9,127,89,59.57021932,208.95,21520000,,,,
977,北京,2014,5,Beijing,20.43,35.5,41.67,780,17,15,50,126,0.9,146,62,50.5461377,251.6,21520000,,,,
978,北京,2014,6,Beijing,23.53,104.37,61,622,18,6,41,83,0.8,171,53,42.20709141,226.4,21520000,,,,
979,北京,2014,7,Beijing,26.6,91.67,63.33,216,19,6,40,123,0.9,170,90,37.78216449,163.7,21520000,,,,
980,北京,2014,8,Beijing,24.67,84.13,63.33,97,20,5,44,97,0.9,169,64,44.11518253,218.4,21520000,,,,
981,北京,2014,9,Beijing,19.13,93.13,69.33,158,21,7,52,98,1,105,67,51.55204675,146.15,21520000,,,,
982,北京,2014,10,Beijing,12.23,20.73,66,274,22,9,74,159,1.4,54,120,54.6263876,117.4,21520000,,,,
983,北京,2014,11,Beijing,4.23,0.07,51,388,23,16,67,133,1.6,37,88,52.63480545,154.6,21520000,,,,
984,北京,2014,12,Beijing,-3.13,0.13,37.33,493,24,28,55,97,1.5,43,57,46.86195352,202.7,21520000,,,,
985,北京,2015,1,Beijing,-2.83,0.9,43,466,25,35,68,129,2,39,98,40.9747955,179.55,21710000,,,,
986,北京,2015,2,Beijing,-0.63,6.5,41,105,26,26,53,131,1.5,59,94,44.19500859,171.95,21710000,,,,
987,北京,2015,3,Beijing,6.97,3.03,32.67,225,27,21,56,150,1.2,85,88,48.98553012,235.15,21710000,,,,
988,北京,2015,4,Beijing,14.17,36.13,44.33,307,28,9,45,121,0.8,124,72,55.97345892,219.55,21710000,,,,
989,北京,2015,5,Beijing,19.97,38.33,44.33,558,29,8,39,100,0.7,153,56,49.65043503,260,21710000,,,,
990,北京,2015,6,Beijing,23.23,65.4,58.33,530,30,6,36,82,1.2,156,61,43.77904149,190.85,21710000,,,,
991,北京,2015,7,Beijing,25.33,143.97,65.33,261,31,4,36,79,0.8,176,61,38.22796223,201.2,21710000,,,,
992,北京,2015,8,Beijing,24.77,82.07,67.33,92,32,3,31,68,0.8,158,44,42.95898373,238.05,21710000,,,,
993,北京,2015,9,Beijing,19.03,116.13,72.33,142,33,4,43,67,0.8,109,49,49.75603883,187.4,21710000,,,,
994,北京,2015,10,Beijing,12.63,13.6,59.67,234,34,5,54,89,1,74,74,55.38617582,209.45,21710000,,,,
995,北京,2015,11,Beijing,2.1,40.33,76.33,415,35,11,61,150,2,24,118,51.94132508,58.35,21710000,,,,
996,北京,2015,12,Beijing,-1.8,2.27,63.33,526,36,19,76,162,2.9,26,151,44.33780086,138.45,21710000,,,,
997,北京,2016,1,Beijing,-6.63,0.9,41.33,260,37,20,52,82,1.6,42,67,38.50467266,NA,21730000,,,,
998,北京,2016,2,Beijing,-0.93,11.4,37.67,72,38,15,35,53,0.9,67,43,43.36261994,NA,21730000,,,,
999,北京,2016,3,Beijing,7.2,0,34.33,169,39,18,57,131,1.2,79,92,49.85154872,NA,21730000,,,,
1000,北京,2016,4,Beijing,15.23,9.33,37.33,231,40,10,44,118,0.8,116,68,55.4607929,NA,21730000,,,,
1001,北京,2016,5,Beijing,19.73,37.13,46.33,419,41,8,37,92,0.7,160,53,48.65561344,NA,21730000,,,,
1002,北京,2016,6,Beijing,24.13,93.03,57.67,386,42,5,35,80,0.8,182,59,42.74675811,198,21730000,,,,
1003,北京,2016,7,Beijing,26.13,272,72,163,43,3,33,82,0.9,158,69,38.26833648,136.5,21730000,,,,
1004,北京,2016,8,Beijing,25.83,82.73,69.67,74,44,2,35,63,0.8,135,46,42.74725362,211,21730000,,,,
1005,北京,2016,9,Beijing,20.03,78.3,69.67,109,45,3,44,81,0.8,107,56,49.04692408,146.5,21730000,,,,
1006,北京,2016,10,Beijing,11.84,2.48,73.44,158,46,4,55,111,1.2,47,84,53.18263989,94,21730000,,,,
1007,北京,2016,11,Beijing,2.6,10.8,62,260,47,11,67,138,1.8,27,99,50.70879715,130,21730000,,,,
1008,北京,2016,12,Beijing,-1.67,0,54.67,320,48,17,79,158,2.5,28,132,44.57729615,NA,21730000,,,,
1009,北京,2017,1,Beijing,-2.71,0.8,50.77,192,49,18,64,146,2.2,41,114,39.79476533,153.95,21710000,,,,
1010,北京,2017,2,Beijing,1,4.45,38.35,63,50,18,53,85,1.3,65,70,44.81720289,174.2,21710000,,,,
1011,北京,2017,3,Beijing,7.8,11.1,40.95,159,51,11,49,92,0.9,85,63,51.63727705,174.9,21710000,,,,
1012,北京,2017,4,Beijing,16.62,0,36.73,259,52,7,48,108,0.7,100,53,57.12157848,248.8,21710000,,,,
1013,北京,2017,5,Beijing,22.61,26.3,42.08,598,53,7,36,137,0.6,159,59,50.35033285,298.85,21710000,,,,
1014,北京,2017,6,Beijing,25.1,97.1,51.85,536,54,6,38,83,0.7,181,42,43.27314074,235,21710000,,,,
1015,北京,2017,7,Beijing,27.45,179.7,73.45,284,55,3,34,77,0.8,170,52,37.21731575,163.95,21710000,,,,
1016,北京,2017,8,Beijing,25.44,262.3,74.9,86,56,3,35,60,0.8,128,38,42.33417394,207.1,21710000,,,,
1017,北京,2017,9,Beijing,21.7,4,65.75,176,57,4,49,98,0.9,120,57,47.63035446,202.7,21710000,,,,
1018,北京,2017,10,Beijing,12.1,62.9,73.9,198,58,3,45,67,0.9,46,57,54.79625478,138.85,21710000,,,,
1019,北京,2017,11,Beijing,2.85,0,46.3,438,59,5,49,73,0.9,45,45,51.54207248,212.85,21710000,,,,
1020,北京,2017,12,Beijing,-2.05,0.9,42.25,646,60,8,49,66,1,42,44,45.1662225,204.05,21710000,,,,
1021,北京,2018,1,Beijing,-4.75,0,35.55,328,61,8,42,64,0.8,52,34,36.47464093,201.5,21540000,,,,
1022,北京,2018,2,Beijing,-2.4,0,35.2,66,62,10,34,74,0.9,76,50,41.92145149,204.7,21540000,,,,
1023,北京,2018,3,Beijing,7.6,3.8,42.75,157,63,10,58,138,1.1,88,90,49.79495592,211.75,21540000,,,,
1024,北京,2018,4,Beijing,15.12,NA,50.49,298,64,7,41,128,0.7,126,64,56.34179528,211.35,21540000,,,,
1025,北京,2018,5,Beijing,21.59,11.95,51.72,523,65,5,39,118,0.7,146,57,49.50453142,223.55,21540000,,,,
1026,北京,2018,6,Beijing,26.35,28.45,53.85,540,66,4,36,75,0.8,183,48,41.30190296,223.55,21540000,,,,
1027,北京,2018,7,Beijing,27.55,357.5,79.1,236,67,3,27,61,0.9,147,49,35.01147884,155.3,21540000,,,,
1028,北京,2018,8,Beijing,27.25,111.05,74.35,49,68,4,28,54,0.8,145,34,41.61761336,194.75,21540000,,,,
1029,北京,2018,9,Beijing,20.15,27,61.95,124,69,4,36,51,0.6,103,31,49.71307617,212.45,21540000,,,,
1030,北京,2018,10,Beijing,11.75,5.25,56.25,214,70,5,49,65,0.7,76,43,57.43603397,233.7,21540000,,,,
1031,北京,2018,11,Beijing,4.6,2.3,57.45,479,71,8,65,104,1.2,40,73,51.4651119,166.45,21540000,,,,
1032,北京,2018,12,Beijing,-4,0.85,38.05,616,72,8,50,81,0.9,44,40,44.01587732,184.8,21540000,,,,
1033,北京,2019,1,Beijing,-1.7,NA,30,308,73,9,50,80,1,44,51,36.79866835,200.3,21540000,,,,
1034,北京,2019,2,Beijing,-0.7,2,39,80,74,6,35,72,0.81,65,53,41.24422282,150.5,21540000,,,,
1035,北京,2019,3,Beijing,9.7,2.5,31,164,75,5,39,80,0.64,86,52,47.29992957,271.3,21540000,,,,
1036,北京,2019,4,Beijing,14.7,39.4,43,224,76,4,34,91,0.55,103,48,53.06972522,246.4,21540000,,,,
1037,北京,2019,5,Beijing,22.3,58.5,38,362,77,4,34,78,0.5,143,37,48.20436472,270.5,21540000,,,,
1038,北京,2019,6,Beijing,26.3,9.4,51,415,78,4,27,60,0.71,179,39,42.55860504,217.8,21540000,,,,
1039,北京,2019,7,Beijing,28,86.8,62,207,79,3,27,50,0.66,159,37,38.04116674,194.9,21540000,,,,
1040,北京,2019,8,Beijing,25.9,63.9,60,74,80,3,26,37,0.57,118,23,41.98893278,205.9,21540000,,,,
1041,北京,2019,9,Beijing,23.1,90.9,58,150,81,3,33,58,0.67,151,36,47.64061727,239.8,21540000,,,,
1042,北京,2019,10,Beijing,13.3,22.9,59,177,82,3,41,66,0.68,42,40,53.13765205,196.4,21540000,,,,
1043,北京,2019,11,Beijing,5.8,21.3,52,375,83,5,48,78,0.8,32,44,49.27661797,151.5,21540000,,,,
1044,北京,2019,12,Beijing,-1.2,5.7,49,429,84,4,46,60,0.85,37,44,40.54471008,197,21540000,,,,
1045,北京,2020,1,Beijing,-1.5,4.7,51,164,85,6,40,65,0.96,53,59,26.82612062,183.4,21890000,,,,
1046,北京,2020,2,Beijing,1,37.7,58,7,86,4,27,57,0.88,66,62,29.20470214,153.2,21890000,,,,
1047,北京,2020,3,Beijing,9.1,11.9,40,5,87,4,25,53,0.48,84,35,38.42892477,253.1,21890000,,,,
1048,北京,2020,4,Beijing,15.7,12.7,32,9,88,4,22,67,0.4,119,31,48.6010788,281.7,21890000,,,,
1049,北京,2020,5,Beijing,21.1,49.3,53,9,89,4,23,62,0.6,124,36,45.71784113,185.3,21890000,,,,
1050,北京,2020,6,Beijing,26.9,35,50,9,90,3,23,67,0.57,174,32,41.21770465,199.4,21890000,,,,
1051,北京,2020,7,Beijing,26.7,108.5,66,5,91,3,21,47,0.67,150,41,43.99990303,150.8,21890000,,,,
1052,北京,2020,8,Beijing,26.7,167.4,72,5,92,3,22,41,0.65,131,28,48.77759972,164.7,21890000,,,,
1053,北京,2020,9,Beijing,21.8,71.1,63,15,93,3,26,35,0.54,96,24,50.94780382,225.4,21890000,,,,
1054,北京,2020,10,Beijing,13.5,1.8,50,15,94,3,41,70,0.56,60,42,50.75428867,243.9,21890000,,,,
1055,北京,2020,11,Beijing,6.5,27.9,50,21,95,3,42,62,0.65,41,37,48.69394681,186.9,21890000,,,,
1056,北京,2020,12,Beijing,-2.2,NA,40,36,96,5,38,56,0.62,40,28,51.39145177,213.6,21890000,,,,
1057,新疆,2013,1,Xinjiang,-10.87,4.31,66.23,84,1,77,95,277,4.4,10,202,11.60272496,177.82,22640000,,,,
1058,新疆,2013,2,Xinjiang,-6.48,4.28,56.7,29,2,52,75,240,4.9,35,175,17.09734537,187.05,22640000,,,,
1059,新疆,2013,3,Xinjiang,6.94,3.64,45.11,48,3,26,57,150,4.1,51,80,24.96378352,245.56,22640000,,,,
1060,新疆,2013,4,Xinjiang,13.15,15.57,37.89,87,4,18,49,112,0.8,68,41,27.33563372,271.12,22640000,,,,
1061,新疆,2013,5,Xinjiang,17,22.44,40.45,146,5,18,45,94,0.7,82,47,25.67587519,297.9,22640000,,,,
1062,新疆,2013,6,Xinjiang,21.26,32.38,44.62,187,6,11,44,98,0.7,100,47,22.64976547,284.91,22640000,,,,
1063,新疆,2013,7,Xinjiang,22.95,30.11,46.65,110,7,9,50,117,0.8,122,50,21.30327377,315.24,22640000,,,,
1064,新疆,2013,8,Xinjiang,22.52,23.88,47.03,64,8,11,53,137,0.9,105,45,22.95528213,281.64,22640000,,,,
1065,新疆,2013,9,Xinjiang,16.92,10.54,44.61,131,9,18,59,147,0.9,75,51,25.46140024,281.74,22640000,,,,
1066,新疆,2013,10,Xinjiang,10.56,5.76,48.82,163,10,30,67,141,1.4,44,70,27.28328201,258.88,22640000,,,,
1067,新疆,2013,11,Xinjiang,-0.4,6.29,61.76,349,11,27,64,190,2.2,20,128,24.99199795,188.6,22640000,,,,
1068,新疆,2013,12,Xinjiang,-6.79,3.88,68.94,349,12,31,63,126,2.2,9,94,21.23704034,159.49,22640000,,,,
1069,新疆,2014,1,Xinjiang,-9.72,6.69,61.44,144,13,30,48,145,1.8,44,87,17.77919607,181.47,22980000,,,,
1070,新疆,2014,2,Xinjiang,-8.79,5.24,55.92,31,14,23,43,130,1.4,66,64,21.01761223,179.58,22980000,,,,
1071,新疆,2014,3,Xinjiang,2.77,4.68,46.52,86,15,22,47,207,1.2,85,78,24.36077251,251.64,22980000,,,,
1072,新疆,2014,4,Xinjiang,11.41,11.9,35.06,95,16,11,30,307,0.7,86,72,28.53306381,249.26,22980000,,,,
1073,新疆,2014,5,Xinjiang,17.47,11.06,31.17,229,17,13,29,202,0.7,96,51,25.09082433,307.04,22980000,,,,
1074,新疆,2014,6,Xinjiang,21.34,23.87,41.36,265,18,14,28,93,0.7,112,31,22.71314701,294.04,22980000,,,,
1075,新疆,2014,7,Xinjiang,23.66,19.97,42.15,103,19,14,29,95,0.9,113,31,20.56477292,306.72,22980000,,,,
1076,新疆,2014,8,Xinjiang,22.29,11.43,42.44,80,20,10,33,101,1.1,104,34,22.97579038,302.99,22980000,,,,
1077,新疆,2014,9,Xinjiang,16.46,14.63,47.06,125,21,12,38,138,1.2,79,46,26.76431965,263.61,22980000,,,,
1078,新疆,2014,10,Xinjiang,9.11,11.41,53.82,251,22,13,47,141,1.5,57,50,27.134979,238.19,22980000,,,,
1079,新疆,2014,11,Xinjiang,-0.7,9.42,61.92,405,23,12,37,98,1.4,42,41,24.47886807,180.66,22980000,,,,
1080,新疆,2014,12,Xinjiang,-10.02,4.1,64.26,298,24,25,50,152,2.2,37,90,20.67102248,166.87,22980000,,,,
1081,新疆,2015,1,Xinjiang,-8.37,5.16,64.42,139,25,34,42,134,2.1,51,75,19.44710246,166.42,23600000,,,,
1082,新疆,2015,2,Xinjiang,-4.53,5.16,58.53,65,26,41,34,162,1.8,64,69,22.12379523,180.62,23600000,,,,
1083,新疆,2015,3,Xinjiang,3.55,6.94,45.23,117,27,21,25,202,1.3,78,61,24.9886575,235.57,23600000,,,,
1084,新疆,2015,4,Xinjiang,12.51,12.07,39.14,146,28,15,22,203,0.9,86,60,27.85711547,264.57,23600000,,,,
1085,新疆,2015,5,Xinjiang,18.69,21.94,39.77,324,29,13,18,129,0.8,89,42,26.07954418,297.21,23600000,,,,
1086,新疆,2015,6,Xinjiang,21.26,33.68,45.18,445,30,10,17,101,0.7,101,31,23.22705427,283.18,23600000,,,,
1087,新疆,2015,7,Xinjiang,25.65,16.7,40.29,204,31,11,21,121,0.8,109,39,20.47344005,322.17,23600000,,,,
1088,新疆,2015,8,Xinjiang,22.56,29.23,43.88,112,32,11,21,126,0.9,97,39,22.50025204,281.09,23600000,,,,
1089,新疆,2015,9,Xinjiang,14.71,21.43,52.09,171,33,9,21,82,0.9,83,27,26.08437654,252.01,23600000,,,,
1090,新疆,2015,10,Xinjiang,8.95,8.42,51.27,348,34,12,30,130,1.1,68,47,27.37677674,238.69,23600000,,,,
1091,新疆,2015,11,Xinjiang,1.14,15.68,66.91,492,35,19,35,109,1.6,49,58,25.44660327,158.24,23600000,,,,
1092,新疆,2015,12,Xinjiang,-6.96,9.89,70.35,548,36,23,41,127,2.1,42,88,21.38819793,141.92,23600000,,,,
1093,新疆,2016,1,Xinjiang,-9.94,6.04,68.64,259,37,26,43,162,2.3,47,99,18.93658492,NA,23980000,,,,
1094,新疆,2016,2,Xinjiang,-6.96,3.03,59.53,72,38,27,40,239,2.1,66,112,20.41512957,NA,23980000,,,,
1095,新疆,2016,3,Xinjiang,5.56,6.09,47.77,112,39,16,29,288,1.3,77,105,23.52533548,NA,23980000,,,,
1096,新疆,2016,4,Xinjiang,14.02,17.47,40.65,120,40,9,21,137,0.8,99,46,27.14933296,NA,23980000,,,,
1097,新疆,2016,5,Xinjiang,16.71,26.05,41.7,256,41,8,19,199,0.7,100,64,25.51767824,246.17,23980000,,,,
1098,新疆,2016,6,Xinjiang,23.52,33.21,42.42,285,42,9,19,91,0.8,110,31,23.15958792,296.83,23980000,,,,
1099,新疆,2016,7,Xinjiang,24.26,34.66,47.98,164,43,8,19,83,0.8,108,29,20.80294643,274.76,23980000,,,,
1100,新疆,2016,8,Xinjiang,21.86,34.74,53.73,78,44,8,23,71,0.9,99,26,23.97417154,228.82,23980000,,,,
1101,新疆,2016,9,Xinjiang,18.91,11.92,49,193,45,9,28,83,1,98,26,27.01974409,232.55,23980000,,,,
1102,新疆,2016,10,Xinjiang,7.05,0.58,56.26,360,46,12,30,131,1.2,67,45,28.46213014,199.93,23980000,,,,
1103,新疆,2016,11,Xinjiang,-1.96,17.06,60.14,555,47,21,39,136,1.7,54,62,24.95290572,161.44,23980000,,,,
1104,新疆,2016,12,Xinjiang,-5.21,9.28,72.33,541,48,23,45,147,2.2,44,91,21.18209636,124.84,23980000,,,,
1105,新疆,2017,1,Xinjiang,-10.45,3.47,69.14,217,49,28,52,161,2.4,54,112,19.18130611,153.01,24450000,,,,
1106,新疆,2017,2,Xinjiang,-3.64,5.87,61.75,81,50,23,45,204,1.9,70,94,21.72494247,146.39,24450000,,,,
1107,新疆,2017,3,Xinjiang,2.96,3.91,49.2,145,51,15,31,168,1.2,84,69,24.86306331,200.14,24450000,,,,
1108,新疆,2017,4,Xinjiang,13.11,12.21,43.04,194,52,11,24,130,0.8,100,43,27.562467,238.86,24450000,,,,
1109,新疆,2017,5,Xinjiang,19.83,10.86,32.77,306,53,11,24,116,0.8,117,41,25.50014449,328.57,24450000,,,,
1110,新疆,2017,6,Xinjiang,23.67,23.94,40.28,443,54,9,21,86,0.8,119,29,22.24248792,286.65,24450000,,,,
1111,新疆,2017,7,Xinjiang,25.6,19.36,43.59,152,55,9,20,85,0.8,128,27,20.68677581,300.19,24450000,,,,
1112,新疆,2017,8,Xinjiang,22.28,19.68,46.56,84,56,9,22,83,0.8,118,26,23.46221444,280.66,24450000,,,,
1113,新疆,2017,9,Xinjiang,17.72,23.7,43.53,200,57,9,28,111,0.9,106,34,27.41595393,275.29,24450000,,,,
1114,新疆,2017,10,Xinjiang,8.71,5.66,48.01,356,58,12,35,146,1.2,82,50,28.30012568,237.14,24450000,,,,
1115,新疆,2017,11,Xinjiang,1.01,3.76,55.63,563,59,15,40,122,1.6,61,57,25.07024772,203.69,24450000,,,,
1116,新疆,2017,12,Xinjiang,-6.66,3.68,63.56,522,60,17,40,127,1.9,49,76,21.33278142,158.24,24450000,,,,
1117,新疆,2018,1,Xinjiang,-12.86,2.6,60.51,225,61,20,43,178,2.1,55,94,19.02960151,185.16,24870000,,,,
1118,新疆,2018,2,Xinjiang,-6.26,1.08,55.79,75,62,17,37,150,1.8,80,78,21.67702456,197.53,24870000,,,,
1119,新疆,2018,3,Xinjiang,8.14,9.65,45.01,129,63,11,26,259,1.1,89,64,25.20025778,214.63,24870000,,,,
1120,新疆,2018,4,Xinjiang,13.2,NA,34.56,196,64,9,20,268,0.7,105,74,28.28326457,234.25,24870000,,,,
1121,新疆,2018,5,Xinjiang,17.31,20.26,35.1,350,65,8,19,168,0.6,114,48,26.54777273,282.88,24870000,,,,
1122,新疆,2018,6,Xinjiang,23.55,16.75,38.67,503,66,8,18,97,0.6,120,30,23.40799361,279.17,24870000,,,,
1123,新疆,2018,7,Xinjiang,24.7,21.44,41.95,262,67,8,19,96,0.6,119,29,20.85273628,293.54,24870000,,,,
1124,新疆,2018,8,Xinjiang,23.59,23.53,46.05,112,68,9,21,117,0.6,110,27,23.18796941,287.11,24870000,,,,
1125,新疆,2018,9,Xinjiang,16.35,10.21,43.12,219,69,9,25,104,0.7,94,32,27.00195053,272.84,24870000,,,,
1126,新疆,2018,10,Xinjiang,8.86,6.31,44.69,464,70,10,33,107,0.9,75,35,28.07593457,252.95,24870000,,,,
1127,新疆,2018,11,Xinjiang,-1.49,8.84,59.72,654,71,12,35,145,1.3,55,58,24.53511448,164.59,24870000,,,,
1128,新疆,2018,12,Xinjiang,-10.85,4.49,59.54,431,72,15,42,206,1.8,49,85,20.73307299,168.95,24870000,,,,
1129,新疆,2019,1,Xinjiang,-11.3,2.5,78,233,73,10,64,167,2.15,35,127,19.05027919,138.9,25230000,,,,
1130,新疆,2019,2,Xinjiang,-11,11.5,78,71,74,10,57,135,1.71,61,108,22.3821297,145.2,25230000,,,,
1131,新疆,2019,3,Xinjiang,1.1,NA,69,146,75,9,51,107,1.52,77,72,24.91930767,226.1,25230000,,,,
1132,新疆,2019,4,Xinjiang,13.4,23.5,46,188,76,7,31,68,0.63,100,19,27.42773444,269,25230000,,,,
1133,新疆,2019,5,Xinjiang,14.9,61,46,261,77,7,29,73,0.53,107,21,24.97813091,235.2,25230000,,,,
1134,新疆,2019,6,Xinjiang,21.9,15.6,43,294,78,7,26,42,0.53,114,13,22.74783459,277.9,25230000,,,,
1135,新疆,2019,7,Xinjiang,25.7,6.7,36,163,79,8,27,60,0.55,129,17,21.32628593,314.4,25230000,,,,
1136,新疆,2019,8,Xinjiang,24.9,5.4,38,83,80,8,32,61,0.57,120,18,23.95380768,273.4,25230000,,,,
1137,新疆,2019,9,Xinjiang,19.1,31.7,45,177,81,9,35,72,0.63,98,20,27.13471558,250.4,25230000,,,,
1138,新疆,2019,10,Xinjiang,9.9,13.9,46,317,82,10,46,78,0.81,60,28,28.30503594,247.6,25230000,,,,
1139,新疆,2019,11,Xinjiang,-1.9,36.7,68,487,83,10,47,83,1.13,36,51,24.86526354,156,25230000,,,,
1140,新疆,2019,12,Xinjiang,-7.6,18.4,75,388,84,8,58,116,1.89,28,106,20.28987483,131.4,25230000,,,,
1141,新疆,2020,1,Xinjiang,-9.3,9.7,73,136,85,9,66,121,1.9,45,131,16.21587092,140,25900000,,,,
1142,新疆,2020,2,Xinjiang,-4.8,6.3,69,20,86,9,38,82,1.39,85,80,18.06617752,181.5,25900000,,,,
1143,新疆,2020,3,Xinjiang,2.9,18.6,53,18,87,9,31,66,0.9,83,32,21.46579585,248.9,25900000,,,,
1144,新疆,2020,4,Xinjiang,16.4,1.3,29,22,88,8,28,116,0.62,106,25,24.96480844,265.2,25900000,,,,
1145,新疆,2020,5,Xinjiang,19.9,19.6,32,20,89,8,26,71,0.51,108,18,24.97829369,267.2,25900000,,,,
1146,新疆,2020,6,Xinjiang,21.7,38.2,35,27,90,8,26,67,0.6,110,17,23.17581321,275.5,25900000,,,,
1147,新疆,2020,7,Xinjiang,23.8,17.8,42,21,91,8,20,40,0.53,117,14,21.4714981,271,25900000,,,,
1148,新疆,2020,8,Xinjiang,23.3,29.9,41,7,92,8,11,30,0.53,115,19,22.78032909,282.8,25900000,,,,
1149,新疆,2020,9,Xinjiang,16.1,5.1,43,12,93,9,31,58,0.58,85,20,25.63641965,237.1,25900000,,,,
1150,新疆,2020,10,Xinjiang,8,23.1,48,20,94,10,44,86,0.82,64,34,28.22248944,256.7,25900000,,,,
1151,新疆,2020,11,Xinjiang,-1.3,15.9,65,31,95,11,45,80,1.09,35,43,25.20025927,143.2,25900000,,,,
1152,新疆,2020,12,Xinjiang,-12.3,8.8,76,29,96,7,68,145,2.04,29,143,24.04670372,150.3,25900000,,,,
1153,遼寧,2013,1,Liaoning,-11,3.92,64.6,218,1,177,48,204,2.2,30,153,23.66338047,172.38,43900000,,,,
1154,遼寧,2013,2,Liaoning,-6.81,15.2,59,68,2,95,31,103,1.2,64,70,34.29543487,187.18,43900000,,,,
1155,遼寧,2013,3,Liaoning,0.13,16.98,56.68,131,3,60,31,110,1.1,68,63,48.78381102,231.93,43900000,,,,
1156,遼寧,2013,4,Liaoning,6.72,40.48,55.6,170,4,24,26,97,0.9,87,49,52.15497439,251.19,43900000,,,,
1157,遼寧,2013,5,Liaoning,17.82,25.25,58.08,256,5,24,32,112,0.9,115,58,48.26150871,275.15,43900000,,,,
1158,遼寧,2013,6,Liaoning,21.37,80.17,70.76,238,6,18,35,75,0.8,105,44,44.63970227,205.95,43900000,,,,
1159,遼寧,2013,7,Liaoning,24.35,202.69,80.48,171,7,16,31,67,0.7,97,36,41.29981249,203.36,43900000,,,,
1160,遼寧,2013,8,Liaoning,24.43,116.62,78.52,88,8,20,28,79,0.8,92,44,43.80696776,204.11,43900000,,,,
1161,遼寧,2013,9,Liaoning,18.21,58.1,72.24,113,9,27,35,70,0.7,96,39,47.67345935,232.19,43900000,,,,
1162,遼寧,2013,10,Liaoning,10.57,66.74,69,136,10,30,43,104,1.2,72,63,52.76322803,205.67,43900000,,,,
1163,遼寧,2013,11,Liaoning,2.68,27.42,59.92,247,11,77,44,104,1.2,40,63,51.79022916,175.27,43900000,,,,
1164,遼寧,2013,12,Liaoning,-5.87,3.32,60.2,345,12,112,49,123,1.7,17,82,46.86937186,189.96,43900000,,,,
1165,遼寧,2014,1,Liaoning,-6.82,3.74,56.96,228,13,89,42,112,1.9,42,71,41.78429304,186.64,43910000,,,,
1166,遼寧,2014,2,Liaoning,-4.88,4.23,50.48,92,14,89,40,124,1.9,61,82,45.10455558,168.23,43910000,,,,
1167,遼寧,2014,3,Liaoning,3.9,7.08,51.4,185,15,57,41,110,1.6,81,65,50.36650373,247.59,43910000,,,,
1168,遼寧,2014,4,Liaoning,12.52,4.82,45.32,249,16,30,40,116,1.3,103,58,54.99749118,259.91,43910000,,,,
1169,遼寧,2014,5,Liaoning,16.81,74.53,59.32,461,17,22,35,86,1.1,120,44,50.42771337,252.15,43910000,,,,
1170,遼寧,2014,6,Liaoning,21.77,116.16,71.56,467,18,17,30,71,1.1,120,44,45.77896599,207.43,43910000,,,,
1171,遼寧,2014,7,Liaoning,24.28,83.65,74,308,19,16,25,76,1.2,129,49,41.30714376,208.08,43910000,,,,
1172,遼寧,2014,8,Liaoning,23.72,58.69,72,141,20,19,28,72,1.2,129,42,45.9886575,253.52,43910000,,,,
1173,遼寧,2014,9,Liaoning,17.6,48.76,66.56,247,21,23,36,68,1.2,104,33,52.33941199,252.46,43910000,,,,
1174,遼寧,2014,10,Liaoning,11.42,24.89,59.56,452,22,31,42,119,1.3,90,70,57.03884084,203.2,43910000,,,,
1175,遼寧,2014,11,Liaoning,3.17,10.59,56.6,904,23,70,49,123,1.8,54,74,52.77981146,181.05,43910000,,,,
1176,遼寧,2014,12,Liaoning,-7.72,5.17,55.36,973,24,86,44,99,1.7,39,60,45.93026006,190.84,43910000,,,,
1177,遼寧,2015,1,Liaoning,-7.4,7.28,59.36,622,25,92,44,109,1.8,38,72,40.56679224,180.92,43820000,,,,
1178,遼寧,2015,2,Liaoning,-4.07,19.93,56.92,225,26,75,38,134,1.6,49,73,44.15691059,186.83,43820000,,,,
1179,遼寧,2015,3,Liaoning,2.7,6.22,49.44,386,27,48,35,115,1.4,67,59,49.12275949,242.58,43820000,,,,
1180,遼寧,2015,4,Liaoning,11.13,47.42,50.56,462,28,25,32,105,1.3,91,52,55.00693448,246.65,43820000,,,,
1181,遼寧,2015,5,Liaoning,17.28,60.21,51.88,873,29,20,27,83,0.9,124,38,51.16669263,286.19,43820000,,,,
1182,遼寧,2015,6,Liaoning,20.96,106.24,71.52,976,30,14,23,58,0.8,131,34,45.73353369,214.15,43820000,,,,
1183,遼寧,2015,7,Liaoning,24.11,94.45,71.88,509,31,12,21,56,0.8,117,33,39.65249273,231.71,43820000,,,,
1184,遼寧,2015,8,Liaoning,23.84,132.63,77.64,188,32,13,21,57,1,117,33,42.59993373,229.93,43820000,,,,
1185,遼寧,2015,9,Liaoning,19,21.81,67.04,244,33,18,30,59,1,105,31,49.08534269,250.75,43820000,,,,
1186,遼寧,2015,10,Liaoning,10.67,47.41,59.92,331,34,21,35,80,1.1,85,47,55.61324466,214.23,43820000,,,,
1187,遼寧,2015,11,Liaoning,-0.43,33.82,66.68,680,35,57,42,129,1.6,55,99,54.00726489,109.42,43820000,,,,
1188,遼寧,2015,12,Liaoning,-4.42,11.04,66.76,892,36,78,44,118,1.8,43,85,48.06158837,144.45,43820000,,,,
1189,遼寧,2016,1,Liaoning,-11.15,0.92,52.64,608,37,74,38,95,1.5,53,61,40.96821203,NA,43780000,,,,
1190,遼寧,2016,2,Liaoning,-5.01,15.78,53.88,188,38,58,30,77,1.2,70,46,43.60251292,196.73,43780000,,,,
1191,遼寧,2016,3,Liaoning,3.85,6.99,50.52,281,39,44,34,114,1.2,95,57,48.77161223,243.52,43780000,,,,
1192,遼寧,2016,4,Liaoning,11.27,30.39,49.52,370,40,21,28,103,1.1,115,41,54.49989138,NA,43780000,,,,
1193,遼寧,2016,5,Liaoning,17.32,133.32,55.28,564,41,19,28,74,1.1,145,35,50.8949771,247.48,43780000,,,,
1194,遼寧,2016,6,Liaoning,21.68,90.21,68.16,606,42,15,23,55,1.2,144,34,45.0200193,215.09,43780000,,,,
1195,遼寧,2016,7,Liaoning,24.56,220.8,78.2,320,43,10,20,54,1,120,34,39.89432374,185.61,43780000,,,,
1196,遼寧,2016,8,Liaoning,24.2,140.44,76.04,103,44,13,22,49,0.9,110,27,43.7319717,223.17,43780000,,,,
1197,遼寧,2016,9,Liaoning,18.79,57.76,77.08,171,45,16,25,53,1,103,32,50.40559022,159.74,43780000,,,,
1198,遼寧,2016,10,Liaoning,9.94,1.15,65.28,224,46,23,33,69,1,73,43,57.6984857,167.78,43780000,,,,
1199,遼寧,2016,11,Liaoning,0.29,14.38,63.16,511,47,49,39,96,1.2,54,64,53.52039862,142.04,43780000,,,,
1200,遼寧,2016,12,Liaoning,-4.85,7.98,65.36,596,48,60,43,109,1.4,47,75,47.17161265,127.39,43780000,,,,
1201,遼寧,2017,1,Liaoning,-7.44,10.41,59.38,284,49,65,44,114,1.5,58,77,42.70508705,165.35,43690000,,,,
1202,遼寧,2017,2,Liaoning,-3.93,13.24,55.54,147,50,47,36,89,1.2,79,60,47.82177436,171.04,43690000,,,,
1203,遼寧,2017,3,Liaoning,3.05,0.55,49.03,346,51,38,39,98,1,100,62,52.74357515,210.08,43690000,,,,
1204,遼寧,2017,4,Liaoning,12.1,22.7,47.1,385,52,20,29,92,0.9,115,42,56.32822179,259.3,43690000,,,,
1205,遼寧,2017,5,Liaoning,17.52,40.43,56.08,658,53,13,22,90,0.8,137,34,52.17275887,289.37,43690000,,,,
1206,遼寧,2017,6,Liaoning,21.8,38.49,61.38,828,54,15,26,61,0.8,147,33,47.26976382,252.25,43690000,,,,
1207,遼寧,2017,7,Liaoning,25.55,131.3,77.19,449,55,10,22,53,0.8,146,30,41.05881239,197.73,43690000,,,,
1208,遼寧,2017,8,Liaoning,23.56,209.57,80.25,157,56,12,21,42,0.8,106,22,44.20131625,197.85,43690000,,,,
1209,遼寧,2017,9,Liaoning,18.91,38.81,72.1,230,57,17,28,58,0.9,113,30,51.21957174,224.5,43690000,,,,
1210,遼寧,2017,10,Liaoning,10.27,45.33,61.79,342,58,20,36,73,1,79,44,58.0663657,194.95,43690000,,,,
1211,遼寧,2017,11,Liaoning,1.02,14,50.52,719,59,31,33,71,0.9,61,38,55.58283381,195.43,43690000,,,,
1212,遼寧,2017,12,Liaoning,-6.78,0.74,51.45,960,60,48,41,89,1.3,48,56,49.28998457,184.08,43690000,,,,
1213,遼寧,2018,1,Liaoning,-10.47,4.32,50.32,638,61,44,39,79,1.2,56,49,42.04227077,194.88,43590000,,,,
1214,遼寧,2018,2,Liaoning,-7.49,4.73,48.21,214,62,40,34,87,1.2,76,57,44.16108451,199.6,43590000,,,,
1215,遼寧,2018,3,Liaoning,2.63,13.77,55.04,282,63,30,34,89,1.1,103,57,50.36651194,212.28,43590000,,,,
1216,遼寧,2018,4,Liaoning,11.03,NA,51.21,401,64,18,26,93,0.8,123,39,57.24572378,209.13,43590000,,,,
1217,遼寧,2018,5,Liaoning,17.36,53.24,58.59,797,65,16,25,75,0.8,136,33,53.51798789,238.95,43590000,,,,
1218,遼寧,2018,6,Liaoning,21.65,63.81,71.26,855,66,14,22,52,0.8,151,29,45.58776879,220.02,43590000,,,,
1219,遼寧,2018,7,Liaoning,25.49,88.7,80.79,353,67,9,17,40,0.7,106,23,38.33200557,173.71,43590000,,,,
1220,遼寧,2018,8,Liaoning,24.89,230.46,77.72,99,68,13,22,43,0.8,108,21,43.00980169,207.53,43590000,,,,
1221,遼寧,2018,9,Liaoning,17.74,64.2,70.15,138,69,15,27,47,0.8,99,23,51.80746629,235.36,43590000,,,,
1222,遼寧,2018,10,Liaoning,9.93,36.52,60.81,245,70,17,34,65,0.9,82,35,59.03583123,238.5,43590000,,,,
1223,遼寧,2018,11,Liaoning,2.57,11.59,59.9,472,71,30,42,90,1.2,57,54,56.3524405,177.11,43590000,,,,
1224,遼寧,2018,12,Liaoning,-6.65,12.53,51.59,631,72,32,37,77,1.2,54,44,49.77410455,187.54,43590000,,,,
1225,遼寧,2019,1,Liaoning,-7.7,0.2,49,450,73,32,49,116,1.36,44,70,44.40871025,212.7,43520000,,,,
1226,遼寧,2019,2,Liaoning,-5.9,3.6,45,182,74,31,42,102,1.16,65,71,47.63675887,194.4,43520000,,,,
1227,遼寧,2019,3,Liaoning,4.2,12,44,343,75,25,42,110,0.96,90,61,51.66188044,232,43520000,,,,
1228,遼寧,2019,4,Liaoning,10.8,4.1,40,418,76,20,34,106,0.74,105,40,55.34268906,242,43520000,,,,
1229,遼寧,2019,5,Liaoning,19.4,89.4,44,538,77,20,26,82,0.69,130,32,51.53944516,267.1,43520000,,,,
1230,遼寧,2019,6,Liaoning,21.7,108.9,67,587,78,14,29,44,0.77,130,23,46.89436661,201.2,43520000,,,,
1231,遼寧,2019,7,Liaoning,25.9,107.5,73,380,79,10,23,47,0.89,147,27,42.17786808,179.1,43520000,,,,
1232,遼寧,2019,8,Liaoning,23.2,446.9,83,119,80,11,24,34,0.77,93,19,46.20368485,134.6,43520000,,,,
1233,遼寧,2019,9,Liaoning,19.1,30,73,217,81,18,36,57,0.93,104,26,52.29513853,233.4,43520000,,,,
1234,遼寧,2019,10,Liaoning,10.4,9.4,62,300,82,20,42,89,0.99,78,46,58.36600927,211,43520000,,,,
1235,遼寧,2019,11,Liaoning,0.2,41.6,57,559,83,24,41,67,0.83,42,37,54.93908241,182.6,43520000,,,,
1236,遼寧,2019,12,Liaoning,-7.4,21.1,66,617,84,29,47,87,1.13,37,62,44.56675645,136.5,43520000,,,,
1237,遼寧,2020,1,Liaoning,-9.9,2,70,305,85,32,57,138,1.54,51,108,30.24729033,203.6,42550000,,,,
1238,遼寧,2020,2,Liaoning,-4.5,24.3,65,9,86,18,30,75,0.97,71,51,33.22878936,231.9,42550000,,,,
1239,遼寧,2020,3,Liaoning,3.9,10,51,15,87,16,32,73,0.69,86,39,37.62587894,275.8,42550000,,,,
1240,遼寧,2020,4,Liaoning,10.1,16.4,41,7,88,17,39,120,0.82,117,60,51.78425861,318.4,42550000,,,,
1241,遼寧,2020,5,Liaoning,17,127.2,65,8,89,14,26,62,0.66,112,23,51.20707767,281.4,42550000,,,,
1242,遼寧,2020,6,Liaoning,23.4,46,61,13,90,16,30,55,0.73,139,23,54.21956034,244.2,42550000,,,,
1243,遼寧,2020,7,Liaoning,25.2,55.7,68,17,91,14,28,54,0.89,152,28,51.17358445,236.4,42550000,,,,
1244,遼寧,2020,8,Liaoning,24.5,333.5,81,9,92,10,24,38,0.82,107,20,54.44653286,142,42550000,,,,
1245,遼寧,2020,9,Liaoning,18,82.8,78,28,93,12,30,44,0.77,77,22,56.79436212,156,42550000,,,,
1246,遼寧,2020,10,Liaoning,9.2,13,65,38,94,21,42,83,1.03,71,40,61.26748617,233.8,42550000,,,,
1247,遼寧,2020,11,Liaoning,2.1,41.5,59,71,95,24,40,79,0.93,48,43,53.4483607,178.2,42550000,,,,
1248,遼寧,2020,12,Liaoning,-8.4,NA,55,85,96,25,43,75,1.01,42,46,53.28605408,203.9,42550000,,,,
1249,吉林,2013,1,Jilin,-17.57,4.9,68.41,104,1,95,73,269,2.1,49,223,20.67802999,146.49,27510000,,,,
1250,吉林,2013,2,Jilin,-13.78,19.2,62.52,23,2,61,39,100,1.3,80,73,31.82417028,180.01,27510000,,,,
1251,吉林,2013,3,Jilin,-4.12,18.06,58.9,71,3,43,39,88,1,85,46,44.72474245,221.8,27510000,,,,
1252,吉林,2013,4,Jilin,3.82,39.07,59.17,90,4,18,37,140,1.1,86,49,49.10676489,190.47,27510000,,,,
1253,吉林,2013,5,Jilin,15.88,55.05,57.97,157,5,14,36,130,0.9,115,50,44.3271772,242.12,27510000,,,,
1254,吉林,2013,6,Jilin,19.97,103.14,68.43,204,6,8,39,89,0.7,114,40,40.07742962,216.64,27510000,,,,
1255,吉林,2013,7,Jilin,22.27,194.47,80.23,95,7,4,30,67,0.6,87,28,36.5636685,187.38,27510000,,,,
1256,吉林,2013,8,Jilin,21.31,168.14,79.8,54,8,6,25,89,0.7,94,39,39.67450678,192.97,27510000,,,,
1257,吉林,2013,9,Jilin,14.7,39.49,69.73,86,9,11,35,86,0.7,83,33,45.3492673,228.98,27510000,,,,
1258,吉林,2013,10,Jilin,6.87,45.94,67.17,131,10,26,55,174,1.2,70,115,49.01393466,183.77,27510000,,,,
1259,吉林,2013,11,Jilin,-1.67,37.7,67.1,241,11,61,45,127,1.1,43,74,45.68778587,135.93,27510000,,,,
1260,吉林,2013,12,Jilin,-11.92,7.01,70.17,302,12,102,58,146,1.4,29,106,39.62379378,144.85,27510000,,,,
1261,吉林,2014,1,Jilin,-13.82,4.88,60.52,118,13,66,45,134,1.5,49,94,36.81581492,178.72,27520000,,,,
1262,吉林,2014,2,Jilin,-11.08,2.8,57.86,71,14,67,47,139,1.8,70,93,41.25439808,179.89,27520000,,,,
1263,吉林,2014,3,Jilin,0.19,16.69,53.21,142,15,43,42,111,1.2,86,63,47.78280082,225.9,27520000,,,,
1264,吉林,2014,4,Jilin,9.92,8.79,41.76,234,16,23,43,122,0.9,104,53,50.88051092,250.98,27520000,,,,
1265,吉林,2014,5,Jilin,13.69,95.68,64.7,454,17,12,37,73,0.8,100,32,46.97993017,186.44,27520000,,,,
1266,吉林,2014,6,Jilin,20.28,122.39,70.23,573,18,10,42,76,0.8,110,35,40.95242426,207.94,27520000,,,,
1267,吉林,2014,7,Jilin,22.04,111.15,75.53,269,19,7,30,84,0.9,117,49,36.45600881,221.8,27520000,,,,
1268,吉林,2014,8,Jilin,21,76.03,75,128,20,10,37,77,0.8,126,35,40.09857041,243.47,27520000,,,,
1269,吉林,2014,9,Jilin,14.24,47.15,68.93,191,21,11,37,67,0.7,89,26,47.14765547,239.35,27520000,,,,
1270,吉林,2014,10,Jilin,7.22,24.14,56.6,380,22,23,55,189,1.2,96,129,50.41265196,186.47,27520000,,,,
1271,吉林,2014,11,Jilin,-0.9,8.34,57.21,640,23,46,46,135,1.1,56,83,45.85342627,175.5,27520000,,,,
1272,吉林,2014,12,Jilin,-13.83,10.31,66.62,563,24,62,39,103,1,49,72,37.81240192,136.45,27520000,,,,
1273,吉林,2015,1,Jilin,-13.32,6.19,65.86,223,25,65,44,115,1.4,50,81,33.90534357,153.1,27530000,,,,
1274,吉林,2015,2,Jilin,-8.93,16.47,63.14,68,26,44,35,110,1.3,69,70,39.74421274,170.13,27530000,,,,
1275,吉林,2015,3,Jilin,-0.74,14.89,53.62,151,27,28,30,92,1.1,94,49,45.82787254,222.97,27530000,,,,
1276,吉林,2015,4,Jilin,8.98,31.71,46.45,196,28,15,27,93,0.8,111,46,51.02119987,234.24,27530000,,,,
1277,吉林,2015,5,Jilin,14.64,70.93,54.23,336,29,9,22,79,0.6,115,32,46.86779216,232.32,27530000,,,,
1278,吉林,2015,6,Jilin,19.39,104.94,70.17,418,30,9,26,55,0.6,117,31,42.96851891,219.72,27530000,,,,
1279,吉林,2015,7,Jilin,22.22,102,73.37,256,31,8,22,57,0.7,112,31,38.15498078,241.68,27530000,,,,
1280,吉林,2015,8,Jilin,20.88,142.35,81.77,121,32,8,19,45,0.7,90,27,39.55655305,178.33,27530000,,,,
1281,吉林,2015,9,Jilin,15.14,29.76,73,131,33,12,27,56,0.8,84,28,44.36567334,220.97,27530000,,,,
1282,吉林,2015,10,Jilin,6.44,33.81,58.97,178,34,17,32,91,0.9,75,61,48.48169622,206.11,27530000,,,,
1283,吉林,2015,11,Jilin,-3.96,27.79,69.38,276,35,36,38,128,1.1,56,100,46.62772211,104.36,27530000,,,,
1284,吉林,2015,12,Jilin,-10.97,16.96,73.76,291,36,62,44,119,1.3,44,92,40.61420909,128.02,27530000,,,,
1285,吉林,2016,1,Jilin,-16.88,3.07,62.79,143,37,54,36,90,1.1,56,65,37.28726806,NA,27330000,,,,
1286,吉林,2016,2,Jilin,-9.93,13.05,58.83,53,38,39,27,73,1.1,72,49,41.78690399,183.72,27330000,,,,
1287,吉林,2016,3,Jilin,0.52,14.12,53.59,126,39,26,28,95,1,93,51,46.82882322,195.01,27330000,,,,
1288,吉林,2016,4,Jilin,8.28,41.35,48.48,129,40,12,23,83,0.8,105,33,52.84097951,193.73,27330000,,,,
1289,吉林,2016,5,Jilin,15.2,126.28,57.83,296,41,9,22,65,0.8,132,30,48.74342347,208.26,27330000,,,,
1290,吉林,2016,6,Jilin,19.04,136.75,70.97,388,42,8,24,46,0.7,127,27,44.04558253,197.22,27330000,,,,
1291,吉林,2016,7,Jilin,22.6,133.78,77.87,189,43,7,21,50,0.8,112,28,36.80340538,180.6,27330000,,,,
1292,吉林,2016,8,Jilin,21.66,127.98,77.07,69,44,8,22,47,0.8,99,23,39.78434055,NA,27330000,,,,
1293,吉林,2016,9,Jilin,15.59,103.32,80.97,84,45,8,24,50,0.9,81,27,46.24826725,NA,27330000,,,,
1294,吉林,2016,10,Jilin,5.67,1.41,68.06,143,46,13,31,68,1,67,42,51.48796815,NA,27330000,,,,
1295,吉林,2016,11,Jilin,-5.82,22.89,71.1,209,47,31,32,82,1.2,59,60,48.8274505,NA,27330000,,,,
1296,吉林,2016,12,Jilin,-10.49,18,72.41,285,48,48,39,96,1.5,50,71,42.18327275,NA,27330000,,,,
1297,吉林,2017,1,Jilin,-13.69,7.93,66.25,116,49,52,38,102,1.4,58,77,39.93217402,154.82,27170000,,,,
1298,吉林,2017,2,Jilin,-9.23,15.24,62.52,66,50,39,32,73,1.2,78,51,44.04341273,146.01,27170000,,,,
1299,吉林,2017,3,Jilin,-0.62,4.59,56.47,136,51,29,33,83,1.1,97,54,49.91168195,193.04,27170000,,,,
1300,吉林,2017,4,Jilin,9.16,27.99,46.53,192,52,15,27,84,1,107,42,53.15590993,232.26,27170000,,,,
1301,吉林,2017,5,Jilin,15.52,80.96,54.97,305,53,10,22,93,0.8,122,29,49.73572338,256.81,27170000,,,,
1302,吉林,2017,6,Jilin,19.16,49.06,66.62,473,54,10,27,47,0.8,119,23,43.04233226,215.94,27170000,,,,
1303,吉林,2017,7,Jilin,23.8,187.13,75.38,185,55,8,20,44,0.8,126,24,37.60831035,234.21,27170000,,,,
1304,吉林,2017,8,Jilin,21.27,156.53,78.87,60,56,7,17,33,0.8,84,16,42.52786646,194,27170000,,,,
1305,吉林,2017,9,Jilin,15.14,37.54,69.56,125,57,10,23,43,0.8,87,20,51.235748,223.29,27170000,,,,
1306,吉林,2017,10,Jilin,6.55,15.69,57.82,259,58,16,35,82,1,79,50,56.65166629,195.46,27170000,,,,
1307,吉林,2017,11,Jilin,-4.24,19.5,59.67,478,59,19,27,75,0.9,59,47,51.69013666,150.84,27170000,,,,
1308,吉林,2017,12,Jilin,-13.46,6.71,63.58,626,60,32,35,77,1.2,51,54,43.80351155,148.41,27170000,,,,
1309,吉林,2018,1,Jilin,-16.72,6.29,61.96,307,61,31,35,71,1.1,60,49,37.42489112,179.49,27040000,,,,
1310,吉林,2018,2,Jilin,-13.34,9.35,56.45,87,62,28,28,72,1,77,47,40.45672292,178.17,27040000,,,,
1311,吉林,2018,3,Jilin,-0.94,24.11,55.3,128,63,20,28,85,1,111,52,48.5009024,223.46,27040000,,,,
1312,吉林,2018,4,Jilin,9.64,26.68,44.22,202,64,11,22,87,0.7,123,39,55.48905539,194.07,27040000,,,,
1313,吉林,2018,5,Jilin,15.54,77.6,56.16,490,65,8,21,64,0.6,123,26,51.41960055,216.14,27040000,,,,
1314,吉林,2018,6,Jilin,20.37,118.73,69.49,456,66,7,20,44,0.7,131,23,43.66874993,195.33,27040000,,,,
1315,吉林,2018,7,Jilin,24.6,116.09,79.24,249,67,6,17,38,0.7,97,19,35.42562482,184.51,27040000,,,,
1316,吉林,2018,8,Jilin,21.6,217.97,81.91,52,68,6,17,30,0.7,81,14,41.27536982,161.7,27040000,,,,
1317,吉林,2018,9,Jilin,14.6,70.21,76.09,81,69,7,21,36,0.7,75,16,49.4010524,192.94,27040000,,,,
1318,吉林,2018,10,Jilin,6.87,41.07,66.28,177,70,9,27,49,0.8,67,23,57.57519918,192.1,27040000,,,,
1319,吉林,2018,11,Jilin,-1.97,20.2,63.66,316,71,14,30,60,0.9,54,34,52.45994063,170.15,27040000,,,,
1320,吉林,2018,12,Jilin,-11.64,6.62,55.54,440,72,18,28,65,0.9,53,40,43.05945946,174.87,27040000,,,,
1321,吉林,2019,1,Jilin,-9.9,0.4,51,142,73,23,41,92,1.07,47,63,38.6795998,194.1,26910000,,,,
1322,吉林,2019,2,Jilin,-7.5,3.9,42,53,74,23,39,94,0.98,73,80,44.30546045,176.7,26910000,,,,
1323,吉林,2019,3,Jilin,1.9,14.4,40,134,75,14,38,96,0.8,90,54,51.02210205,218.7,26910000,,,,
1324,吉林,2019,4,Jilin,9.4,0.5,33,175,76,7,32,94,0.6,106,33,54.36886314,260.7,26910000,,,,
1325,吉林,2019,5,Jilin,17.4,83.6,44,232,77,5,26,68,0.55,113,25,49.82221885,251.1,26910000,,,,
1326,吉林,2019,6,Jilin,20.3,205.4,67,299,78,5,31,40,0.58,115,19,44.65057894,282.6,26910000,,,,
1327,吉林,2019,7,Jilin,24.6,125.6,77,163,79,3,27,42,0.63,115,22,39.41832755,346.8,26910000,,,,
1328,吉林,2019,8,Jilin,21.7,169.7,87,47,80,3,23,27,0.61,67,13,42.97240858,295.2,26910000,,,,
1329,吉林,2019,9,Jilin,18.1,43.3,68,84,81,6,31,47,0.65,84,19,50.17777388,312.3,26910000,,,,
1330,吉林,2019,10,Jilin,9,22.2,55,124,82,8,39,66,0.75,66,32,57.60492989,267.5,26910000,,,,
1331,吉林,2019,11,Jilin,-2.8,19.9,52,283,83,14,33,48,0.64,44,27,52.94683064,196.6,26910000,,,,
1332,吉林,2019,12,Jilin,-11.5,21.3,73,331,84,21,44,78,0.98,42,70,43.37809577,208.3,26910000,,,,
1333,吉林,2020,1,Jilin,-12.5,5,78,114,85,26,51,119,1.26,61,116,31.09942957,238.4,23990000,,,,
1334,吉林,2020,2,Jilin,-7.8,3.6,66,11,86,15,22,50,0.67,75,43,29.81158089,235.7,23990000,,,,
1335,吉林,2020,3,Jilin,1.1,13.4,55,6,87,10,26,61,0.62,84,37,35.14610579,286.4,23990000,,,,
1336,吉林,2020,4,Jilin,7.9,20.6,46,3,88,9,42,128,0.9,111,107,44.49456488,203.7,23990000,,,,
1337,吉林,2020,5,Jilin,15.9,46.4,60,4,89,5,25,52,0.52,103,22,46.50718097,186,23990000,,,,
1338,吉林,2020,6,Jilin,21.8,50.8,62,3,90,5,31,40,0.5,115,18,52.49381518,218.5,23990000,,,,
1339,吉林,2020,7,Jilin,25,69.1,67,6,91,4,29,44,0.59,117,21,48.94981412,249.2,23990000,,,,
1340,吉林,2020,8,Jilin,23.2,124,78,6,92,3,23,32,0.6,84,14,49.89181134,174.3,23990000,,,,
1341,吉林,2020,9,Jilin,16.3,273.3,84,3,93,4,26,37,0.67,63,18,54.95121937,120.6,23990000,,,,
1342,吉林,2020,10,Jilin,7.8,21.5,56,17,94,8,32,56,0.71,61,29,56.68129396,232.5,23990000,,,,
1343,吉林,2020,11,Jilin,-1.4,34.3,66,22,95,12,37,60,0.77,43,42,61.74989998,188.8,23990000,,,,
1344,吉林,2020,12,Jilin,-12.2,NA,66,28,96,18,37,57,0.73,42,38,55.02967248,204.9,23990000,,,,
1345,內蒙古,2013,1,Inner Mongolia,-16.1,2.3,60.55,103,1,132,54,192,4.1,31,124,19.21480988,204.33,24980000,,,,
1346,內蒙古,2013,2,Inner Mongolia,-13.2,2.02,51.55,41,2,71,23,122,2.7,60,51,27.35369807,230.94,24980000,,,,
1347,內蒙古,2013,3,Inner Mongolia,-2.92,5.69,44.38,88,3,62,30,165,1.9,70,53,38.27647599,279.31,24980000,,,,
1348,內蒙古,2013,4,Inner Mongolia,4.62,14.42,40.83,127,4,38,30,158,1.4,78,43,40.80996077,276.63,24980000,,,,
1349,內蒙古,2013,5,Inner Mongolia,16.74,22.08,36.15,189,5,29,25,172,1.9,94,60,38.41215882,296.13,24980000,,,,
1350,內蒙古,2013,6,Inner Mongolia,19.79,81.21,53.91,279,6,26,28,123,1.9,97,54,33.77011663,243.99,24980000,,,,
1351,內蒙古,2013,7,Inner Mongolia,22.38,99.59,59.09,141,7,17,38,111,0.8,102,39,30.00648901,267.34,24980000,,,,
1352,內蒙古,2013,8,Inner Mongolia,20.85,71.79,59,46,8,22,44,116,0.8,95,44,33.15087537,252.22,24980000,,,,
1353,內蒙古,2013,9,Inner Mongolia,14.17,33.2,51.64,101,9,22,48,125,0.9,69,38,38.27288462,258.73,24980000,,,,
1354,內蒙古,2013,10,Inner Mongolia,5.8,11.79,51.51,155,10,37,55,175,1.4,58,66,42.3491295,231.18,24980000,,,,
1355,內蒙古,2013,11,Inner Mongolia,-3.3,2.96,53.6,279,11,50,38,142,2.7,30,68,37.76206198,196.24,24980000,,,,
1356,內蒙古,2013,12,Inner Mongolia,-11.16,1.76,58.23,302,12,85,50,146,3.2,16,68,32.33459273,196.09,24980000,,,,
1357,內蒙古,2014,1,Inner Mongolia,-12.56,1.6,48.87,113,13,89,46,138,2.4,39,62,29.25137323,209.24,25050000,,,,
1358,內蒙古,2014,2,Inner Mongolia,-11.68,3.19,52.06,46,14,71,40,127,1.8,52,69,34.08472454,196.79,25050000,,,,
1359,內蒙古,2014,3,Inner Mongolia,-0.42,2.15,36.89,113,15,59,37,136,1.3,71,42,39.45947018,280.63,25050000,,,,
1360,內蒙古,2014,4,Inner Mongolia,10.04,10.19,33.62,172,16,31,33,130,1.2,93,39,43.20291026,279.15,25050000,,,,
1361,內蒙古,2014,5,Inner Mongolia,14.06,41.7,42.45,320,17,27,27,130,1,103,35,40.17437961,262.84,25050000,,,,
1362,內蒙古,2014,6,Inner Mongolia,20.05,67.12,54,515,18,21,27,77,0.9,112,26,35.75982052,264.85,25050000,,,,
1363,內蒙古,2014,7,Inner Mongolia,22.56,74.67,56.34,300,19,23,29,84,1,132,34,31.34747387,274.34,25050000,,,,
1364,內蒙古,2014,8,Inner Mongolia,19.95,55.06,57.26,115,20,22,31,74,0.8,113,28,34.06664837,264.7,25050000,,,,
1365,內蒙古,2014,9,Inner Mongolia,13.97,38.05,55.09,225,21,25,35,85,0.9,92,30,39.23835031,245.84,25050000,,,,
1366,內蒙古,2014,10,Inner Mongolia,6.66,21.36,50.68,399,22,34,40,130,1.1,73,51,42.20666066,227.35,25050000,,,,
1367,內蒙古,2014,11,Inner Mongolia,-3.55,2.51,51.45,663,23,56,41,116,1.4,51,49,37.21725827,207.45,25050000,,,,
1368,內蒙古,2014,12,Inner Mongolia,-13.47,2.06,52.4,532,24,71,35,108,1.6,44,50,31.14763341,192.64,25050000,,,,
1369,內蒙古,2015,1,Inner Mongolia,-12.19,2.03,54.72,211,25,61,35,99,1.3,53,52,27.55104247,199.82,25110000,,,,
1370,內蒙古,2015,2,Inner Mongolia,-9,3.76,50.17,62,26,44,25,104,1,68,49,32.85882918,207.69,25110000,,,,
1371,內蒙古,2015,3,Inner Mongolia,-1.12,0.99,33.81,124,27,33,23,108,0.9,85,39,38.13990367,289,25110000,,,,
1372,內蒙古,2015,4,Inner Mongolia,7.56,20.66,38,203,28,20,21,92,0.7,100,35,41.99643391,265.74,25110000,,,,
1373,內蒙古,2015,5,Inner Mongolia,14.32,24.9,36.38,274,29,15,18,90,0.6,111,32,39.41016439,290.67,25110000,,,,
1374,內蒙古,2015,6,Inner Mongolia,18.94,68.76,52.68,408,30,12,18,73,0.6,120,32,35.25705295,258.58,25110000,,,,
1375,內蒙古,2015,7,Inner Mongolia,22.53,52.08,53.85,278,31,15,19,72,0.6,126,34,31.49952556,280.1,25110000,,,,
1376,內蒙古,2015,8,Inner Mongolia,20.94,55.97,56.04,88,32,14,19,69,0.6,106,27,33.91477185,268.05,25110000,,,,
1377,內蒙古,2015,9,Inner Mongolia,14.27,51.36,60.19,173,33,15,22,62,0.6,93,29,38.19782441,219.79,25110000,,,,
1378,內蒙古,2015,10,Inner Mongolia,6.03,11.18,47.66,265,34,21,26,80,0.7,79,35,41.74841263,248.34,25110000,,,,
1379,內蒙古,2015,11,Inner Mongolia,-5.51,11.99,65.45,386,35,34,30,91,1.1,53,55,37.73525611,148.09,25110000,,,,
1380,內蒙古,2015,12,Inner Mongolia,-11.72,4.57,65.36,383,36,45,36,103,1.3,49,63,33.08636077,172.93,25110000,,,,
1381,內蒙古,2016,1,Inner Mongolia,-18.05,1.59,58.04,203,37,38,26,67,1,59,38,29.71135596,217.7,25200000,,,,
1382,內蒙古,2016,2,Inner Mongolia,-11.79,3.85,54.21,65,38,33,20,71,0.9,76,36,33.0600632,216.61,25200000,,,,
1383,內蒙古,2016,3,Inner Mongolia,-0.53,4.64,42.36,121,39,26,24,106,0.8,90,42,37.31398403,250.95,25200000,,,,
1384,內蒙古,2016,4,Inner Mongolia,8.05,8.8,33.91,145,40,18,21,92,0.7,105,30,42.09196773,252.21,25200000,,,,
1385,內蒙古,2016,5,Inner Mongolia,14.79,26.84,35.72,268,41,14,19,95,0.6,120,34,39.51581637,271.55,25200000,,,,
1386,內蒙古,2016,6,Inner Mongolia,19.4,63.82,49.87,351,42,13,20,60,0.6,119,27,35.67357855,254.11,25200000,,,,
1387,內蒙古,2016,7,Inner Mongolia,23.53,70.35,55.51,208,43,12,20,58,0.6,129,30,30.96143457,265.28,25200000,,,,
1388,內蒙古,2016,8,Inner Mongolia,21.93,51.59,54.36,74,44,11,20,53,0.7,111,23,34.18945665,264.58,25200000,,,,
1389,內蒙古,2016,9,Inner Mongolia,14.91,49.26,61.3,128,45,16,25,56,0.7,94,25,39.42998792,187.38,25200000,,,,
1390,內蒙古,2016,10,Inner Mongolia,4.1,0.82,56.53,246,46,19,27,70,0.8,79,32,43.14965791,191.93,25200000,,,,
1391,內蒙古,2016,11,Inner Mongolia,-6.52,6.01,54.53,387,47,33,32,96,1,65,45,38.83579107,169.36,25200000,,,,
1392,內蒙古,2016,12,Inner Mongolia,-10.59,2.17,58.34,404,48,41,35,83,1.3,57,48,32.30654051,168.54,25200000,,,,
1393,內蒙古,2017,1,Inner Mongolia,-14.43,1.48,55.38,147,49,40,32,83,1.3,66,47,29.69560016,192.13,25290000,,,,
1394,內蒙古,2017,2,Inner Mongolia,-9.71,6.05,52.24,53,50,33,29,72,1.1,82,40,34.85063833,189.74,25290000,,,,
1395,內蒙古,2017,3,Inner Mongolia,-2.26,7.59,48.2,149,51,23,26,61,0.8,97,33,40.09168228,215.92,25290000,,,,
1396,內蒙古,2017,4,Inner Mongolia,8.46,5.86,33.22,196,52,17,23,81,0.7,108,27,43.64399205,281.86,25290000,,,,
1397,內蒙古,2017,5,Inner Mongolia,15.82,19,32.21,350,53,13,21,141,0.6,121,40,39.70565621,311.3,25290000,,,,
1398,內蒙古,2017,6,Inner Mongolia,20.46,34.85,42.96,450,54,14,23,65,0.6,133,26,35.84019697,287.86,25290000,,,,
1399,內蒙古,2017,7,Inner Mongolia,23.81,66.57,53.86,275,55,13,22,62,0.6,136,27,31.10121878,275.22,25290000,,,,
1400,內蒙古,2017,8,Inner Mongolia,19.87,89.34,61.29,93,56,13,20,50,0.6,114,22,34.01384436,242.98,25290000,,,,
1401,內蒙古,2017,9,Inner Mongolia,14.49,23.38,50.5,157,57,17,25,63,0.6,106,23,39.4285027,257.79,25290000,,,,
1402,內蒙古,2017,10,Inner Mongolia,4.86,13.86,52.87,278,58,18,30,68,0.7,78,33,43.74801096,216.27,25290000,,,,
1403,內蒙古,2017,11,Inner Mongolia,-6.64,3.74,49.49,533,59,23,28,76,0.8,65,30,39.97469413,205.06,25290000,,,,
1404,內蒙古,2017,12,Inner Mongolia,-13.81,1.71,53.15,528,60,27,30,70,1,58,34,33.05496903,192.71,25290000,,,,
1405,內蒙古,2018,1,Inner Mongolia,-17.24,2.28,54.25,236,61,24,25,64,0.9,65,29,27.82525748,194.27,25340000,,,,
1406,內蒙古,2018,2,Inner Mongolia,-13.82,2.01,47.53,44,62,23,21,73,0.8,80,32,33.97532805,216.41,25340000,,,,
1407,內蒙古,2018,3,Inner Mongolia,-0.07,6.03,41.76,138,63,22,26,121,0.8,100,42,39.77598688,257.33,25340000,,,,
1408,內蒙古,2018,4,Inner Mongolia,8.28,14.92,36.38,213,64,16,21,141,0.6,116,37,45.69617847,243.27,25340000,,,,
1409,內蒙古,2018,5,Inner Mongolia,16.13,24.63,36.93,396,65,13,21,104,0.5,133,31,40.53370508,289.17,25340000,,,,
1410,內蒙古,2018,6,Inner Mongolia,20.95,44.36,45.73,530,66,12,19,64,0.5,137,23,35.24406531,278.68,25340000,,,,
1411,內蒙古,2018,7,Inner Mongolia,23.24,129.99,67.57,271,67,10,17,56,0.7,132,27,29.19298071,240.59,25340000,,,,
1412,內蒙古,2018,8,Inner Mongolia,21.04,95.55,68.08,58,68,11,19,46,0.6,116,23,33.71255604,246.08,25340000,,,,
1413,內蒙古,2018,9,Inner Mongolia,12.55,53.05,59.44,123,69,12,21,51,0.6,95,22,40.18684862,228.99,25340000,,,,
1414,內蒙古,2018,10,Inner Mongolia,4.76,7.43,50.36,269,70,16,28,66,0.7,83,30,44.73015258,237.74,25340000,,,,
1415,內蒙古,2018,11,Inner Mongolia,-4.65,2.88,52.24,394,71,23,32,95,0.9,66,39,39.47628527,198.73,25340000,,,,
1416,內蒙古,2018,12,Inner Mongolia,-14.71,0.73,47.76,393,72,23,28,84,0.9,61,35,33.14916876,192.31,25340000,,,,
1417,內蒙古,2019,1,Inner Mongolia,-9.8,NA,38,191,73,30,51,99,1.73,46,54,29.87826963,154.5,25400000,,,,
1418,內蒙古,2019,2,Inner Mongolia,-7.5,6.3,45,52,74,22,40,86,1.29,69,52,34.95551025,174.1,25400000,,,,
1419,內蒙古,2019,3,Inner Mongolia,2,3.7,35,145,75,16,41,80,1.05,92,39,38.79497943,256.2,25400000,,,,
1420,內蒙古,2019,4,Inner Mongolia,10.9,17.3,36,174,76,11,34,96,0.79,107,29,42.48699966,242.5,25400000,,,,
1421,內蒙古,2019,5,Inner Mongolia,15.5,9.8,30,206,77,9,33,96,0.58,124,35,39.09667519,309.4,25400000,,,,
1422,內蒙古,2019,6,Inner Mongolia,21.4,47.9,46,314,78,8,26,44,0.66,142,20,35.85163911,251.1,25400000,,,,
1423,內蒙古,2019,7,Inner Mongolia,21.4,102.3,61,196,79,8,31,44,0.72,140,20,32.26100783,211.2,25400000,,,,
1424,內蒙古,2019,8,Inner Mongolia,19.6,91.3,59,59,80,8,27,33,0.63,115,14,35.68989067,260.3,25400000,,,,
1425,內蒙古,2019,9,Inner Mongolia,16.8,101.4,55,150,81,9,41,52,0.66,112,20,41.2035746,254.7,25400000,,,,
1426,內蒙古,2019,10,Inner Mongolia,8,18.3,51,257,82,13,44,96,0.9,76,47,44.99766812,230,25400000,,,,
1427,內蒙古,2019,11,Inner Mongolia,-0.5,7.1,53,485,83,18,45,93,1.27,49,45,38.76674982,194.2,25400000,,,,
1428,內蒙古,2019,12,Inner Mongolia,-9.7,6.8,65,362,84,22,55,105,1.85,38,78,31.7313131,189.3,25400000,,,,
1429,內蒙古,2020,1,Inner Mongolia,-10.5,4.1,69,139,85,26,69,190,2.63,45,164,23.01722901,168.7,24030000,,,,
1430,內蒙古,2020,2,Inner Mongolia,-4.1,5.5,49,13,86,21,33,90,1.3,82,56,25.0249373,187.3,24030000,,,,
1431,內蒙古,2020,3,Inner Mongolia,2.3,2.7,37,6,87,15,28,64,0.79,88,29,32.47001259,271.1,24030000,,,,
1432,內蒙古,2020,4,Inner Mongolia,9.3,NA,20,14,88,10,27,66,0.65,110,25,39.24081954,305.5,24030000,,,,
1433,內蒙古,2020,5,Inner Mongolia,16.5,27,35,12,89,8,22,103,0.54,113,28,41.08790115,267,24030000,,,,
1434,內蒙古,2020,6,Inner Mongolia,21.8,30.2,39,19,90,8,23,66,0.57,140,21,35.12854608,245.2,24030000,,,,
1435,內蒙古,2020,7,Inner Mongolia,21.7,84.1,62,14,91,7,23,40,0.69,139,18,34.43041649,228.6,24030000,,,,
1436,內蒙古,2020,8,Inner Mongolia,20,148.9,69,4,92,7,22,36,0.68,116,16,41.041594,210.6,24030000,,,,
1437,內蒙古,2020,9,Inner Mongolia,14.9,59.9,58,29,93,7,29,41,0.65,93,17,44.82157538,236.1,24030000,,,,
1438,內蒙古,2020,10,Inner Mongolia,6.1,5.3,39,49,94,12,37,85,0.8,72,30,46.75369184,270,24030000,,,,
1439,內蒙古,2020,11,Inner Mongolia,-1.1,1.5,50,55,95,13,38,78,1.04,59,40,39.37089511,210.2,24030000,,,,
1440,內蒙古,2020,12,Inner Mongolia,-12.9,0.5,57,73,96,17,40,89,1.35,43,49,40.20530106,217.5,24030000,,,,
1441,黑龍江,2013,1,Heilongjiang,-22.69,3.87,68.29,150,1,71,81,249,2,22,200,20.25155294,157.25,38350000,,,,
1442,黑龍江,2013,2,Heilongjiang,-18.64,8.79,65.43,43,2,54,54,116,1.2,40,88,30.31237529,184.07,38350000,,,,
1443,黑龍江,2013,3,Heilongjiang,-9.31,12.31,63.34,91,3,42,60,80,0.9,42,48,43.33700851,248.08,38350000,,,,
1444,黑龍江,2013,4,Heilongjiang,2.8,15.91,61.63,138,4,32,60,85,1,38,45,46.9320263,222.1,38350000,,,,
1445,黑龍江,2013,5,Heilongjiang,15.38,65.89,61.09,212,5,23,68,90,1,43,41,43.67830777,229.83,38350000,,,,
1446,黑龍江,2013,6,Heilongjiang,19.73,86.87,70.54,258,6,13,44,69,0.9,48,44,39.69729402,217.17,38350000,,,,
1447,黑龍江,2013,7,Heilongjiang,21.75,213.66,81.63,174,7,9,28,46,0.7,67,23,36.32626254,197.17,38350000,,,,
1448,黑龍江,2013,8,Heilongjiang,20.07,142.42,83.74,85,8,8,27,54,0.6,49,32,38.83587282,173.02,38350000,,,,
1449,黑龍江,2013,9,Heilongjiang,13.23,47.83,70.46,127,9,13,38,70,0.4,41,30,43.45518962,231.37,38350000,,,,
1450,黑龍江,2013,10,Heilongjiang,4.45,36.86,67.51,205,10,35,63,186,1.1,54,146,47.22110572,175.13,38350000,,,,
1451,黑龍江,2013,11,Heilongjiang,-4.72,33.25,72.06,338,11,66,53,125,1.1,37,89,43.94881849,125.83,38350000,,,,
1452,黑龍江,2013,12,Heilongjiang,-15.88,4.9,76.37,393,12,95,63,164,1.5,17,129,37.32524386,139.12,38350000,,,,
1453,黑龍江,2014,1,Heilongjiang,-21,3.61,67.4,156,13,68,46,122,1.2,40,97,33.73725384,166.21,38330000,,,,
1454,黑龍江,2014,2,Heilongjiang,-17.84,4.83,63.89,57,14,62,45,117,1.2,57,84,39.65026711,195.3,38330000,,,,
1455,黑龍江,2014,3,Heilongjiang,-3.88,3.93,60.34,148,15,41,37,77,0.8,75,48,45.82538949,269.23,38330000,,,,
1456,黑龍江,2014,4,Heilongjiang,8.47,5.45,43.49,261,16,23,32,87,0.6,99,39,49.19246147,280.9,38330000,,,,
1457,黑龍江,2014,5,Heilongjiang,12.9,90.95,67.89,358,17,11,24,50,0.6,86,24,44.0505425,164.3,38330000,,,,
1458,黑龍江,2014,6,Heilongjiang,20.97,73.65,68.83,484,18,10,23,55,0.5,90,26,39.57102044,237.94,38330000,,,,
1459,黑龍江,2014,7,Heilongjiang,21.36,146.42,79.97,245,19,10,23,72,0.6,94,48,36.76880796,180.76,38330000,,,,
1460,黑龍江,2014,8,Heilongjiang,20.13,92.31,80.6,154,20,10,24,46,0.5,87,24,39.04265267,218.17,38330000,,,,
1461,黑龍江,2014,9,Heilongjiang,13.21,73.11,73.31,181,21,12,24,44,0.5,66,20,46.10956884,213.62,38330000,,,,
1462,黑龍江,2014,10,Heilongjiang,3.53,26.6,60.51,430,22,27,36,104,0.8,67,73,48.32680407,189.93,38330000,,,,
1463,黑龍江,2014,11,Heilongjiang,-5.81,9.62,64.14,709,23,46,36,116,1,50,88,44.60426801,164.29,38330000,,,,
1464,黑龍江,2014,12,Heilongjiang,-19.17,13.35,71.03,588,24,63,35,91,1,42,66,36.50206502,126.41,38330000,,,,
1465,黑龍江,2015,1,Heilongjiang,-17.52,1.68,67.2,257,25,44,36,97,1.2,50,65,33.3610625,171.73,38120000,,,,
1466,黑龍江,2015,2,Heilongjiang,-12.66,14.62,68.71,93,26,37,33,91,1,67,54,38.24175862,166.69,38120000,,,,
1467,黑龍江,2015,3,Heilongjiang,-3.59,8.75,60.54,170,27,29,24,69,0.8,86,37,43.73195575,230.55,38120000,,,,
1468,黑龍江,2015,4,Heilongjiang,6.03,18.1,50.23,229,28,20,23,76,0.6,91,36,48.83655925,221.92,38120000,,,,
1469,黑龍江,2015,5,Heilongjiang,12,74.3,62.26,403,29,11,17,50,0.5,85,23,46.52104043,198.35,38120000,,,,
1470,黑龍江,2015,6,Heilongjiang,19.59,104.27,68.91,626,30,9,17,48,0.5,91,27,41.87713747,230.92,38120000,,,,
1471,黑龍江,2015,7,Heilongjiang,21.84,93.62,73.69,387,31,9,18,50,0.6,94,28,36.13903395,247,38120000,,,,
1472,黑龍江,2015,8,Heilongjiang,20.95,139.3,83.66,136,32,9,16,43,0.6,73,23,38.20632251,164.6,38120000,,,,
1473,黑龍江,2015,9,Heilongjiang,13.53,41.49,74.31,191,33,9,18,42,0.6,63,18,43.62813964,226.96,38120000,,,,
1474,黑龍江,2015,10,Heilongjiang,4.55,31.94,61.6,324,34,15,22,64,0.7,63,37,47.49673296,183.53,38120000,,,,
1475,黑龍江,2015,11,Heilongjiang,-8.46,4.31,65.49,428,35,23,29,102,1.1,50,75,44.54668505,156.27,38120000,,,,
1476,黑龍江,2015,12,Heilongjiang,-16.02,16.31,73.2,463,36,34,33,77,1.3,40,54,38.689258,132.75,38120000,,,,
1477,黑龍江,2016,1,Heilongjiang,-20.44,5.82,65.77,263,37,31,27,62,0.9,48,42,35.22686054,NA,37990000,,,,
1478,黑龍江,2016,2,Heilongjiang,-15.55,2.85,63.14,80,38,28,25,59,1,65,40,38.69770035,179.84,37990000,,,,
1479,黑龍江,2016,3,Heilongjiang,-2.81,10.88,56.69,169,39,19,21,66,0.9,76,36,43.09157291,189,37990000,,,,
1480,黑龍江,2016,4,Heilongjiang,5.36,24.32,51.51,170,40,13,18,63,0.7,83,30,49.27281333,188.29,37990000,,,,
1481,黑龍江,2016,5,Heilongjiang,13.8,71.97,55.69,347,41,12,18,52,0.6,95,25,45.73188941,185.94,37990000,,,,
1482,黑龍江,2016,6,Heilongjiang,17.87,125.91,74.29,453,42,12,17,38,0.6,79,20,41.90239643,156.29,37990000,,,,
1483,黑龍江,2016,7,Heilongjiang,22.42,80.25,75.06,241,43,10,19,40,0.7,79,20,35.67502175,227.52,37990000,,,,
1484,黑龍江,2016,8,Heilongjiang,20.3,69.99,73.71,98,44,10,18,40,0.7,65,16,38.17995308,224.74,37990000,,,,
1485,黑龍江,2016,9,Heilongjiang,14.72,105.52,78.91,112,45,10,19,40,0.7,57,19,44.19931251,123.9,37990000,,,,
1486,黑龍江,2016,10,Heilongjiang,1.43,0.96,60.63,209,46,13,23,54,0.7,56,30,48.59822777,172.61,37990000,,,,
1487,黑龍江,2016,11,Heilongjiang,-12.89,19.98,68.46,294,47,23,32,84,0.9,50,61,46.4474058,128.23,37990000,,,,
1488,黑龍江,2016,12,Heilongjiang,-16.79,5.07,69.77,396,48,30,34,82,1.1,44,56,39.53687706,126.44,37990000,,,,
1489,黑龍江,2017,1,Heilongjiang,-18.31,3.76,67.62,172,49,30,34,96,1.2,52,70,36.60216395,148.42,37890000,,,,
1490,黑龍江,2017,2,Heilongjiang,-12.62,6.52,62.45,72,50,21,25,59,0.8,73,39,39.98472991,172.44,37890000,,,,
1491,黑龍江,2017,3,Heilongjiang,-3.09,3.75,59.03,148,51,16,25,59,0.8,83,36,45.93783483,204.29,37890000,,,,
1492,黑龍江,2017,4,Heilongjiang,6.62,21.62,50.19,186,52,14,23,71,0.7,93,38,50.63506785,222.6,37890000,,,,
1493,黑龍江,2017,5,Heilongjiang,14.53,53.9,50.94,394,53,11,17,77,0.6,98,24,46.35845604,254.87,37890000,,,,
1494,黑龍江,2017,6,Heilongjiang,18.77,90.15,68.02,448,54,10,19,38,0.5,86,18,41.73062922,222.9,37890000,,,,
1495,黑龍江,2017,7,Heilongjiang,22.78,87.27,71.58,222,55,9,18,40,0.5,93,19,36.97013269,265.63,37890000,,,,
1496,黑龍江,2017,8,Heilongjiang,20.06,160.52,80.57,125,56,9,15,36,0.5,66,17,39.65754443,167.72,37890000,,,,
1497,黑龍江,2017,9,Heilongjiang,13.2,63.48,72.03,145,57,8,18,38,0.6,65,16,44.8760841,209.01,37890000,,,,
1498,黑龍江,2017,10,Heilongjiang,3.28,33.38,58.43,228,58,13,29,82,0.7,68,55,48.20847257,187.2,37890000,,,,
1499,黑龍江,2017,11,Heilongjiang,-9.35,13.94,64.51,323,59,16,26,76,0.7,54,54,46.32468259,144.24,37890000,,,,
1500,黑龍江,2017,12,Heilongjiang,-19.9,5.76,66.14,425,60,24,29,67,0.9,51,47,39.4627523,145.36,37890000,,,,
1501,黑龍江,2018,1,Heilongjiang,-21.26,5.06,64.83,166,61,24,29,66,0.9,60,46,35.44214103,169.68,37730000,,,,
1502,黑龍江,2018,2,Heilongjiang,-18.68,3.54,62.23,59,62,22,25,66,0.8,75,43,38.93829922,198.89,37730000,,,,
1503,黑龍江,2018,3,Heilongjiang,-5.6,13.33,56.19,102,63,17,25,69,0.7,101,40,46.30512174,242.72,37730000,,,,
1504,黑龍江,2018,4,Heilongjiang,6.86,NA,45.39,155,64,9,22,78,0.6,111,39,51.93344812,218.75,37730000,,,,
1505,黑龍江,2018,5,Heilongjiang,14.55,33.04,52.69,342,65,7,18,51,0.5,112,21,48.69026764,266.5,37730000,,,,
1506,黑龍江,2018,6,Heilongjiang,18.95,124.07,71.61,428,66,7,16,36,0.5,100,16,42.38226982,208.41,37730000,,,,
1507,黑龍江,2018,7,Heilongjiang,22.89,188.18,82.55,241,67,6,16,35,0.6,85,18,35.49416149,188.56,37730000,,,,
1508,黑龍江,2018,8,Heilongjiang,19.63,125.99,81.34,70,68,6,15,32,0.5,62,14,38.39894008,204.02,37730000,,,,
1509,黑龍江,2018,9,Heilongjiang,13.5,85.69,72.31,98,69,6,17,39,0.5,67,16,45.10590311,213.32,37730000,,,,
1510,黑龍江,2018,10,Heilongjiang,6.22,20.91,63.69,158,70,9,22,50,0.6,62,20,52.56693878,198.11,37730000,,,,
1511,黑龍江,2018,11,Heilongjiang,-6.3,18.53,64.89,362,71,13,26,57,0.7,52,28,49.82727932,170.94,37730000,,,,
1512,黑龍江,2018,12,Heilongjiang,-15.93,3.33,59.24,520,72,16,24,62,0.7,54,37,42.49100426,166.77,37730000,,,,
1513,黑龍江,2019,1,Heilongjiang,-13.3,1.8,60,238,73,35,44,106,1.22,44,75,36.13759567,148.1,37510000,,,,
1514,黑龍江,2019,2,Heilongjiang,-9.3,NA,43,77,74,30,41,119,1.08,68,106,40.556401,168.7,37510000,,,,
1515,黑龍江,2019,3,Heilongjiang,0.1,12.4,46,157,75,19,38,94,0.89,83,54,45.72583659,225.1,37510000,,,,
1516,黑龍江,2019,4,Heilongjiang,8.5,12.9,42,228,76,13,28,108,0.61,98,36,49.21033602,245.2,37510000,,,,
1517,黑龍江,2019,5,Heilongjiang,15.5,88.3,54,233,77,11,25,66,0.57,106,24,46.48756038,226.5,37510000,,,,
1518,黑龍江,2019,6,Heilongjiang,19.8,86.3,68,370,78,8,27,34,0.54,99,14,41.67094099,234.5,37510000,,,,
1519,黑龍江,2019,7,Heilongjiang,23.7,161.7,83,224,79,8,27,40,0.61,100,19,36.62859566,184.5,37510000,,,,
1520,黑龍江,2019,8,Heilongjiang,20.7,157.2,88,53,80,8,22,27,0.56,54,12,39.00492732,108.8,37510000,,,,
1521,黑龍江,2019,9,Heilongjiang,17,69.5,70,86,81,9,28,42,0.63,79,16,45.37019093,277,37510000,,,,
1522,黑龍江,2019,10,Heilongjiang,8.3,7.8,56,149,82,13,34,61,0.67,66,27,51.29434054,238.8,37510000,,,,
1523,黑龍江,2019,11,Heilongjiang,-4.9,10.6,58,212,83,15,30,44,0.62,45,27,48.78087973,213.1,37510000,,,,
1524,黑龍江,2019,12,Heilongjiang,-15.6,15,72,306,84,29,46,103,1.03,37,91,39.31327828,210,37510000,,,,
1525,黑龍江,2020,1,Heilongjiang,-16.9,3.2,74,134,85,43,61,164,1.35,60,155,26.87598382,235.3,31710000,,,,
1526,黑龍江,2020,2,Heilongjiang,-11.4,8.3,72,4,86,27,26,67,0.79,87,60,32.65755831,243.1,31710000,,,,
1527,黑龍江,2020,3,Heilongjiang,-1.1,6.9,62,5,87,16,25,55,0.62,96,41,27.50676893,307.9,31710000,,,,
1528,黑龍江,2020,4,Heilongjiang,7.5,6.3,48,2,88,16,34,100,0.75,104,91,23.86294558,324.9,31710000,,,,
1529,黑龍江,2020,5,Heilongjiang,15.6,77.6,61,-,89,13,24,48,0.52,110,21,66.82959112,364,31710000,,,,
1530,黑龍江,2020,6,Heilongjiang,19.9,199.8,75,2,90,11,23,30,0.52,99,12,76.51533976,340.2,31710000,,,,
1531,黑龍江,2020,7,Heilongjiang,24.4,116,78,6,91,10,27,42,0.62,114,18,94.05253285,387.6,31710000,,,, 
1532,黑龍江,2020,8,Heilongjiang,21.7,146.1,86,8,92,10,22,30,0.57,81,12,42.28494026,295.4,31710000,,,,
1533,黑龍江,2020,9,Heilongjiang,16.3,174.1,85,9,93,11,26,36,0.66,61,15,45.67042745,240.8,31710000,,,,
1534,黑龍江,2020,10,Heilongjiang,7.2,13.6,64,5,94,12,32,54,0.7,59,24,52.06633688,243.2,31710000,,,,
1535,黑龍江,2020,11,Heilongjiang,-3.3,31,67,25,95,18,39,71,0.8,47,52,47.09494584,213.6,31710000,,,,
1536,黑龍江,2020,12,Heilongjiang,-15.2,0.4,68,26,96,23,43,76,0.88,47,61,48.23556163,225.4,31710000,,,,
